sku_id,week_start,category,subcategory,units_sold,revenue,avg_price,promo_days,holiday_days,on_hand_units,on_order_units,lead_time_days,reorder_point,unit_cost,list_price
SKU0001,2024-08-05,Small Appliances,Climate,86,728629.8400000001,8472.44,0,0,,,,,3476.81,8472.44
SKU0001,2024-08-12,Small Appliances,Climate,160,1355590.4,8472.44,0,1,2122.0,1481.0,21.0,771.0,3476.81,8472.44
SKU0001,2024-08-19,Small Appliances,Climate,144,1220031.36,8472.44,0,0,1983.0,0.0,21.0,771.0,3476.81,8472.44
SKU0001,2024-08-26,Small Appliances,Climate,157,1330173.08,8472.44,0,0,1855.0,0.0,21.0,771.0,3476.81,8472.44
SKU0001,2024-09-02,Small Appliances,Climate,123,1042110.12,8472.44,0,0,1727.0,0.0,21.0,771.0,3476.81,8472.44
SKU0001,2024-09-09,Small Appliances,Climate,115,974330.6,8472.44,0,0,1604.0,0.0,21.0,771.0,3476.81,8472.44
SKU0001,2024-09-16,Small Appliances,Climate,131,1109889.64,8472.44,0,0,1495.0,0.0,21.0,771.0,3476.81,8472.44
SKU0001,2024-09-23,Small Appliances,Climate,120,1016692.8,8472.44,0,0,1379.0,0.0,21.0,771.0,3476.81,8472.44
SKU0001,2024-09-30,Small Appliances,Climate,123,1042110.12,8472.44,0,1,1252.0,0.0,21.0,771.0,3476.81,8472.44
SKU0001,2024-10-07,Small Appliances,Climate,123,1042110.12,8472.44,0,0,1144.0,0.0,21.0,771.0,3476.81,8472.44
SKU0001,2024-10-14,Small Appliances,Climate,150,1199032.35,8195.09,1,0,1037.0,0.0,21.0,771.0,3476.81,8472.44
SKU0001,2024-10-21,Small Appliances,Climate,255,1777649.86,6964.877142857143,7,0,915.0,0.0,21.0,771.0,3476.81,8472.44
SKU0001,2024-10-28,Small Appliances,Climate,144,1143859.6,7979.5085714285715,2,0,770.0,1493.0,21.0,771.0,3476.81,8472.44
SKU0001,2024-11-04,Small Appliances,Climate,118,999747.92,8472.44,0,0,625.0,1180.0,21.0,771.0,3476.81,8472.44
SKU0001,2024-11-11,Small Appliances,Climate,159,1347117.9600000002,8472.44,0,1,455.0,0.0,21.0,771.0,3476.81,8472.44
SKU0001,2024-11-18,Small Appliances,Climate,175,1482677.0,8472.44,0,0,271.0,0.0,21.0,771.0,3476.81,8472.44
SKU0001,2024-11-25,Small Appliances,Climate,242,1675420.9,7000.245714285715,6,0,125.0,1108.0,21.0,771.0,3476.81,8472.44
SKU0001,2024-12-02,Small Appliances,Climate,141,1194614.04,8472.44,0,0,0.0,0.0,21.0,771.0,3476.81,8472.44
SKU0001,2024-12-09,Small Appliances,Climate,159,1347117.96,8472.44,0,0,0.0,1137.0,21.0,771.0,3476.81,8472.44
SKU0001,2024-12-16,Small Appliances,Climate,185,1567401.4,8472.44,0,0,0.0,0.0,21.0,771.0,3476.81,8472.44
SKU0001,2024-12-23,Small Appliances,Climate,176,1491149.4400000002,8472.44,0,1,0.0,951.0,21.0,771.0,3476.81,8472.44
SKU0001,2024-12-30,Small Appliances,Climate,206,1745322.64,8472.44,0,1,0.0,0.0,21.0,771.0,3476.81,8472.44
SKU0001,2025-01-06,Small Appliances,Climate,217,1838519.48,8472.44,0,0,0.0,0.0,21.0,771.0,3476.81,8472.44
SKU0001,2025-01-13,Small Appliances,Climate,312,2290162.81,7405.3,5,0,0.0,1017.0,21.0,771.0,3476.81,8472.44
SKU0001,2025-01-20,Small Appliances,Climate,288,2193812.58,7732.578571428572,3,1,0.0,1413.0,21.0,771.0,3476.81,8472.44
SKU0001,2025-01-27,Small Appliances,Climate,247,2092692.68,8472.44,0,0,0.0,1127.0,21.0,771.0,3476.81,8472.44
SKU0001,2025-02-03,Small Appliances,Climate,263,2228251.72,8472.44,0,0,1272.0,1272.0,21.0,771.0,3476.81,8472.44
SKU0001,2025-02-10,Small Appliances,Climate,267,2262141.4800000004,8472.44,0,0,1015.0,0.0,21.0,771.0,3476.81,8472.44
SKU0001,2025-02-17,Small Appliances,Climate,261,2211306.8400000003,8472.44,0,0,1831.0,1078.0,21.0,771.0,3476.81,8472.44
SKU0001,2025-02-24,Small Appliances,Climate,270,2287558.8000000003,8472.44,0,0,1590.0,0.0,21.0,771.0,3476.81,8472.44
SKU0001,2025-03-03,Small Appliances,Climate,244,2067275.36,8472.44,0,0,1344.0,0.0,21.0,771.0,3476.81,8472.44
SKU0001,2025-03-10,Small Appliances,Climate,266,2253669.04,8472.44,0,0,1045.0,0.0,21.0,771.0,3476.81,8472.44
SKU0001,2025-03-17,Small Appliances,Climate,291,2465480.04,8472.44,0,0,2044.0,1292.0,21.0,771.0,3476.81,8472.44
SKU0001,2025-03-24,Small Appliances,Climate,242,2050330.48,8472.44,0,0,1764.0,0.0,21.0,771.0,3476.81,8472.44
SKU0001,2025-03-31,Small Appliances,Climate,254,2151999.76,8472.44,0,0,1490.0,0.0,21.0,771.0,3476.81,8472.44
SKU0001,2025-04-07,Small Appliances,Climate,241,2041858.04,8472.44,0,0,1190.0,0.0,21.0,771.0,3476.81,8472.44
SKU0001,2025-04-14,Small Appliances,Climate,253,2143527.3200000003,8472.44,0,0,894.0,0.0,21.0,771.0,3476.81,8472.44
SKU0001,2025-04-21,Small Appliances,Climate,269,2279086.3600000003,8472.44,0,0,616.0,0.0,21.0,771.0,3476.81,8472.44
SKU0001,2025-04-28,Small Appliances,Climate,286,2423117.8400000003,8472.44,0,0,366.0,0.0,21.0,771.0,3476.81,8472.44
SKU0001,2025-05-05,Small Appliances,Climate,260,2202834.4,8472.44,0,0,103.0,0.0,21.0,771.0,3476.81,8472.44
SKU0001,2025-05-12,Small Appliances,Climate,225,1906299.0,8472.44,0,0,0.0,1161.0,21.0,771.0,3476.81,8472.44
SKU0001,2025-05-19,Small Appliances,Climate,223,1889354.12,8472.44,0,0,0.0,0.0,21.0,771.0,3476.81,8472.44
SKU0001,2025-05-26,Small Appliances,Climate,240,1975546.84,8229.42,1,0,0.0,0.0,21.0,771.0,3476.81,8472.44
SKU0001,2025-06-02,Small Appliances,Climate,406,2889031.71,7059.117142857142,7,0,0.0,1224.0,21.0,771.0,3476.81,8472.44
SKU0001,2025-06-09,Small Appliances,Climate,206,1745322.64,8472.44,0,0,0.0,0.0,21.0,771.0,3476.81,8472.44
SKU0001,2025-06-16,Small Appliances,Climate,211,1787684.84,8472.44,0,0,975.0,975.0,21.0,771.0,3476.81,8472.44
SKU0001,2025-06-23,Small Appliances,Climate,198,1677543.12,8472.44,0,0,678.0,1175.0,21.0,771.0,3476.81,8472.44
SKU0001,2025-06-30,Small Appliances,Climate,208,1762267.52,8472.44,0,0,434.0,1130.0,21.0,771.0,3476.81,8472.44
SKU0001,2025-07-07,Small Appliances,Climate,232,1965606.08,8472.44,0,0,221.0,1186.0,21.0,771.0,3476.81,8472.44
SKU0001,2025-07-14,Small Appliances,Climate,168,1423369.9200000002,8472.44,0,0,0.0,0.0,21.0,771.0,3476.81,8472.44
SKU0001,2025-07-21,Small Appliances,Climate,178,1508094.32,8472.44,0,0,977.0,977.0,21.0,771.0,3476.81,8472.44
SKU0001,2025-07-28,Small Appliances,Climate,197,1669070.6800000002,8472.44,0,0,1923.0,1154.0,21.0,771.0,3476.81,8472.44
SKU0001,2025-08-04,Small Appliances,Climate,192,1626708.48,8472.44,0,0,1758.0,0.0,21.0,771.0,3476.81,8472.44
SKU0001,2025-08-11,Small Appliances,Climate,159,1347117.96,8472.44,0,1,1583.0,0.0,21.0,771.0,3476.81,8472.44
SKU0001,2025-08-18,Small Appliances,Climate,160,1355590.4,8472.44,0,0,1380.0,0.0,21.0,771.0,3476.81,8472.44
SKU0001,2025-08-25,Small Appliances,Climate,155,1313228.2000000002,8472.44,0,0,1221.0,0.0,21.0,771.0,3476.81,8472.44
SKU0001,2025-09-01,Small Appliances,Climate,154,1304755.7600000002,8472.44,0,0,1055.0,0.0,21.0,771.0,3476.81,8472.44
SKU0001,2025-09-08,Small Appliances,Climate,143,1211558.9200000002,8472.44,0,0,896.0,0.0,21.0,771.0,3476.81,8472.44
SKU0001,2025-09-15,Small Appliances,Climate,142,1203086.48,8472.44,0,0,727.0,1322.0,21.0,771.0,3476.81,8472.44
SKU0001,2025-09-22,Small Appliances,Climate,162,1372535.28,8472.44,0,0,1946.0,1368.0,21.0,771.0,3476.81,8472.44
SKU0001,2025-09-29,Small Appliances,Climate,147,1245448.6800000002,8472.44,0,1,1821.0,0.0,21.0,771.0,3476.81,8472.44
SKU0001,2025-10-06,Small Appliances,Climate,143,1211558.92,8472.44,0,0,1683.0,0.0,21.0,771.0,3476.81,8472.44
SKU0001,2025-10-13,Small Appliances,Climate,134,1135306.96,8472.44,0,0,1543.0,0.0,21.0,771.0,3476.81,8472.44
SKU0001,2025-10-20,Small Appliances,Climate,266,1855051.35,6964.238571428571,7,0,1404.0,0.0,21.0,771.0,3476.81,8472.44
SKU0001,2025-10-27,Small Appliances,Climate,163,1295380.57,8055.519999999999,3,0,1215.0,0.0,21.0,771.0,3476.81,8472.44
SKU0001,2025-11-03,Small Appliances,Climate,145,1228503.8,8472.44,0,0,1016.0,0.0,21.0,771.0,3476.81,8472.44
SKU0001,2025-11-10,Small Appliances,Climate,184,1558928.9600000002,8472.44,0,1,831.0,0.0,21.0,771.0,3476.81,8472.44
SKU0001,2025-11-17,Small Appliances,Climate,164,1389480.16,8472.44,0,0,670.0,0.0,21.0,771.0,3476.81,8472.44
SKU0001,2025-11-24,Small Appliances,Climate,260,1838582.4,7211.947142857142,6,0,491.0,1219.0,21.0,771.0,3476.81,8472.44
SKU0001,2025-12-01,Small Appliances,Climate,182,1541984.08,8472.44,0,0,291.0,0.0,21.0,771.0,3476.81,8472.44
SKU0001,2025-12-08,Small Appliances,Climate,158,1338645.52,8472.44,0,0,87.0,1064.0,21.0,771.0,3476.81,8472.44
SKU0001,2025-12-15,Small Appliances,Climate,208,1762267.52,8472.44,0,0,0.0,1503.0,21.0,771.0,3476.81,8472.44
SKU0001,2025-12-22,Small Appliances,Climate,240,2033385.6,8472.44,0,1,0.0,0.0,21.0,771.0,3476.81,8472.44
SKU0002,2024-08-12,Furniture,Storage,113,512401.89,4534.53,0,1,,,,,1671.95,4534.53
SKU0002,2024-08-19,Furniture,Storage,108,489729.24,4534.53,0,0,217.0,0.0,10.0,311.0,1671.95,4534.53
SKU0002,2024-08-26,Furniture,Storage,125,566816.25,4534.53,0,0,94.0,494.0,10.0,311.0,1671.95,4534.53
SKU0002,2024-09-02,Furniture,Storage,124,562281.72,4534.53,0,0,0.0,0.0,10.0,311.0,1671.95,4534.53
SKU0002,2024-09-09,Furniture,Storage,107,485194.71,4534.53,0,0,0.0,0.0,10.0,311.0,1671.95,4534.53
SKU0002,2024-09-16,Furniture,Storage,127,575885.3099999999,4534.53,0,0,461.0,461.0,10.0,311.0,1671.95,4534.53
SKU0002,2024-09-23,Furniture,Storage,104,471591.12,4534.53,0,0,350.0,0.0,10.0,311.0,1671.95,4534.53
SKU0002,2024-09-30,Furniture,Storage,110,498798.3,4534.53,0,1,240.0,421.0,10.0,311.0,1671.95,4534.53
SKU0002,2024-10-07,Furniture,Storage,109,494263.77,4534.53,0,0,142.0,0.0,10.0,311.0,1671.95,4534.53
SKU0002,2024-10-14,Furniture,Storage,163,712536.63,4461.475714285714,1,0,38.0,0.0,10.0,311.0,1671.95,4534.53
SKU0002,2024-10-21,Furniture,Storage,218,817755.75,3749.428571428572,7,0,0.0,0.0,10.0,311.0,1671.95,4534.53
SKU0002,2024-10-28,Furniture,Storage,158,661845.48,4323.75,2,0,0.0,397.0,10.0,311.0,1671.95,4534.53
SKU0002,2024-11-04,Furniture,Storage,127,575885.3099999999,4534.53,0,0,0.0,0.0,10.0,311.0,1671.95,4534.53
SKU0002,2024-11-11,Furniture,Storage,92,417176.76,4534.53,0,1,0.0,373.0,10.0,311.0,1671.95,4534.53
SKU0002,2024-11-18,Furniture,Storage,127,575885.3099999999,4534.53,0,0,0.0,495.0,10.0,311.0,1671.95,4534.53
SKU0002,2024-11-25,Furniture,Storage,233,896411.53,3863.827142857143,6,0,0.0,444.0,10.0,311.0,1671.95,4534.53
SKU0002,2024-12-02,Furniture,Storage,126,571350.78,4534.53,0,0,0.0,417.0,10.0,311.0,1671.95,4534.53
SKU0002,2024-12-09,Furniture,Storage,152,689248.5599999999,4534.53,0,0,0.0,0.0,10.0,311.0,1671.95,4534.53
SKU0002,2024-12-16,Furniture,Storage,135,612161.5499999999,4534.53,0,0,0.0,621.0,10.0,311.0,1671.95,4534.53
SKU0002,2024-12-23,Furniture,Storage,183,829818.99,4534.53,0,1,556.0,556.0,10.0,311.0,1671.95,4534.53
SKU0002,2024-12-30,Furniture,Storage,171,775404.6299999999,4534.53,0,1,421.0,0.0,10.0,311.0,1671.95,4534.53
SKU0002,2025-01-06,Furniture,Storage,173,784473.69,4534.53,0,0,292.0,0.0,10.0,311.0,1671.95,4534.53
SKU0002,2025-01-13,Furniture,Storage,330,1294449.52,4044.614285714285,5,0,134.0,0.0,10.0,311.0,1671.95,4534.53
SKU0002,2025-01-20,Furniture,Storage,312,1293783.86,4266.118571428571,3,1,0.0,0.0,10.0,311.0,1671.95,4534.53
SKU0002,2025-01-27,Furniture,Storage,200,906906.0,4534.53,0,0,0.0,0.0,10.0,311.0,1671.95,4534.53
SKU0002,2025-02-03,Furniture,Storage,222,1006665.66,4534.53,0,0,513.0,513.0,10.0,311.0,1671.95,4534.53
SKU0002,2025-02-10,Furniture,Storage,165,748197.45,4534.53,0,0,263.0,531.0,10.0,311.0,1671.95,4534.53
SKU0002,2025-02-17,Furniture,Storage,221,1002131.13,4534.53,0,0,50.0,523.0,10.0,311.0,1671.95,4534.53
SKU0002,2025-02-24,Furniture,Storage,199,902371.47,4534.53,0,0,0.0,0.0,10.0,311.0,1671.95,4534.53
SKU0002,2025-03-03,Furniture,Storage,216,979458.48,4534.53,0,0,0.0,0.0,10.0,311.0,1671.95,4534.53
SKU0002,2025-03-10,Furniture,Storage,228,1033872.84,4534.53,0,0,0.0,405.0,10.0,311.0,1671.95,4534.53
SKU0002,2025-03-17,Furniture,Storage,211,956785.83,4534.53,0,0,0.0,0.0,10.0,311.0,1671.95,4534.53
SKU0002,2025-03-24,Furniture,Storage,198,897836.94,4534.53,0,0,0.0,535.0,10.0,311.0,1671.95,4534.53
SKU0002,2025-03-31,Furniture,Storage,257,1165374.21,4534.53,0,0,0.0,0.0,10.0,311.0,1671.95,4534.53
SKU0002,2025-04-07,Furniture,Storage,199,902371.47,4534.53,0,0,0.0,0.0,10.0,311.0,1671.95,4534.53
SKU0002,2025-04-14,Furniture,Storage,224,1015734.72,4534.53,0,0,0.0,0.0,10.0,311.0,1671.95,4534.53
SKU0002,2025-04-21,Furniture,Storage,252,1142701.56,4534.53,0,0,519.0,519.0,10.0,311.0,1671.95,4534.53
SKU0002,2025-04-28,Furniture,Storage,235,1065614.5499999998,4534.53,0,0,320.0,0.0,10.0,311.0,1671.95,4534.53
SKU0002,2025-05-05,Furniture,Storage,191,866095.23,4534.53,0,0,126.0,0.0,10.0,311.0,1671.95,4534.53
SKU0002,2025-05-12,Furniture,Storage,178,807146.34,4534.53,0,0,0.0,0.0,10.0,311.0,1671.95,4534.53
SKU0002,2025-05-19,Furniture,Storage,192,870629.76,4534.53,0,0,0.0,493.0,10.0,311.0,1671.95,4534.53
SKU0002,2025-05-26,Furniture,Storage,258,1106514.24,4413.778571428571,1,0,0.0,0.0,10.0,311.0,1671.95,4534.53
SKU0002,2025-06-02,Furniture,Storage,437,1632769.72,3729.118571428571,7,0,0.0,0.0,10.0,311.0,1671.95,4534.53
SKU0002,2025-06-09,Furniture,Storage,182,825284.46,4534.53,0,0,0.0,0.0,10.0,311.0,1671.95,4534.53
SKU0002,2025-06-16,Furniture,Storage,176,798077.2799999999,4534.53,0,0,484.0,484.0,10.0,311.0,1671.95,4534.53
SKU0002,2025-06-23,Furniture,Storage,182,825284.46,4534.53,0,0,230.0,0.0,10.0,311.0,1671.95,4534.53
SKU0002,2025-06-30,Furniture,Storage,185,838888.0499999999,4534.53,0,0,13.0,472.0,10.0,311.0,1671.95,4534.53
SKU0002,2025-07-07,Furniture,Storage,165,748197.45,4534.53,0,0,0.0,0.0,10.0,311.0,1671.95,4534.53
SKU0002,2025-07-14,Furniture,Storage,169,766335.57,4534.53,0,0,0.0,0.0,10.0,311.0,1671.95,4534.53
SKU0002,2025-07-21,Furniture,Storage,168,761801.04,4534.53,0,0,0.0,0.0,10.0,311.0,1671.95,4534.53
SKU0002,2025-07-28,Furniture,Storage,113,512401.89,4534.53,0,0,0.0,408.0,10.0,311.0,1671.95,4534.53
SKU0002,2025-08-04,Furniture,Storage,131,594023.4299999999,4534.53,0,0,0.0,397.0,10.0,311.0,1671.95,4534.53
SKU0002,2025-08-11,Furniture,Storage,121,548678.13,4534.53,0,1,0.0,0.0,10.0,311.0,1671.95,4534.53
SKU0002,2025-08-18,Furniture,Storage,103,467056.59,4534.53,0,0,547.0,547.0,10.0,311.0,1671.95,4534.53
SKU0002,2025-08-25,Furniture,Storage,124,562281.72,4534.53,0,0,429.0,0.0,10.0,311.0,1671.95,4534.53
SKU0002,2025-09-01,Furniture,Storage,138,625765.14,4534.53,0,0,304.0,601.0,10.0,311.0,1671.95,4534.53
SKU0002,2025-09-08,Furniture,Storage,108,489729.24,4534.53,0,0,173.0,0.0,10.0,311.0,1671.95,4534.53
SKU0002,2025-09-15,Furniture,Storage,97,439849.41,4534.53,0,0,39.0,0.0,10.0,311.0,1671.95,4534.53
SKU0002,2025-09-22,Furniture,Storage,105,476125.65,4534.53,0,0,0.0,523.0,10.0,311.0,1671.95,4534.53
SKU0002,2025-09-29,Furniture,Storage,124,562281.72,4534.53,0,1,0.0,0.0,10.0,311.0,1671.95,4534.53
SKU0002,2025-10-06,Furniture,Storage,115,521470.95,4534.53,0,0,0.0,555.0,10.0,311.0,1671.95,4534.53
SKU0002,2025-10-13,Furniture,Storage,122,553212.6599999999,4534.53,0,0,0.0,0.0,10.0,311.0,1671.95,4534.53
SKU0002,2025-10-20,Furniture,Storage,249,926369.31,3728.9185714285713,7,0,511.0,511.0,10.0,311.0,1671.95,4534.53
SKU0002,2025-10-27,Furniture,Storage,147,584012.57,4147.262857142857,3,0,358.0,0.0,10.0,311.0,1671.95,4534.53
SKU0002,2025-11-03,Furniture,Storage,113,512401.89,4534.53,0,0,215.0,0.0,10.0,311.0,1671.95,4534.53
SKU0002,2025-11-10,Furniture,Storage,110,498798.3,4534.53,0,1,52.0,0.0,10.0,311.0,1671.95,4534.53
SKU0002,2025-11-17,Furniture,Storage,132,598557.96,4534.53,0,0,0.0,0.0,10.0,311.0,1671.95,4534.53
SKU0002,2025-11-24,Furniture,Storage,269,1040179.93,3910.7242857142855,6,0,0.0,516.0,10.0,311.0,1671.95,4534.53
SKU0002,2025-12-01,Furniture,Storage,116,526005.48,4534.53,0,0,0.0,0.0,10.0,311.0,1671.95,4534.53
SKU0002,2025-12-08,Furniture,Storage,143,648437.7899999999,4534.53,0,0,0.0,0.0,10.0,311.0,1671.95,4534.53
SKU0002,2025-12-15,Furniture,Storage,148,671110.44,4534.53,0,0,0.0,433.0,10.0,311.0,1671.95,4534.53
SKU0002,2025-12-22,Furniture,Storage,145,657506.85,4534.53,0,1,549.0,549.0,10.0,311.0,1671.95,4534.53
SKU0003,2024-04-22,Decor,Rugs,360,1419570.0,3943.25,0,0,,,,,2351.96,3943.25
SKU0003,2024-04-29,Decor,Rugs,438,1727143.5,3943.25,0,0,450.0,0.0,14.0,1052.0,2351.96,3943.25
SKU0003,2024-05-06,Decor,Rugs,432,1703484.0,3943.25,0,0,0.0,0.0,14.0,1052.0,2351.96,3943.25
SKU0003,2024-05-13,Decor,Rugs,402,1585186.5,3943.25,0,0,0.0,1544.0,14.0,1052.0,2351.96,3943.25
SKU0003,2024-05-20,Decor,Rugs,418,1648278.5,3943.25,0,0,1854.0,1854.0,14.0,1052.0,2351.96,3943.25
SKU0003,2024-05-27,Decor,Rugs,540,1920165.03,3728.0642857142857,2,0,1447.0,0.0,14.0,1052.0,2351.96,3943.25
SKU0003,2024-06-03,Decor,Rugs,773,2562789.62,3360.441428571429,6,0,985.0,1958.0,14.0,1052.0,2351.96,3943.25
SKU0003,2024-06-10,Decor,Rugs,308,1214521.0,3943.25,0,0,2390.0,1923.0,14.0,1052.0,2351.96,3943.25
SKU0003,2024-06-17,Decor,Rugs,378,1490548.5,3943.25,0,0,1962.0,0.0,14.0,1052.0,2351.96,3943.25
SKU0003,2024-06-24,Decor,Rugs,339,1336761.75,3943.25,0,0,1517.0,0.0,14.0,1052.0,2351.96,3943.25
SKU0003,2024-07-01,Decor,Rugs,410,1616732.5,3943.25,0,0,1093.0,0.0,14.0,1052.0,2351.96,3943.25
SKU0003,2024-07-08,Decor,Rugs,293,1155372.25,3943.25,0,0,741.0,2022.0,14.0,1052.0,2351.96,3943.25
SKU0003,2024-07-15,Decor,Rugs,320,1261840.0,3943.25,0,0,2425.0,1985.0,14.0,1052.0,2351.96,3943.25
SKU0003,2024-07-22,Decor,Rugs,331,1305215.75,3943.25,0,0,2096.0,0.0,14.0,1052.0,2351.96,3943.25
SKU0003,2024-07-29,Decor,Rugs,295,1163258.75,3943.25,0,0,1780.0,0.0,14.0,1052.0,2351.96,3943.25
SKU0003,2024-08-05,Decor,Rugs,280,1104110.0,3943.25,0,0,1437.0,0.0,14.0,1052.0,2351.96,3943.25
SKU0003,2024-08-12,Decor,Rugs,250,985812.5,3943.25,0,1,1166.0,0.0,14.0,1052.0,2351.96,3943.25
SKU0003,2024-08-19,Decor,Rugs,192,757104.0,3943.25,0,0,867.0,2020.0,14.0,1052.0,2351.96,3943.25
SKU0003,2024-08-26,Decor,Rugs,206,812309.5,3943.25,0,0,590.0,0.0,14.0,1052.0,2351.96,3943.25
SKU0003,2024-09-02,Decor,Rugs,222,875401.5,3943.25,0,0,347.0,0.0,14.0,1052.0,2351.96,3943.25
SKU0003,2024-09-09,Decor,Rugs,224,883288.0,3943.25,0,0,120.0,0.0,14.0,1052.0,2351.96,3943.25
SKU0003,2024-09-16,Decor,Rugs,244,962153.0,3943.25,0,0,0.0,1869.0,14.0,1052.0,2351.96,3943.25
SKU0003,2024-09-23,Decor,Rugs,227,895117.75,3943.25,0,0,0.0,0.0,14.0,1052.0,2351.96,3943.25
SKU0003,2024-09-30,Decor,Rugs,234,922720.5,3943.25,0,1,0.0,0.0,14.0,1052.0,2351.96,3943.25
SKU0003,2024-10-07,Decor,Rugs,248,977926.0,3943.25,0,0,0.0,1266.0,14.0,1052.0,2351.96,3943.25
SKU0003,2024-10-14,Decor,Rugs,332,1259859.23,3864.117142857143,1,0,0.0,1679.0,14.0,1052.0,2351.96,3943.25
SKU0003,2024-10-21,Decor,Rugs,647,2113450.51,3273.7085714285718,7,0,1650.0,1650.0,14.0,1052.0,2351.96,3943.25
SKU0003,2024-10-28,Decor,Rugs,381,1409219.32,3792.312857142857,2,0,1333.0,0.0,14.0,1052.0,2351.96,3943.25
SKU0003,2024-11-04,Decor,Rugs,231,910890.75,3943.25,0,0,939.0,0.0,14.0,1052.0,2351.96,3943.25
SKU0003,2024-11-11,Decor,Rugs,330,1301272.5,3943.25,0,1,535.0,0.0,14.0,1052.0,2351.96,3943.25
SKU0003,2024-11-18,Decor,Rugs,260,1025245.0,3943.25,0,0,2002.0,1798.0,14.0,1052.0,2351.96,3943.25
SKU0003,2024-11-25,Decor,Rugs,621,2040089.76,3310.828571428571,6,0,1744.0,0.0,14.0,1052.0,2351.96,3943.25
SKU0003,2024-12-02,Decor,Rugs,322,1269726.5,3943.25,0,0,1347.0,0.0,14.0,1052.0,2351.96,3943.25
SKU0003,2024-12-09,Decor,Rugs,354,1395910.5,3943.25,0,0,959.0,0.0,14.0,1052.0,2351.96,3943.25
SKU0003,2024-12-16,Decor,Rugs,306,1206634.5,3943.25,0,0,1873.0,1345.0,14.0,1052.0,2351.96,3943.25
SKU0003,2024-12-23,Decor,Rugs,367,1447172.75,3943.25,0,1,1471.0,0.0,14.0,1052.0,2351.96,3943.25
SKU0003,2024-12-30,Decor,Rugs,353,1391967.25,3943.25,0,1,1091.0,0.0,14.0,1052.0,2351.96,3943.25
SKU0003,2025-01-06,Decor,Rugs,420,1656165.0,3943.25,0,0,697.0,1690.0,14.0,1052.0,2351.96,3943.25
SKU0003,2025-01-13,Decor,Rugs,885,2904371.87,3404.5157142857142,5,0,333.0,1954.0,14.0,1052.0,2351.96,3943.25
SKU0003,2025-01-20,Decor,Rugs,770,2783958.8600000003,3660.3514285714286,3,1,0.0,0.0,14.0,1052.0,2351.96,3943.25
SKU0003,2025-01-27,Decor,Rugs,396,1561527.0,3943.25,0,0,0.0,0.0,14.0,1052.0,2351.96,3943.25
SKU0003,2025-02-03,Decor,Rugs,501,1975568.25,3943.25,0,0,0.0,0.0,14.0,1052.0,2351.96,3943.25
SKU0003,2025-02-10,Decor,Rugs,506,1995284.5,3943.25,0,0,0.0,1488.0,14.0,1052.0,2351.96,3943.25
SKU0003,2025-02-17,Decor,Rugs,469,1849384.25,3943.25,0,0,0.0,2051.0,14.0,1052.0,2351.96,3943.25
SKU0003,2025-02-24,Decor,Rugs,421,1660108.25,3943.25,0,0,1566.0,1566.0,14.0,1052.0,2351.96,3943.25
SKU0003,2025-03-03,Decor,Rugs,472,1861214.0,3943.25,0,0,1060.0,0.0,14.0,1052.0,2351.96,3943.25
SKU0003,2025-03-10,Decor,Rugs,545,2149071.25,3943.25,0,0,634.0,0.0,14.0,1052.0,2351.96,3943.25
SKU0003,2025-03-17,Decor,Rugs,474,1869100.5,3943.25,0,0,202.0,1655.0,14.0,1052.0,2351.96,3943.25
SKU0003,2025-03-24,Decor,Rugs,427,1683767.75,3943.25,0,0,1639.0,1639.0,14.0,1052.0,2351.96,3943.25
SKU0003,2025-03-31,Decor,Rugs,516,2034717.0,3943.25,0,0,1180.0,0.0,14.0,1052.0,2351.96,3943.25
SKU0003,2025-04-07,Decor,Rugs,537,2117525.25,3943.25,0,0,678.0,0.0,14.0,1052.0,2351.96,3943.25
SKU0003,2025-04-14,Decor,Rugs,619,2440871.75,3943.25,0,0,1499.0,1362.0,14.0,1052.0,2351.96,3943.25
SKU0003,2025-04-21,Decor,Rugs,461,1817838.25,3943.25,0,0,889.0,1975.0,14.0,1052.0,2351.96,3943.25
SKU0003,2025-04-28,Decor,Rugs,487,1920362.75,3943.25,0,0,406.0,1871.0,14.0,1052.0,2351.96,3943.25
SKU0003,2025-05-05,Decor,Rugs,557,2196390.25,3943.25,0,0,0.0,1522.0,14.0,1052.0,2351.96,3943.25
SKU0003,2025-05-12,Decor,Rugs,493,1944022.25,3943.25,0,0,0.0,1641.0,14.0,1052.0,2351.96,3943.25
SKU0003,2025-05-19,Decor,Rugs,506,1995284.5,3943.25,0,0,1869.0,1869.0,14.0,1052.0,2351.96,3943.25
SKU0003,2025-05-26,Decor,Rugs,599,2196541.37,3828.502857142857,1,0,1343.0,0.0,14.0,1052.0,2351.96,3943.25
SKU0003,2025-06-02,Decor,Rugs,1162,3733920.46,3234.16,7,0,852.0,1510.0,14.0,1052.0,2351.96,3943.25
SKU0003,2025-06-09,Decor,Rugs,459,1809951.75,3943.25,0,0,57.0,0.0,14.0,1052.0,2351.96,3943.25
SKU0003,2025-06-16,Decor,Rugs,370,1459002.5,3943.25,0,0,0.0,2042.0,14.0,1052.0,2351.96,3943.25
SKU0003,2025-06-23,Decor,Rugs,438,1727143.5,3943.25,0,0,1323.0,0.0,14.0,1052.0,2351.96,3943.25
SKU0003,2025-06-30,Decor,Rugs,367,1447172.75,3943.25,0,0,751.0,1398.0,14.0,1052.0,2351.96,3943.25
SKU0003,2025-07-07,Decor,Rugs,386,1522094.5,3943.25,0,0,1855.0,1491.0,14.0,1052.0,2351.96,3943.25
SKU0003,2025-07-14,Decor,Rugs,414,1632505.5,3943.25,0,0,1488.0,0.0,14.0,1052.0,2351.96,3943.25
SKU0003,2025-07-21,Decor,Rugs,380,1498435.0,3943.25,0,0,1051.0,1457.0,14.0,1052.0,2351.96,3943.25
SKU0003,2025-07-28,Decor,Rugs,351,1384080.75,3943.25,0,0,664.0,0.0,14.0,1052.0,2351.96,3943.25
SKU0003,2025-08-04,Decor,Rugs,330,1301272.5,3943.25,0,0,355.0,0.0,14.0,1052.0,2351.96,3943.25
SKU0003,2025-08-11,Decor,Rugs,297,1171145.25,3943.25,0,1,35.0,1614.0,14.0,1052.0,2351.96,3943.25
SKU0003,2025-08-18,Decor,Rugs,317,1250010.25,3943.25,0,0,0.0,1861.0,14.0,1052.0,2351.96,3943.25
SKU0003,2025-08-25,Decor,Rugs,340,1340705.0,3943.25,0,0,1590.0,1590.0,14.0,1052.0,2351.96,3943.25
SKU0003,2025-09-01,Decor,Rugs,255,1005528.75,3943.25,0,0,1242.0,0.0,14.0,1052.0,2351.96,3943.25
SKU0003,2025-09-08,Decor,Rugs,283,1115939.75,3943.25,0,0,2814.0,1911.0,14.0,1052.0,2351.96,3943.25
SKU0003,2025-09-15,Decor,Rugs,240,946380.0,3943.25,0,0,2493.0,0.0,14.0,1052.0,2351.96,3943.25
SKU0003,2025-09-22,Decor,Rugs,290,1143542.5,3943.25,0,0,2208.0,0.0,14.0,1052.0,2351.96,3943.25
SKU0003,2025-09-29,Decor,Rugs,283,1115939.75,3943.25,0,1,1946.0,0.0,14.0,1052.0,2351.96,3943.25
SKU0003,2025-10-06,Decor,Rugs,280,1104110.0,3943.25,0,0,1663.0,0.0,14.0,1052.0,2351.96,3943.25
SKU0003,2025-10-13,Decor,Rugs,259,1021301.75,3943.25,0,0,1410.0,0.0,14.0,1052.0,2351.96,3943.25
SKU0003,2025-10-20,Decor,Rugs,701,2298193.04,3275.627142857142,7,0,1099.0,0.0,14.0,1052.0,2351.96,3943.25
SKU0003,2025-10-27,Decor,Rugs,434,1522892.86,3660.405714285714,3,0,699.0,1279.0,14.0,1052.0,2351.96,3943.25
SKU0003,2025-11-03,Decor,Rugs,327,1289442.75,3943.25,0,0,326.0,0.0,14.0,1052.0,2351.96,3943.25
SKU0003,2025-11-10,Decor,Rugs,361,1423513.25,3943.25,0,1,0.0,0.0,14.0,1052.0,2351.96,3943.25
SKU0003,2025-11-17,Decor,Rugs,305,1202691.25,3943.25,0,0,0.0,0.0,14.0,1052.0,2351.96,3943.25
SKU0003,2025-11-24,Decor,Rugs,777,2404495.29,3175.8542857142857,6,0,0.0,0.0,14.0,1052.0,2351.96,3943.25
SKU0003,2025-12-01,Decor,Rugs,354,1395910.5,3943.25,0,0,0.0,2007.0,14.0,1052.0,2351.96,3943.25
SKU0003,2025-12-08,Decor,Rugs,397,1565470.25,3943.25,0,0,0.0,0.0,14.0,1052.0,2351.96,3943.25
SKU0003,2025-12-15,Decor,Rugs,353,1391967.25,3943.25,0,0,0.0,1429.0,14.0,1052.0,2351.96,3943.25
SKU0003,2025-12-22,Decor,Rugs,480,1892760.0,3943.25,0,1,0.0,0.0,14.0,1052.0,2351.96,3943.25
SKU0004,2024-06-24,Small Appliances,Cleaning,81,842182.11,10397.31,0,0,,,,,3891.58,10397.31
SKU0004,2024-07-01,Small Appliances,Cleaning,138,1434828.7799999998,10397.31,0,0,605.0,0.0,10.0,312.0,3891.58,10397.31
SKU0004,2024-07-08,Small Appliances,Cleaning,121,1258074.51,10397.31,0,0,483.0,0.0,10.0,312.0,3891.58,10397.31
SKU0004,2024-07-15,Small Appliances,Cleaning,126,1310061.0599999998,10397.31,0,0,370.0,0.0,10.0,312.0,3891.58,10397.31
SKU0004,2024-07-22,Small Appliances,Cleaning,131,1362047.61,10397.31,0,0,845.0,584.0,10.0,312.0,3891.58,10397.31
SKU0004,2024-07-29,Small Appliances,Cleaning,110,1143704.1,10397.31,0,0,697.0,0.0,10.0,312.0,3891.58,10397.31
SKU0004,2024-08-05,Small Appliances,Cleaning,111,1154101.41,10397.31,0,0,590.0,0.0,10.0,312.0,3891.58,10397.31
SKU0004,2024-08-12,Small Appliances,Cleaning,134,1393239.54,10397.31,0,1,489.0,0.0,10.0,312.0,3891.58,10397.31
SKU0004,2024-08-19,Small Appliances,Cleaning,87,904565.97,10397.31,0,0,371.0,0.0,10.0,312.0,3891.58,10397.31
SKU0004,2024-08-26,Small Appliances,Cleaning,90,935757.9,10397.31,0,0,275.0,0.0,10.0,312.0,3891.58,10397.31
SKU0004,2024-09-02,Small Appliances,Cleaning,86,894168.6599999999,10397.31,0,0,174.0,623.0,10.0,312.0,3891.58,10397.31
SKU0004,2024-09-09,Small Appliances,Cleaning,90,935757.9,10397.31,0,0,78.0,478.0,10.0,312.0,3891.58,10397.31
SKU0004,2024-09-16,Small Appliances,Cleaning,95,987744.45,10397.31,0,0,0.0,446.0,10.0,312.0,3891.58,10397.31
SKU0004,2024-09-23,Small Appliances,Cleaning,95,987744.45,10397.31,0,0,387.0,387.0,10.0,312.0,3891.58,10397.31
SKU0004,2024-09-30,Small Appliances,Cleaning,106,1102114.86,10397.31,0,1,291.0,0.0,10.0,312.0,3891.58,10397.31
SKU0004,2024-10-07,Small Appliances,Cleaning,84,873374.04,10397.31,0,0,189.0,378.0,10.0,312.0,3891.58,10397.31
SKU0004,2024-10-14,Small Appliances,Cleaning,111,1113810.51,10205.448571428573,1,0,97.0,619.0,10.0,312.0,3891.58,10397.31
SKU0004,2024-10-21,Small Appliances,Cleaning,203,1755321.78,8611.384285714286,7,0,0.0,599.0,10.0,312.0,3891.58,10397.31
SKU0004,2024-10-28,Small Appliances,Cleaning,131,1253259.01,9802.107142857143,2,0,0.0,0.0,10.0,312.0,3891.58,10397.31
SKU0004,2024-11-04,Small Appliances,Cleaning,130,1351650.2999999998,10397.31,0,0,0.0,598.0,10.0,312.0,3891.58,10397.31
SKU0004,2024-11-11,Small Appliances,Cleaning,117,1216485.27,10397.31,0,1,0.0,533.0,10.0,312.0,3891.58,10397.31
SKU0004,2024-11-18,Small Appliances,Cleaning,126,1310061.0599999998,10397.31,0,0,0.0,564.0,10.0,312.0,3891.58,10397.31
SKU0004,2024-11-25,Small Appliances,Cleaning,258,2265288.68,8792.99,6,0,0.0,458.0,10.0,312.0,3891.58,10397.31
SKU0004,2024-12-02,Small Appliances,Cleaning,119,1237279.89,10397.31,0,0,0.0,534.0,10.0,312.0,3891.58,10397.31
SKU0004,2024-12-09,Small Appliances,Cleaning,154,1601185.74,10397.31,0,0,0.0,568.0,10.0,312.0,3891.58,10397.31
SKU0004,2024-12-16,Small Appliances,Cleaning,154,1601185.74,10397.31,0,0,470.0,470.0,10.0,312.0,3891.58,10397.31
SKU0004,2024-12-23,Small Appliances,Cleaning,172,1788337.3199999998,10397.31,0,1,287.0,0.0,10.0,312.0,3891.58,10397.31
SKU0004,2024-12-30,Small Appliances,Cleaning,172,1788337.3199999998,10397.31,0,1,151.0,524.0,10.0,312.0,3891.58,10397.31
SKU0004,2025-01-06,Small Appliances,Cleaning,150,1559596.5,10397.31,0,0,9.0,0.0,10.0,312.0,3891.58,10397.31
SKU0004,2025-01-13,Small Appliances,Cleaning,269,2438343.18,9198.738571428572,5,0,0.0,0.0,10.0,312.0,3891.58,10397.31
SKU0004,2025-01-20,Small Appliances,Cleaning,270,2523969.47,9493.06857142857,3,1,0.0,492.0,10.0,312.0,3891.58,10397.31
SKU0004,2025-01-27,Small Appliances,Cleaning,183,1902707.73,10397.31,0,0,619.0,619.0,10.0,312.0,3891.58,10397.31
SKU0004,2025-02-03,Small Appliances,Cleaning,226,2349792.06,10397.31,0,0,386.0,0.0,10.0,312.0,3891.58,10397.31
SKU0004,2025-02-10,Small Appliances,Cleaning,208,2162640.48,10397.31,0,0,166.0,486.0,10.0,312.0,3891.58,10397.31
SKU0004,2025-02-17,Small Appliances,Cleaning,217,2256216.27,10397.31,0,0,0.0,0.0,10.0,312.0,3891.58,10397.31
SKU0004,2025-02-24,Small Appliances,Cleaning,229,2380983.99,10397.31,0,0,0.0,489.0,10.0,312.0,3891.58,10397.31
SKU0004,2025-03-03,Small Appliances,Cleaning,190,1975488.9,10397.31,0,0,0.0,485.0,10.0,312.0,3891.58,10397.31
SKU0004,2025-03-10,Small Appliances,Cleaning,199,2069064.69,10397.31,0,0,0.0,495.0,10.0,312.0,3891.58,10397.31
SKU0004,2025-03-17,Small Appliances,Cleaning,259,2692903.29,10397.31,0,0,0.0,0.0,10.0,312.0,3891.58,10397.31
SKU0004,2025-03-24,Small Appliances,Cleaning,243,2526546.33,10397.31,0,0,0.0,0.0,10.0,312.0,3891.58,10397.31
SKU0004,2025-03-31,Small Appliances,Cleaning,225,2339394.75,10397.31,0,0,480.0,480.0,10.0,312.0,3891.58,10397.31
SKU0004,2025-04-07,Small Appliances,Cleaning,213,2214627.03,10397.31,0,0,232.0,0.0,10.0,312.0,3891.58,10397.31
SKU0004,2025-04-14,Small Appliances,Cleaning,221,2297805.51,10397.31,0,0,508.0,498.0,10.0,312.0,3891.58,10397.31
SKU0004,2025-04-21,Small Appliances,Cleaning,203,2110653.93,10397.31,0,0,259.0,0.0,10.0,312.0,3891.58,10397.31
SKU0004,2025-04-28,Small Appliances,Cleaning,231,2401778.61,10397.31,0,0,70.0,605.0,10.0,312.0,3891.58,10397.31
SKU0004,2025-05-05,Small Appliances,Cleaning,196,2037872.76,10397.31,0,0,0.0,552.0,10.0,312.0,3891.58,10397.31
SKU0004,2025-05-12,Small Appliances,Cleaning,220,2287408.2,10397.31,0,0,0.0,430.0,10.0,312.0,3891.58,10397.31
SKU0004,2025-05-19,Small Appliances,Cleaning,228,2370586.68,10397.31,0,0,0.0,496.0,10.0,312.0,3891.58,10397.31
SKU0004,2025-05-26,Small Appliances,Cleaning,193,1892559.03,10083.78857142857,1,0,467.0,467.0,10.0,312.0,3891.58,10397.31
SKU0004,2025-06-02,Small Appliances,Cleaning,365,3206612.53,8752.394285714285,7,0,254.0,0.0,10.0,312.0,3891.58,10397.31
SKU0004,2025-06-09,Small Appliances,Cleaning,207,2152243.17,10397.31,0,0,0.0,608.0,10.0,312.0,3891.58,10397.31
SKU0004,2025-06-16,Small Appliances,Cleaning,220,2287408.2,10397.31,0,0,0.0,0.0,10.0,312.0,3891.58,10397.31
SKU0004,2025-06-23,Small Appliances,Cleaning,209,2173037.79,10397.31,0,0,0.0,0.0,10.0,312.0,3891.58,10397.31
SKU0004,2025-06-30,Small Appliances,Cleaning,195,2027475.45,10397.31,0,0,0.0,612.0,10.0,312.0,3891.58,10397.31
SKU0004,2025-07-07,Small Appliances,Cleaning,203,2110653.93,10397.31,0,0,0.0,0.0,10.0,312.0,3891.58,10397.31
SKU0004,2025-07-14,Small Appliances,Cleaning,188,1954694.28,10397.31,0,0,0.0,0.0,10.0,312.0,3891.58,10397.31
SKU0004,2025-07-21,Small Appliances,Cleaning,149,1549199.19,10397.31,0,0,0.0,0.0,10.0,312.0,3891.58,10397.31
SKU0004,2025-07-28,Small Appliances,Cleaning,135,1403636.85,10397.31,0,0,0.0,0.0,10.0,312.0,3891.58,10397.31
SKU0004,2025-08-04,Small Appliances,Cleaning,172,1788337.3199999998,10397.31,0,0,0.0,592.0,10.0,312.0,3891.58,10397.31
SKU0004,2025-08-11,Small Appliances,Cleaning,131,1362047.61,10397.31,0,1,0.0,0.0,10.0,312.0,3891.58,10397.31
SKU0004,2025-08-18,Small Appliances,Cleaning,141,1466020.71,10397.31,0,0,0.0,0.0,10.0,312.0,3891.58,10397.31
SKU0004,2025-08-25,Small Appliances,Cleaning,131,1362047.61,10397.31,0,0,0.0,0.0,10.0,312.0,3891.58,10397.31
SKU0004,2025-09-01,Small Appliances,Cleaning,132,1372444.92,10397.31,0,0,0.0,0.0,10.0,312.0,3891.58,10397.31
SKU0004,2025-09-08,Small Appliances,Cleaning,119,1237279.89,10397.31,0,0,0.0,0.0,10.0,312.0,3891.58,10397.31
SKU0004,2025-09-15,Small Appliances,Cleaning,128,1330855.68,10397.31,0,0,0.0,0.0,10.0,312.0,3891.58,10397.31
SKU0004,2025-09-22,Small Appliances,Cleaning,121,1258074.5099999998,10397.31,0,0,395.0,395.0,10.0,312.0,3891.58,10397.31
SKU0004,2025-09-29,Small Appliances,Cleaning,125,1299663.75,10397.31,0,1,276.0,589.0,10.0,312.0,3891.58,10397.31
SKU0004,2025-10-06,Small Appliances,Cleaning,136,1414034.16,10397.31,0,0,148.0,0.0,10.0,312.0,3891.58,10397.31
SKU0004,2025-10-13,Small Appliances,Cleaning,129,1341252.99,10397.31,0,0,16.0,0.0,10.0,312.0,3891.58,10397.31
SKU0004,2025-10-20,Small Appliances,Cleaning,255,2252358.77,8843.591428571428,7,0,0.0,0.0,10.0,312.0,3891.58,10397.31
SKU0004,2025-10-27,Small Appliances,Cleaning,161,1569058.06,9808.698571428573,3,0,0.0,0.0,10.0,312.0,3891.58,10397.31
SKU0004,2025-11-03,Small Appliances,Cleaning,143,1486815.33,10397.31,0,0,0.0,0.0,10.0,312.0,3891.58,10397.31
SKU0004,2025-11-10,Small Appliances,Cleaning,145,1507609.95,10397.31,0,1,549.0,549.0,10.0,312.0,3891.58,10397.31
SKU0004,2025-11-17,Small Appliances,Cleaning,173,1798734.63,10397.31,0,0,378.0,0.0,10.0,312.0,3891.58,10397.31
SKU0004,2025-11-24,Small Appliances,Cleaning,279,2380766.16,8625.324285714287,6,0,742.0,523.0,10.0,312.0,3891.58,10397.31
SKU0004,2025-12-01,Small Appliances,Cleaning,176,1829926.56,10397.31,0,0,531.0,0.0,10.0,312.0,3891.58,10397.31
SKU0004,2025-12-08,Small Appliances,Cleaning,152,1580391.12,10397.31,0,0,352.0,0.0,10.0,312.0,3891.58,10397.31
SKU0004,2025-12-15,Small Appliances,Cleaning,207,2152243.17,10397.31,0,0,131.0,378.0,10.0,312.0,3891.58,10397.31
SKU0004,2025-12-22,Small Appliances,Cleaning,146,1518007.2599999998,10397.31,0,1,0.0,0.0,10.0,312.0,3891.58,10397.31
SKU0005,2024-01-22,Decor,Rugs,135,275484.15,2053.7028571428573,1,1,103.0,269.0,7.0,138.0,870.87,2107.21
SKU0005,2024-01-29,Decor,Rugs,137,288687.77,2107.21,0,0,0.0,174.0,7.0,138.0,870.87,2107.21
SKU0005,2024-02-05,Decor,Rugs,148,311867.08,2107.21,0,0,0.0,0.0,7.0,138.0,870.87,2107.21
SKU0005,2024-02-12,Decor,Rugs,121,254972.41,2107.21,0,0,0.0,0.0,7.0,138.0,870.87,2107.21
SKU0005,2024-02-19,Decor,Rugs,178,375083.38,2107.21,0,0,239.0,239.0,7.0,138.0,870.87,2107.21
SKU0005,2024-02-26,Decor,Rugs,140,295009.4,2107.21,0,0,79.0,266.0,7.0,138.0,870.87,2107.21
SKU0005,2024-03-04,Decor,Rugs,140,295009.4,2107.21,0,0,0.0,213.0,7.0,138.0,870.87,2107.21
SKU0005,2024-03-11,Decor,Rugs,167,351904.07,2107.21,0,0,0.0,200.0,7.0,138.0,870.87,2107.21
SKU0005,2024-03-18,Decor,Rugs,144,303438.24,2107.21,0,0,0.0,233.0,7.0,138.0,870.87,2107.21
SKU0005,2024-03-25,Decor,Rugs,130,273937.3,2107.21,0,0,0.0,0.0,7.0,138.0,870.87,2107.21
SKU0005,2024-04-01,Decor,Rugs,141,297116.61,2107.21,0,0,0.0,171.0,7.0,138.0,870.87,2107.21
SKU0005,2024-04-08,Decor,Rugs,113,238114.73,2107.21,0,0,179.0,179.0,7.0,138.0,870.87,2107.21
SKU0005,2024-04-15,Decor,Rugs,147,309759.87,2107.21,0,0,326.0,275.0,7.0,138.0,870.87,2107.21
SKU0005,2024-04-22,Decor,Rugs,138,290794.98,2107.21,0,0,190.0,0.0,7.0,138.0,870.87,2107.21
SKU0005,2024-04-29,Decor,Rugs,146,307652.66000000003,2107.21,0,0,46.0,0.0,7.0,138.0,870.87,2107.21
SKU0005,2024-05-06,Decor,Rugs,135,284473.35,2107.21,0,0,0.0,260.0,7.0,138.0,870.87,2107.21
SKU0005,2024-05-13,Decor,Rugs,138,290794.98,2107.21,0,0,0.0,208.0,7.0,138.0,870.87,2107.21
SKU0005,2024-05-20,Decor,Rugs,108,227578.68,2107.21,0,0,0.0,229.0,7.0,138.0,870.87,2107.21
SKU0005,2024-05-27,Decor,Rugs,158,305742.6,1996.212857142857,2,0,196.0,196.0,7.0,138.0,870.87,2107.21
SKU0005,2024-06-03,Decor,Rugs,192,334346.86,1774.7214285714283,6,0,70.0,0.0,7.0,138.0,870.87,2107.21
SKU0005,2024-06-10,Decor,Rugs,100,210721.0,2107.21,0,0,0.0,240.0,7.0,138.0,870.87,2107.21
SKU0005,2024-06-17,Decor,Rugs,112,236007.52,2107.21,0,0,191.0,191.0,7.0,138.0,870.87,2107.21
SKU0005,2024-06-24,Decor,Rugs,115,242329.15,2107.21,0,0,32.0,0.0,7.0,138.0,870.87,2107.21
SKU0005,2024-07-01,Decor,Rugs,102,214935.42,2107.21,0,0,0.0,0.0,7.0,138.0,870.87,2107.21
SKU0005,2024-07-08,Decor,Rugs,99,208613.79,2107.21,0,0,0.0,0.0,7.0,138.0,870.87,2107.21
SKU0005,2024-07-15,Decor,Rugs,102,214935.42,2107.21,0,0,0.0,201.0,7.0,138.0,870.87,2107.21
SKU0005,2024-07-22,Decor,Rugs,107,225471.47,2107.21,0,0,0.0,0.0,7.0,138.0,870.87,2107.21
SKU0005,2024-07-29,Decor,Rugs,88,185434.48,2107.21,0,0,0.0,0.0,7.0,138.0,870.87,2107.21
SKU0005,2024-08-05,Decor,Rugs,91,191756.11,2107.21,0,0,0.0,204.0,7.0,138.0,870.87,2107.21
SKU0005,2024-08-12,Decor,Rugs,65,136968.65,2107.21,0,1,0.0,250.0,7.0,138.0,870.87,2107.21
SKU0005,2024-08-19,Decor,Rugs,70,147504.69999999998,2107.21,0,0,0.0,0.0,7.0,138.0,870.87,2107.21
SKU0005,2024-08-26,Decor,Rugs,68,143290.28,2107.21,0,0,0.0,177.0,7.0,138.0,870.87,2107.21
SKU0005,2024-09-02,Decor,Rugs,51,107467.71,2107.21,0,0,0.0,251.0,7.0,138.0,870.87,2107.21
SKU0005,2024-09-09,Decor,Rugs,76,160147.96000000002,2107.21,0,0,0.0,210.0,7.0,138.0,870.87,2107.21
SKU0005,2024-09-16,Decor,Rugs,80,168576.8,2107.21,0,0,0.0,166.0,7.0,138.0,870.87,2107.21
SKU0005,2024-09-23,Decor,Rugs,69,145397.49,2107.21,0,0,0.0,264.0,7.0,138.0,870.87,2107.21
SKU0005,2024-09-30,Decor,Rugs,90,189648.9,2107.21,0,1,0.0,0.0,7.0,138.0,870.87,2107.21
SKU0005,2024-10-07,Decor,Rugs,62,130647.02,2107.21,0,0,0.0,187.0,7.0,138.0,870.87,2107.21
SKU0005,2024-10-14,Decor,Rugs,85,172610.35,2070.052857142857,1,0,0.0,185.0,7.0,138.0,870.87,2107.21
SKU0005,2024-10-21,Decor,Rugs,101,170664.97999999998,1691.1085714285714,7,0,0.0,253.0,7.0,138.0,870.87,2107.21
SKU0005,2024-10-28,Decor,Rugs,56,110185.07,1995.357142857143,2,0,264.0,264.0,7.0,138.0,870.87,2107.21
SKU0005,2024-11-04,Decor,Rugs,72,151719.12,2107.21,0,0,190.0,0.0,7.0,138.0,870.87,2107.21
SKU0005,2024-11-11,Decor,Rugs,67,141183.07,2107.21,0,1,123.0,0.0,7.0,138.0,870.87,2107.21
SKU0005,2024-11-18,Decor,Rugs,103,217042.63,2107.21,0,0,57.0,0.0,7.0,138.0,870.87,2107.21
SKU0005,2024-11-25,Decor,Rugs,136,238070.71,1748.7657142857145,6,0,0.0,256.0,7.0,138.0,870.87,2107.21
SKU0005,2024-12-02,Decor,Rugs,97,204399.37,2107.21,0,0,0.0,238.0,7.0,138.0,870.87,2107.21
SKU0005,2024-12-09,Decor,Rugs,112,236007.52,2107.21,0,0,0.0,209.0,7.0,138.0,870.87,2107.21
SKU0005,2024-12-16,Decor,Rugs,113,238114.73,2107.21,0,0,166.0,166.0,7.0,138.0,870.87,2107.21
SKU0005,2024-12-23,Decor,Rugs,117,246543.57,2107.21,0,1,58.0,0.0,7.0,138.0,870.87,2107.21
SKU0005,2024-12-30,Decor,Rugs,87,183327.27,2107.21,0,1,0.0,0.0,7.0,138.0,870.87,2107.21
SKU0005,2025-01-06,Decor,Rugs,104,219149.84,2107.21,0,0,0.0,0.0,7.0,138.0,870.87,2107.21
SKU0005,2025-01-13,Decor,Rugs,133,238926.65,1831.8314285714284,5,0,275.0,0.0,7.0,138.0,870.87,2107.21
SKU0005,2025-01-20,Decor,Rugs,159,303835.65,1933.5185714285717,3,1,156.0,0.0,7.0,138.0,870.87,2107.21
SKU0005,2025-01-27,Decor,Rugs,117,246543.57,2107.21,0,0,29.0,0.0,7.0,138.0,870.87,2107.21
SKU0005,2025-02-03,Decor,Rugs,133,280258.93,2107.21,0,0,0.0,235.0,7.0,138.0,870.87,2107.21
SKU0005,2025-02-10,Decor,Rugs,108,227578.68,2107.21,0,0,0.0,0.0,7.0,138.0,870.87,2107.21
SKU0005,2025-02-17,Decor,Rugs,100,210721.0,2107.21,0,0,0.0,0.0,7.0,138.0,870.87,2107.21
SKU0005,2025-02-24,Decor,Rugs,141,297116.61,2107.21,0,0,242.0,242.0,7.0,138.0,870.87,2107.21
SKU0005,2025-03-03,Decor,Rugs,141,297116.61,2107.21,0,0,138.0,0.0,7.0,138.0,870.87,2107.21
SKU0005,2025-03-10,Decor,Rugs,149,313974.29000000004,2107.21,0,0,14.0,0.0,7.0,138.0,870.87,2107.21
SKU0005,2025-03-17,Decor,Rugs,133,280258.93,2107.21,0,0,0.0,271.0,7.0,138.0,870.87,2107.21
SKU0005,2025-03-24,Decor,Rugs,153,322403.13,2107.21,0,0,226.0,226.0,7.0,138.0,870.87,2107.21
SKU0005,2025-03-31,Decor,Rugs,127,267615.67,2107.21,0,0,75.0,242.0,7.0,138.0,870.87,2107.21
SKU0005,2025-04-07,Decor,Rugs,124,261294.04,2107.21,0,0,0.0,260.0,7.0,138.0,870.87,2107.21
SKU0005,2025-04-14,Decor,Rugs,117,246543.57,2107.21,0,0,197.0,197.0,7.0,138.0,870.87,2107.21
SKU0005,2025-04-21,Decor,Rugs,133,280258.93,2107.21,0,0,295.0,208.0,7.0,138.0,870.87,2107.21
SKU0005,2025-04-28,Decor,Rugs,127,267615.67,2107.21,0,0,161.0,0.0,7.0,138.0,870.87,2107.21
SKU0005,2025-05-05,Decor,Rugs,131,276044.51,2107.21,0,0,51.0,0.0,7.0,138.0,870.87,2107.21
SKU0005,2025-05-12,Decor,Rugs,146,307652.66,2107.21,0,0,0.0,0.0,7.0,138.0,870.87,2107.21
SKU0005,2025-05-19,Decor,Rugs,135,284473.35,2107.21,0,0,0.0,0.0,7.0,138.0,870.87,2107.21
SKU0005,2025-05-26,Decor,Rugs,130,257372.07,2049.4914285714285,1,0,0.0,259.0,7.0,138.0,870.87,2107.21
SKU0005,2025-06-02,Decor,Rugs,175,302979.79,1708.5828571428572,7,0,264.0,264.0,7.0,138.0,870.87,2107.21
SKU0005,2025-06-09,Decor,Rugs,109,229685.89,2107.21,0,0,105.0,0.0,7.0,138.0,870.87,2107.21
SKU0005,2025-06-16,Decor,Rugs,112,236007.52,2107.21,0,0,0.0,238.0,7.0,138.0,870.87,2107.21
SKU0005,2025-06-23,Decor,Rugs,82,172791.22,2107.21,0,0,0.0,190.0,7.0,138.0,870.87,2107.21
SKU0005,2025-06-30,Decor,Rugs,96,202292.16,2107.21,0,0,0.0,259.0,7.0,138.0,870.87,2107.21
SKU0005,2025-07-07,Decor,Rugs,70,147504.7,2107.21,0,0,0.0,0.0,7.0,138.0,870.87,2107.21
SKU0005,2025-07-14,Decor,Rugs,99,208613.79,2107.21,0,0,0.0,175.0,7.0,138.0,870.87,2107.21
SKU0005,2025-07-21,Decor,Rugs,82,172791.22,2107.21,0,0,0.0,245.0,7.0,138.0,870.87,2107.21
SKU0005,2025-07-28,Decor,Rugs,94,198077.74,2107.21,0,0,0.0,222.0,7.0,138.0,870.87,2107.21
SKU0005,2025-08-04,Decor,Rugs,73,153826.33,2107.21,0,0,0.0,0.0,7.0,138.0,870.87,2107.21
SKU0005,2025-08-11,Decor,Rugs,55,115896.55,2107.21,0,1,0.0,261.0,7.0,138.0,870.87,2107.21
SKU0005,2025-08-18,Decor,Rugs,54,113789.34,2107.21,0,0,0.0,189.0,7.0,138.0,870.87,2107.21
SKU0005,2025-08-25,Decor,Rugs,65,136968.65,2107.21,0,0,0.0,0.0,7.0,138.0,870.87,2107.21
SKU0005,2025-09-01,Decor,Rugs,70,147504.7,2107.21,0,0,250.0,250.0,7.0,138.0,870.87,2107.21
SKU0005,2025-09-08,Decor,Rugs,63,132754.23,2107.21,0,0,195.0,0.0,7.0,138.0,870.87,2107.21
SKU0005,2025-09-15,Decor,Rugs,66,139075.86000000002,2107.21,0,0,138.0,0.0,7.0,138.0,870.87,2107.21
SKU0005,2025-09-22,Decor,Rugs,66,139075.86,2107.21,0,0,75.0,0.0,7.0,138.0,870.87,2107.21
SKU0005,2025-09-29,Decor,Rugs,67,141183.07,2107.21,0,1,12.0,0.0,7.0,138.0,870.87,2107.21
SKU0005,2025-10-06,Decor,Rugs,55,115896.55,2107.21,0,0,0.0,234.0,7.0,138.0,870.87,2107.21
SKU0005,2025-10-13,Decor,Rugs,53,111682.13,2107.21,0,0,0.0,216.0,7.0,138.0,870.87,2107.21
SKU0005,2025-10-20,Decor,Rugs,107,190101.14,1766.05,7,0,0.0,215.0,7.0,138.0,870.87,2107.21
SKU0005,2025-10-27,Decor,Rugs,83,161179.96,1970.5514285714287,3,0,0.0,0.0,7.0,138.0,870.87,2107.21
SKU0005,2025-11-03,Decor,Rugs,62,130647.02,2107.21,0,0,0.0,0.0,7.0,138.0,870.87,2107.21
SKU0005,2025-11-10,Decor,Rugs,72,151719.12,2107.21,0,1,0.0,0.0,7.0,138.0,870.87,2107.21
SKU0005,2025-11-17,Decor,Rugs,63,132754.23,2107.21,0,0,259.0,259.0,7.0,138.0,870.87,2107.21
SKU0005,2025-11-24,Decor,Rugs,125,223823.06,1821.3428571428567,6,0,198.0,0.0,7.0,138.0,870.87,2107.21
SKU0005,2025-12-01,Decor,Rugs,69,145397.49,2107.21,0,0,119.0,0.0,7.0,138.0,870.87,2107.21
SKU0005,2025-12-08,Decor,Rugs,93,195970.53,2107.21,0,0,249.0,211.0,7.0,138.0,870.87,2107.21
SKU0005,2025-12-15,Decor,Rugs,80,168576.80000000002,2107.21,0,0,171.0,0.0,7.0,138.0,870.87,2107.21
SKU0005,2025-12-22,Decor,Rugs,68,143290.28,2107.21,0,1,85.0,275.0,7.0,138.0,870.87,2107.21
SKU0006,2024-04-01,Decor,Lighting,75,127110.0,1694.8,0,0,,,,,780.71,1694.8
SKU0006,2024-04-08,Decor,Lighting,118,199986.4,1694.8,0,0,114.0,0.0,21.0,384.0,780.71,1694.8
SKU0006,2024-04-15,Decor,Lighting,114,193207.2,1694.8,0,0,0.0,0.0,21.0,384.0,780.71,1694.8
SKU0006,2024-04-22,Decor,Lighting,124,210155.2,1694.8,0,0,0.0,647.0,21.0,384.0,780.71,1694.8
SKU0006,2024-04-29,Decor,Lighting,103,174564.4,1694.8,0,0,0.0,0.0,21.0,384.0,780.71,1694.8
SKU0006,2024-05-06,Decor,Lighting,109,184733.2,1694.8,0,0,0.0,585.0,21.0,384.0,780.71,1694.8
SKU0006,2024-05-13,Decor,Lighting,114,193207.2,1694.8,0,0,0.0,713.0,21.0,384.0,780.71,1694.8
SKU0006,2024-05-20,Decor,Lighting,117,198291.6,1694.8,0,0,0.0,0.0,21.0,384.0,780.71,1694.8
SKU0006,2024-05-27,Decor,Lighting,133,203691.94,1609.4342857142856,2,0,0.0,0.0,21.0,384.0,780.71,1694.8
SKU0006,2024-06-03,Decor,Lighting,190,271995.63,1451.8457142857144,6,0,0.0,618.0,21.0,384.0,780.71,1694.8
SKU0006,2024-06-10,Decor,Lighting,84,142363.19999999998,1694.8,0,0,610.0,610.0,21.0,384.0,780.71,1694.8
SKU0006,2024-06-17,Decor,Lighting,97,164395.59999999998,1694.8,0,0,468.0,0.0,21.0,384.0,780.71,1694.8
SKU0006,2024-06-24,Decor,Lighting,98,166090.4,1694.8,0,0,354.0,0.0,21.0,384.0,780.71,1694.8
SKU0006,2024-07-01,Decor,Lighting,86,145752.8,1694.8,0,0,255.0,487.0,21.0,384.0,780.71,1694.8
SKU0006,2024-07-08,Decor,Lighting,92,155921.6,1694.8,0,0,171.0,0.0,21.0,384.0,780.71,1694.8
SKU0006,2024-07-15,Decor,Lighting,72,122025.6,1694.8,0,0,82.0,616.0,21.0,384.0,780.71,1694.8
SKU0006,2024-07-22,Decor,Lighting,85,144058.0,1694.8,0,0,707.0,707.0,21.0,384.0,780.71,1694.8
SKU0006,2024-07-29,Decor,Lighting,68,115246.4,1694.8,0,0,625.0,0.0,21.0,384.0,780.71,1694.8
SKU0006,2024-08-05,Decor,Lighting,91,154226.8,1694.8,0,0,548.0,0.0,21.0,384.0,780.71,1694.8
SKU0006,2024-08-12,Decor,Lighting,90,152532.0,1694.8,0,1,460.0,0.0,21.0,384.0,780.71,1694.8
SKU0006,2024-08-19,Decor,Lighting,69,116941.2,1694.8,0,0,390.0,0.0,21.0,384.0,780.71,1694.8
SKU0006,2024-08-26,Decor,Lighting,55,93214.0,1694.8,0,0,302.0,683.0,21.0,384.0,780.71,1694.8
SKU0006,2024-09-02,Decor,Lighting,71,120330.8,1694.8,0,0,239.0,715.0,21.0,384.0,780.71,1694.8
SKU0006,2024-09-09,Decor,Lighting,78,132194.4,1694.8,0,0,775.0,605.0,21.0,384.0,780.71,1694.8
SKU0006,2024-09-16,Decor,Lighting,78,132194.4,1694.8,0,0,700.0,0.0,21.0,384.0,780.71,1694.8
SKU0006,2024-09-23,Decor,Lighting,64,108467.19999999998,1694.8,0,0,643.0,0.0,21.0,384.0,780.71,1694.8
SKU0006,2024-09-30,Decor,Lighting,61,103382.8,1694.8,0,1,580.0,0.0,21.0,384.0,780.71,1694.8
SKU0006,2024-10-07,Decor,Lighting,63,106772.4,1694.8,0,0,518.0,0.0,21.0,384.0,780.71,1694.8
SKU0006,2024-10-14,Decor,Lighting,71,110027.8,1635.9257142857143,1,0,460.0,0.0,21.0,384.0,780.71,1694.8
SKU0006,2024-10-21,Decor,Lighting,121,173183.46000000002,1426.9442857142858,7,0,1137.0,755.0,21.0,384.0,780.71,1694.8
SKU0006,2024-10-28,Decor,Lighting,63,99607.78,1621.3071428571427,2,0,1059.0,0.0,21.0,384.0,780.71,1694.8
SKU0006,2024-11-04,Decor,Lighting,74,125415.19999999998,1694.8,0,0,983.0,0.0,21.0,384.0,780.71,1694.8
SKU0006,2024-11-11,Decor,Lighting,64,108467.2,1694.8,0,1,905.0,0.0,21.0,384.0,780.71,1694.8
SKU0006,2024-11-18,Decor,Lighting,81,137278.8,1694.8,0,0,832.0,0.0,21.0,384.0,780.71,1694.8
SKU0006,2024-11-25,Decor,Lighting,158,222546.79,1408.95,6,0,767.0,0.0,21.0,384.0,780.71,1694.8
SKU0006,2024-12-02,Decor,Lighting,83,140668.4,1694.8,0,0,672.0,0.0,21.0,384.0,780.71,1694.8
SKU0006,2024-12-09,Decor,Lighting,93,157616.4,1694.8,0,0,572.0,0.0,21.0,384.0,780.71,1694.8
SKU0006,2024-12-16,Decor,Lighting,80,135584.0,1694.8,0,0,460.0,0.0,21.0,384.0,780.71,1694.8
SKU0006,2024-12-23,Decor,Lighting,111,188122.8,1694.8,0,1,351.0,0.0,21.0,384.0,780.71,1694.8
SKU0006,2024-12-30,Decor,Lighting,103,174564.4,1694.8,0,1,271.0,475.0,21.0,384.0,780.71,1694.8
SKU0006,2025-01-06,Decor,Lighting,99,167785.19999999998,1694.8,0,0,183.0,0.0,21.0,384.0,780.71,1694.8
SKU0006,2025-01-13,Decor,Lighting,181,250374.96,1444.2914285714287,5,0,96.0,0.0,21.0,384.0,780.71,1694.8
SKU0006,2025-01-20,Decor,Lighting,191,296600.57,1573.142857142857,3,1,0.0,0.0,21.0,384.0,780.71,1694.8
SKU0006,2025-01-27,Decor,Lighting,111,188122.8,1694.8,0,0,0.0,701.0,21.0,384.0,780.71,1694.8
SKU0006,2025-02-03,Decor,Lighting,98,166090.4,1694.8,0,0,0.0,0.0,21.0,384.0,780.71,1694.8
SKU0006,2025-02-10,Decor,Lighting,126,213544.8,1694.8,0,0,644.0,644.0,21.0,384.0,780.71,1694.8
SKU0006,2025-02-17,Decor,Lighting,145,245746.0,1694.8,0,0,529.0,0.0,21.0,384.0,780.71,1694.8
SKU0006,2025-02-24,Decor,Lighting,114,193207.2,1694.8,0,0,393.0,0.0,21.0,384.0,780.71,1694.8
SKU0006,2025-03-03,Decor,Lighting,120,203376.0,1694.8,0,0,257.0,0.0,21.0,384.0,780.71,1694.8
SKU0006,2025-03-10,Decor,Lighting,101,171174.8,1694.8,0,0,719.0,574.0,21.0,384.0,780.71,1694.8
SKU0006,2025-03-17,Decor,Lighting,113,191512.4,1694.8,0,0,616.0,0.0,21.0,384.0,780.71,1694.8
SKU0006,2025-03-24,Decor,Lighting,112,189817.6,1694.8,0,0,513.0,0.0,21.0,384.0,780.71,1694.8
SKU0006,2025-03-31,Decor,Lighting,122,206765.6,1694.8,0,0,413.0,0.0,21.0,384.0,780.71,1694.8
SKU0006,2025-04-07,Decor,Lighting,119,201681.2,1694.8,0,0,317.0,613.0,21.0,384.0,780.71,1694.8
SKU0006,2025-04-14,Decor,Lighting,108,183038.4,1694.8,0,0,214.0,0.0,21.0,384.0,780.71,1694.8
SKU0006,2025-04-21,Decor,Lighting,112,189817.6,1694.8,0,0,95.0,0.0,21.0,384.0,780.71,1694.8
SKU0006,2025-04-28,Decor,Lighting,141,238966.8,1694.8,0,0,0.0,727.0,21.0,384.0,780.71,1694.8
SKU0006,2025-05-05,Decor,Lighting,127,215239.6,1694.8,0,0,0.0,588.0,21.0,384.0,780.71,1694.8
SKU0006,2025-05-12,Decor,Lighting,120,203376.0,1694.8,0,0,707.0,707.0,21.0,384.0,780.71,1694.8
SKU0006,2025-05-19,Decor,Lighting,103,174564.4,1694.8,0,0,604.0,0.0,21.0,384.0,780.71,1694.8
SKU0006,2025-05-26,Decor,Lighting,115,185392.5,1642.55,1,0,491.0,0.0,21.0,384.0,780.71,1694.8
SKU0006,2025-06-02,Decor,Lighting,214,289232.66000000003,1352.938571428571,7,0,382.0,0.0,21.0,384.0,780.71,1694.8
SKU0006,2025-06-09,Decor,Lighting,97,164395.59999999998,1694.8,0,0,246.0,727.0,21.0,384.0,780.71,1694.8
SKU0006,2025-06-16,Decor,Lighting,121,205070.8,1694.8,0,0,110.0,0.0,21.0,384.0,780.71,1694.8
SKU0006,2025-06-23,Decor,Lighting,108,183038.4,1694.8,0,0,0.0,712.0,21.0,384.0,780.71,1694.8
SKU0006,2025-06-30,Decor,Lighting,97,164395.6,1694.8,0,0,0.0,743.0,21.0,384.0,780.71,1694.8
SKU0006,2025-07-07,Decor,Lighting,106,179648.8,1694.8,0,0,0.0,664.0,21.0,384.0,780.71,1694.8
SKU0006,2025-07-14,Decor,Lighting,92,155921.59999999998,1694.8,0,0,723.0,723.0,21.0,384.0,780.71,1694.8
SKU0006,2025-07-21,Decor,Lighting,72,122025.6,1694.8,0,0,621.0,0.0,21.0,384.0,780.71,1694.8
SKU0006,2025-07-28,Decor,Lighting,76,128804.8,1694.8,0,0,540.0,0.0,21.0,384.0,780.71,1694.8
SKU0006,2025-08-04,Decor,Lighting,72,122025.6,1694.8,0,0,454.0,0.0,21.0,384.0,780.71,1694.8
SKU0006,2025-08-11,Decor,Lighting,91,154226.8,1694.8,0,1,1012.0,644.0,21.0,384.0,780.71,1694.8
SKU0006,2025-08-18,Decor,Lighting,86,145752.8,1694.8,0,0,946.0,0.0,21.0,384.0,780.71,1694.8
SKU0006,2025-08-25,Decor,Lighting,78,132194.4,1694.8,0,0,853.0,0.0,21.0,384.0,780.71,1694.8
SKU0006,2025-09-01,Decor,Lighting,55,93214.0,1694.8,0,0,765.0,0.0,21.0,384.0,780.71,1694.8
SKU0006,2025-09-08,Decor,Lighting,66,111856.8,1694.8,0,0,689.0,0.0,21.0,384.0,780.71,1694.8
SKU0006,2025-09-15,Decor,Lighting,70,118636.0,1694.8,0,0,626.0,0.0,21.0,384.0,780.71,1694.8
SKU0006,2025-09-22,Decor,Lighting,84,142363.2,1694.8,0,0,553.0,0.0,21.0,384.0,780.71,1694.8
SKU0006,2025-09-29,Decor,Lighting,74,125415.2,1694.8,0,1,485.0,0.0,21.0,384.0,780.71,1694.8
SKU0006,2025-10-06,Decor,Lighting,54,91519.2,1694.8,0,0,412.0,0.0,21.0,384.0,780.71,1694.8
SKU0006,2025-10-13,Decor,Lighting,67,113551.6,1694.8,0,0,340.0,0.0,21.0,384.0,780.71,1694.8
SKU0006,2025-10-20,Decor,Lighting,94,132597.47,1408.02,7,0,279.0,0.0,21.0,384.0,780.71,1694.8
SKU0006,2025-10-27,Decor,Lighting,98,147817.63,1558.7314285714283,3,0,891.0,679.0,21.0,384.0,780.71,1694.8
SKU0006,2025-11-03,Decor,Lighting,70,118636.0,1694.8,0,0,806.0,0.0,21.0,384.0,780.71,1694.8
SKU0006,2025-11-10,Decor,Lighting,67,113551.6,1694.8,0,1,714.0,0.0,21.0,384.0,780.71,1694.8
SKU0006,2025-11-17,Decor,Lighting,70,118636.0,1694.8,0,0,634.0,0.0,21.0,384.0,780.71,1694.8
SKU0006,2025-11-24,Decor,Lighting,155,223346.63,1470.1871428571428,6,0,564.0,0.0,21.0,384.0,780.71,1694.8
SKU0006,2025-12-01,Decor,Lighting,87,147447.6,1694.8,0,0,472.0,0.0,21.0,384.0,780.71,1694.8
SKU0006,2025-12-08,Decor,Lighting,92,155921.59999999998,1694.8,0,0,367.0,728.0,21.0,384.0,780.71,1694.8
SKU0006,2025-12-15,Decor,Lighting,90,152532.0,1694.8,0,0,271.0,0.0,21.0,384.0,780.71,1694.8
SKU0006,2025-12-22,Decor,Lighting,100,169480.0,1694.8,0,1,167.0,654.0,21.0,384.0,780.71,1694.8
SKU0007,2025-02-17,Decor,Wall Art,87,496702.14,5709.22,0,0,,,,,1684.48,5709.22
SKU0007,2025-02-24,Decor,Wall Art,129,736489.38,5709.22,0,0,234.0,0.0,21.0,395.0,1684.48,5709.22
SKU0007,2025-03-03,Decor,Wall Art,136,776453.92,5709.22,0,0,103.0,737.0,21.0,395.0,1684.48,5709.22
SKU0007,2025-03-10,Decor,Wall Art,134,765035.48,5709.22,0,0,0.0,0.0,21.0,395.0,1684.48,5709.22
SKU0007,2025-03-17,Decor,Wall Art,141,805000.02,5709.22,0,0,485.0,485.0,21.0,395.0,1684.48,5709.22
SKU0007,2025-03-24,Decor,Wall Art,134,765035.48,5709.22,0,0,379.0,682.0,21.0,395.0,1684.48,5709.22
SKU0007,2025-03-31,Decor,Wall Art,127,725070.9400000001,5709.22,0,0,235.0,651.0,21.0,395.0,1684.48,5709.22
SKU0007,2025-04-07,Decor,Wall Art,125,713652.5,5709.22,0,0,124.0,566.0,21.0,395.0,1684.48,5709.22
SKU0007,2025-04-14,Decor,Wall Art,119,679397.18,5709.22,0,0,1.0,496.0,21.0,395.0,1684.48,5709.22
SKU0007,2025-04-21,Decor,Wall Art,129,736489.38,5709.22,0,0,0.0,576.0,21.0,395.0,1684.48,5709.22
SKU0007,2025-04-28,Decor,Wall Art,123,702234.06,5709.22,0,0,0.0,765.0,21.0,395.0,1684.48,5709.22
SKU0007,2025-05-05,Decor,Wall Art,141,805000.02,5709.22,0,0,0.0,664.0,21.0,395.0,1684.48,5709.22
SKU0007,2025-05-12,Decor,Wall Art,109,622304.98,5709.22,0,0,0.0,0.0,21.0,395.0,1684.48,5709.22
SKU0007,2025-05-19,Decor,Wall Art,126,719361.72,5709.22,0,0,0.0,525.0,21.0,395.0,1684.48,5709.22
SKU0007,2025-05-26,Decor,Wall Art,153,820708.4600000001,5537.784285714287,1,0,0.0,0.0,21.0,395.0,1684.48,5709.22
SKU0007,2025-06-02,Decor,Wall Art,317,1495722.3,4703.5542857142855,7,0,0.0,553.0,21.0,395.0,1684.48,5709.22
SKU0007,2025-06-09,Decor,Wall Art,109,622304.98,5709.22,0,0,547.0,547.0,21.0,395.0,1684.48,5709.22
SKU0007,2025-06-16,Decor,Wall Art,91,519539.02,5709.22,0,0,387.0,0.0,21.0,395.0,1684.48,5709.22
SKU0007,2025-06-23,Decor,Wall Art,80,456737.6,5709.22,0,0,239.0,542.0,21.0,395.0,1684.48,5709.22
SKU0007,2025-06-30,Decor,Wall Art,97,553794.3400000001,5709.22,0,0,104.0,0.0,21.0,395.0,1684.48,5709.22
SKU0007,2025-07-07,Decor,Wall Art,96,548085.12,5709.22,0,0,15.0,756.0,21.0,395.0,1684.48,5709.22
SKU0007,2025-07-14,Decor,Wall Art,77,439609.94,5709.22,0,0,0.0,789.0,21.0,395.0,1684.48,5709.22
SKU0007,2025-07-21,Decor,Wall Art,86,490992.92,5709.22,0,0,0.0,0.0,21.0,395.0,1684.48,5709.22
SKU0007,2025-07-28,Decor,Wall Art,85,485283.7,5709.22,0,0,0.0,492.0,21.0,395.0,1684.48,5709.22
SKU0007,2025-08-04,Decor,Wall Art,75,428191.5,5709.22,0,0,0.0,0.0,21.0,395.0,1684.48,5709.22
SKU0007,2025-08-11,Decor,Wall Art,58,331134.76,5709.22,0,1,0.0,758.0,21.0,395.0,1684.48,5709.22
SKU0007,2025-08-18,Decor,Wall Art,78,445319.16,5709.22,0,0,0.0,0.0,21.0,395.0,1684.48,5709.22
SKU0007,2025-08-25,Decor,Wall Art,59,336843.98000000004,5709.22,0,0,0.0,0.0,21.0,395.0,1684.48,5709.22
SKU0007,2025-09-01,Decor,Wall Art,71,405354.62,5709.22,0,0,0.0,0.0,21.0,395.0,1684.48,5709.22
SKU0007,2025-09-08,Decor,Wall Art,60,342553.2,5709.22,0,0,0.0,765.0,21.0,395.0,1684.48,5709.22
SKU0007,2025-09-15,Decor,Wall Art,73,416773.06000000006,5709.22,0,0,0.0,627.0,21.0,395.0,1684.48,5709.22
SKU0007,2025-09-22,Decor,Wall Art,51,291170.22000000003,5709.22,0,0,531.0,531.0,21.0,395.0,1684.48,5709.22
SKU0007,2025-09-29,Decor,Wall Art,67,382517.74,5709.22,0,1,472.0,0.0,21.0,395.0,1684.48,5709.22
SKU0007,2025-10-06,Decor,Wall Art,82,468156.04,5709.22,0,0,405.0,0.0,21.0,395.0,1684.48,5709.22
SKU0007,2025-10-13,Decor,Wall Art,57,325425.54000000004,5709.22,0,0,347.0,0.0,21.0,395.0,1684.48,5709.22
SKU0007,2025-10-20,Decor,Wall Art,133,639240.61,4775.611428571428,7,0,287.0,710.0,21.0,395.0,1684.48,5709.22
SKU0007,2025-10-27,Decor,Wall Art,100,527062.9600000001,5374.827142857143,3,0,728.0,527.0,21.0,395.0,1684.48,5709.22
SKU0007,2025-11-03,Decor,Wall Art,54,308297.88,5709.22,0,0,643.0,0.0,21.0,395.0,1684.48,5709.22
SKU0007,2025-11-10,Decor,Wall Art,55,314007.10000000003,5709.22,0,1,563.0,0.0,21.0,395.0,1684.48,5709.22
SKU0007,2025-11-17,Decor,Wall Art,77,439609.94,5709.22,0,0,469.0,0.0,21.0,395.0,1684.48,5709.22
SKU0007,2025-11-24,Decor,Wall Art,134,627661.79,4806.071428571428,6,0,406.0,0.0,21.0,395.0,1684.48,5709.22
SKU0007,2025-12-01,Decor,Wall Art,87,496702.14,5709.22,0,0,315.0,0.0,21.0,395.0,1684.48,5709.22
SKU0007,2025-12-08,Decor,Wall Art,102,582340.4400000001,5709.22,0,0,231.0,780.0,21.0,395.0,1684.48,5709.22
SKU0007,2025-12-15,Decor,Wall Art,87,496702.14,5709.22,0,0,133.0,669.0,21.0,395.0,1684.48,5709.22
SKU0007,2025-12-22,Decor,Wall Art,115,656560.3,5709.22,0,1,571.0,556.0,21.0,395.0,1684.48,5709.22
SKU0008,2024-05-20,Furniture,Storage,161,804061.37,4994.17,0,0,,,,,2825.23,4994.17
SKU0008,2024-05-27,Furniture,Storage,471,2147885.39,4771.410000000001,2,0,321.0,785.0,10.0,487.0,2825.23,4994.17
SKU0008,2024-06-03,Furniture,Storage,663,2739823.48,4216.63,6,0,0.0,0.0,10.0,487.0,2825.23,4994.17
SKU0008,2024-06-10,Furniture,Storage,277,1383385.09,4994.17,0,0,615.0,615.0,10.0,487.0,2825.23,4994.17
SKU0008,2024-06-17,Furniture,Storage,287,1433326.79,4994.17,0,0,126.0,963.0,10.0,487.0,2825.23,4994.17
SKU0008,2024-06-24,Furniture,Storage,241,1203594.97,4994.17,0,0,0.0,647.0,10.0,487.0,2825.23,4994.17
SKU0008,2024-07-01,Furniture,Storage,275,1373396.75,4994.17,0,0,601.0,601.0,10.0,487.0,2825.23,4994.17
SKU0008,2024-07-08,Furniture,Storage,232,1158647.44,4994.17,0,0,359.0,680.0,10.0,487.0,2825.23,4994.17
SKU0008,2024-07-15,Furniture,Storage,232,1158647.44,4994.17,0,0,137.0,761.0,10.0,487.0,2825.23,4994.17
SKU0008,2024-07-22,Furniture,Storage,188,938903.96,4994.17,0,0,0.0,0.0,10.0,487.0,2825.23,4994.17
SKU0008,2024-07-29,Furniture,Storage,226,1128682.42,4994.17,0,0,0.0,712.0,10.0,487.0,2825.23,4994.17
SKU0008,2024-08-05,Furniture,Storage,212,1058764.04,4994.17,0,0,0.0,0.0,10.0,487.0,2825.23,4994.17
SKU0008,2024-08-12,Furniture,Storage,174,868985.58,4994.17,0,1,0.0,0.0,10.0,487.0,2825.23,4994.17
SKU0008,2024-08-19,Furniture,Storage,189,943898.13,4994.17,0,0,0.0,853.0,10.0,487.0,2825.23,4994.17
SKU0008,2024-08-26,Furniture,Storage,208,1038787.36,4994.17,0,0,0.0,0.0,10.0,487.0,2825.23,4994.17
SKU0008,2024-09-02,Furniture,Storage,184,918927.28,4994.17,0,0,0.0,0.0,10.0,487.0,2825.23,4994.17
SKU0008,2024-09-09,Furniture,Storage,150,749125.5,4994.17,0,0,0.0,620.0,10.0,487.0,2825.23,4994.17
SKU0008,2024-09-16,Furniture,Storage,143,714166.3099999999,4994.17,0,0,0.0,0.0,10.0,487.0,2825.23,4994.17
SKU0008,2024-09-23,Furniture,Storage,171,854003.0700000001,4994.17,0,0,603.0,603.0,10.0,487.0,2825.23,4994.17
SKU0008,2024-09-30,Furniture,Storage,172,858997.24,4994.17,0,1,460.0,797.0,10.0,487.0,2825.23,4994.17
SKU0008,2024-10-07,Furniture,Storage,175,873979.75,4994.17,0,0,323.0,690.0,10.0,487.0,2825.23,4994.17
SKU0008,2024-10-14,Furniture,Storage,244,1164880.21,4911.685714285714,1,0,963.0,811.0,10.0,487.0,2825.23,4994.17
SKU0008,2024-10-21,Furniture,Storage,348,1444653.97,4151.272857142857,7,0,797.0,0.0,10.0,487.0,2825.23,4994.17
SKU0008,2024-10-28,Furniture,Storage,256,1157222.44,4688.352857142857,2,0,556.0,0.0,10.0,487.0,2825.23,4994.17
SKU0008,2024-11-04,Furniture,Storage,177,883968.0900000001,4994.17,0,0,1190.0,918.0,10.0,487.0,2825.23,4994.17
SKU0008,2024-11-11,Furniture,Storage,205,1023804.85,4994.17,0,1,937.0,0.0,10.0,487.0,2825.23,4994.17
SKU0008,2024-11-18,Furniture,Storage,198,988845.66,4994.17,0,0,693.0,0.0,10.0,487.0,2825.23,4994.17
SKU0008,2024-11-25,Furniture,Storage,370,1558690.53,4267.921428571429,6,0,497.0,0.0,10.0,487.0,2825.23,4994.17
SKU0008,2024-12-02,Furniture,Storage,209,1043781.53,4994.17,0,0,262.0,0.0,10.0,487.0,2825.23,4994.17
SKU0008,2024-12-09,Furniture,Storage,205,1023804.85,4994.17,0,0,33.0,0.0,10.0,487.0,2825.23,4994.17
SKU0008,2024-12-16,Furniture,Storage,257,1283501.69,4994.17,0,0,0.0,0.0,10.0,487.0,2825.23,4994.17
SKU0008,2024-12-23,Furniture,Storage,220,1098717.4,4994.17,0,1,0.0,0.0,10.0,487.0,2825.23,4994.17
SKU0008,2024-12-30,Furniture,Storage,273,1363408.41,4994.17,0,1,0.0,0.0,10.0,487.0,2825.23,4994.17
SKU0008,2025-01-06,Furniture,Storage,278,1388379.26,4994.17,0,0,754.0,754.0,10.0,487.0,2825.23,4994.17
SKU0008,2025-01-13,Furniture,Storage,553,2360996.97,4400.2414285714285,5,0,489.0,0.0,10.0,487.0,2825.23,4994.17
SKU0008,2025-01-20,Furniture,Storage,348,1538528.18,4556.967142857143,3,1,118.0,0.0,10.0,487.0,2825.23,4994.17
SKU0008,2025-01-27,Furniture,Storage,274,1368402.58,4994.17,0,0,0.0,709.0,10.0,487.0,2825.23,4994.17
SKU0008,2025-02-03,Furniture,Storage,311,1553186.87,4994.17,0,0,0.0,973.0,10.0,487.0,2825.23,4994.17
SKU0008,2025-02-10,Furniture,Storage,265,1323455.05,4994.17,0,0,0.0,802.0,10.0,487.0,2825.23,4994.17
SKU0008,2025-02-17,Furniture,Storage,361,1802895.37,4994.17,0,0,0.0,0.0,10.0,487.0,2825.23,4994.17
SKU0008,2025-02-24,Furniture,Storage,312,1558181.04,4994.17,0,0,725.0,725.0,10.0,487.0,2825.23,4994.17
SKU0008,2025-03-03,Furniture,Storage,306,1528216.02,4994.17,0,0,413.0,862.0,10.0,487.0,2825.23,4994.17
SKU0008,2025-03-10,Furniture,Storage,369,1842848.73,4994.17,0,0,117.0,0.0,10.0,487.0,2825.23,4994.17
SKU0008,2025-03-17,Furniture,Storage,372,1857831.24,4994.17,0,0,0.0,0.0,10.0,487.0,2825.23,4994.17
SKU0008,2025-03-24,Furniture,Storage,313,1563175.21,4994.17,0,0,751.0,751.0,10.0,487.0,2825.23,4994.17
SKU0008,2025-03-31,Furniture,Storage,363,1812883.71,4994.17,0,0,394.0,0.0,10.0,487.0,2825.23,4994.17
SKU0008,2025-04-07,Furniture,Storage,346,1727982.82,4994.17,0,0,73.0,0.0,10.0,487.0,2825.23,4994.17
SKU0008,2025-04-14,Furniture,Storage,292,1458297.64,4994.17,0,0,0.0,0.0,10.0,487.0,2825.23,4994.17
SKU0008,2025-04-21,Furniture,Storage,299,1493256.83,4994.17,0,0,0.0,0.0,10.0,487.0,2825.23,4994.17
SKU0008,2025-04-28,Furniture,Storage,336,1678041.12,4994.17,0,0,0.0,704.0,10.0,487.0,2825.23,4994.17
SKU0008,2025-05-05,Furniture,Storage,291,1453303.47,4994.17,0,0,0.0,874.0,10.0,487.0,2825.23,4994.17
SKU0008,2025-05-12,Furniture,Storage,353,1762942.01,4994.17,0,0,0.0,683.0,10.0,487.0,2825.23,4994.17
SKU0008,2025-05-19,Furniture,Storage,293,1463291.81,4994.17,0,0,0.0,685.0,10.0,487.0,2825.23,4994.17
SKU0008,2025-05-26,Furniture,Storage,393,1896957.41,4921.915714285715,1,0,0.0,782.0,10.0,487.0,2825.23,4994.17
SKU0008,2025-06-02,Furniture,Storage,659,2891377.64,4388.602857142857,7,0,0.0,0.0,10.0,487.0,2825.23,4994.17
SKU0008,2025-06-09,Furniture,Storage,317,1583151.89,4994.17,0,0,0.0,0.0,10.0,487.0,2825.23,4994.17
SKU0008,2025-06-16,Furniture,Storage,248,1238554.16,4994.17,0,0,0.0,0.0,10.0,487.0,2825.23,4994.17
SKU0008,2025-06-23,Furniture,Storage,257,1283501.69,4994.17,0,0,658.0,658.0,10.0,487.0,2825.23,4994.17
SKU0008,2025-06-30,Furniture,Storage,241,1203594.97,4994.17,0,0,312.0,626.0,10.0,487.0,2825.23,4994.17
SKU0008,2025-07-07,Furniture,Storage,263,1313466.71,4994.17,0,0,783.0,729.0,10.0,487.0,2825.23,4994.17
SKU0008,2025-07-14,Furniture,Storage,193,963874.81,4994.17,0,0,518.0,0.0,10.0,487.0,2825.23,4994.17
SKU0008,2025-07-21,Furniture,Storage,185,923921.45,4994.17,0,0,311.0,0.0,10.0,487.0,2825.23,4994.17
SKU0008,2025-07-28,Furniture,Storage,207,1033793.19,4994.17,0,0,95.0,0.0,10.0,487.0,2825.23,4994.17
SKU0008,2025-08-04,Furniture,Storage,209,1043781.53,4994.17,0,0,0.0,0.0,10.0,487.0,2825.23,4994.17
SKU0008,2025-08-11,Furniture,Storage,180,898950.6,4994.17,0,1,0.0,0.0,10.0,487.0,2825.23,4994.17
SKU0008,2025-08-18,Furniture,Storage,174,868985.5800000001,4994.17,0,0,0.0,925.0,10.0,487.0,2825.23,4994.17
SKU0008,2025-08-25,Furniture,Storage,209,1043781.53,4994.17,0,0,0.0,641.0,10.0,487.0,2825.23,4994.17
SKU0008,2025-09-01,Furniture,Storage,146,729148.82,4994.17,0,0,0.0,879.0,10.0,487.0,2825.23,4994.17
SKU0008,2025-09-08,Furniture,Storage,174,868985.5800000001,4994.17,0,0,0.0,0.0,10.0,487.0,2825.23,4994.17
SKU0008,2025-09-15,Furniture,Storage,149,744131.33,4994.17,0,0,0.0,0.0,10.0,487.0,2825.23,4994.17
SKU0008,2025-09-22,Furniture,Storage,165,824038.05,4994.17,0,0,0.0,698.0,10.0,487.0,2825.23,4994.17
SKU0008,2025-09-29,Furniture,Storage,160,799067.2,4994.17,0,1,0.0,907.0,10.0,487.0,2825.23,4994.17
SKU0008,2025-10-06,Furniture,Storage,160,799067.2,4994.17,0,0,0.0,625.0,10.0,487.0,2825.23,4994.17
SKU0008,2025-10-13,Furniture,Storage,134,669218.78,4994.17,0,0,0.0,890.0,10.0,487.0,2825.23,4994.17
SKU0008,2025-10-20,Furniture,Storage,411,1654515.56,4041.647142857143,7,0,0.0,0.0,10.0,487.0,2825.23,4994.17
SKU0008,2025-10-27,Furniture,Storage,243,1075320.46,4603.864285714286,3,0,0.0,0.0,10.0,487.0,2825.23,4994.17
SKU0008,2025-11-03,Furniture,Storage,173,863991.41,4994.17,0,0,772.0,772.0,10.0,487.0,2825.23,4994.17
SKU0008,2025-11-10,Furniture,Storage,174,868985.58,4994.17,0,1,503.0,0.0,10.0,487.0,2825.23,4994.17
SKU0008,2025-11-17,Furniture,Storage,155,774096.3500000001,4994.17,0,0,238.0,0.0,10.0,487.0,2825.23,4994.17
SKU0008,2025-11-24,Furniture,Storage,360,1501471.46,4248.527142857142,6,0,968.0,901.0,10.0,487.0,2825.23,4994.17
SKU0008,2025-12-01,Furniture,Storage,186,928915.62,4994.17,0,0,744.0,0.0,10.0,487.0,2825.23,4994.17
SKU0008,2025-12-08,Furniture,Storage,204,1018810.68,4994.17,0,0,553.0,0.0,10.0,487.0,2825.23,4994.17
SKU0008,2025-12-15,Furniture,Storage,235,1173629.95,4994.17,0,0,331.0,663.0,10.0,487.0,2825.23,4994.17
SKU0008,2025-12-22,Furniture,Storage,262,1308472.54,4994.17,0,1,67.0,0.0,10.0,487.0,2825.23,4994.17
SKU0009,2024-11-25,Small Appliances,Cleaning,86,551072.35,6510.1675,3,0,,,,,2909.11,7380.05
SKU0009,2024-12-02,Small Appliances,Cleaning,96,708484.8,7380.05,0,0,330.0,197.0,7.0,160.0,2909.11,7380.05
SKU0009,2024-12-09,Small Appliances,Cleaning,75,553503.75,7380.05,0,0,213.0,0.0,7.0,160.0,2909.11,7380.05
SKU0009,2024-12-16,Small Appliances,Cleaning,124,915126.2,7380.05,0,0,123.0,287.0,7.0,160.0,2909.11,7380.05
SKU0009,2024-12-23,Small Appliances,Cleaning,119,878225.9500000001,7380.05,0,1,2.0,0.0,7.0,160.0,2909.11,7380.05
SKU0009,2024-12-30,Small Appliances,Cleaning,122,900366.1000000001,7380.05,0,1,0.0,253.0,7.0,160.0,2909.11,7380.05
SKU0009,2025-01-06,Small Appliances,Cleaning,148,1092247.4,7380.05,0,0,0.0,0.0,7.0,160.0,2909.11,7380.05
SKU0009,2025-01-13,Small Appliances,Cleaning,234,1478945.9,6479.387142857143,5,0,253.0,253.0,7.0,160.0,2909.11,7380.05
SKU0009,2025-01-20,Small Appliances,Cleaning,149,987080.96,6769.099999999999,3,1,372.0,293.0,7.0,160.0,2909.11,7380.05
SKU0009,2025-01-27,Small Appliances,Cleaning,138,1018446.9,7380.05,0,0,220.0,0.0,7.0,160.0,2909.11,7380.05
SKU0009,2025-02-03,Small Appliances,Cleaning,149,1099627.45,7380.05,0,0,295.0,254.0,7.0,160.0,2909.11,7380.05
SKU0009,2025-02-10,Small Appliances,Cleaning,148,1092247.4,7380.05,0,0,155.0,0.0,7.0,160.0,2909.11,7380.05
SKU0009,2025-02-17,Small Appliances,Cleaning,101,745385.05,7380.05,0,0,31.0,204.0,7.0,160.0,2909.11,7380.05
SKU0009,2025-02-24,Small Appliances,Cleaning,184,1357929.2,7380.05,0,0,0.0,202.0,7.0,160.0,2909.11,7380.05
SKU0009,2025-03-03,Small Appliances,Cleaning,134,988926.7,7380.05,0,0,0.0,0.0,7.0,160.0,2909.11,7380.05
SKU0009,2025-03-10,Small Appliances,Cleaning,168,1239848.4,7380.05,0,0,0.0,249.0,7.0,160.0,2909.11,7380.05
SKU0009,2025-03-17,Small Appliances,Cleaning,171,1261988.55,7380.05,0,0,0.0,236.0,7.0,160.0,2909.11,7380.05
SKU0009,2025-03-24,Small Appliances,Cleaning,161,1188188.05,7380.05,0,0,230.0,230.0,7.0,160.0,2909.11,7380.05
SKU0009,2025-03-31,Small Appliances,Cleaning,113,833945.65,7380.05,0,0,376.0,305.0,7.0,160.0,2909.11,7380.05
SKU0009,2025-04-07,Small Appliances,Cleaning,150,1107007.5,7380.05,0,0,237.0,0.0,7.0,160.0,2909.11,7380.05
SKU0009,2025-04-14,Small Appliances,Cleaning,172,1269368.6,7380.05,0,0,92.0,0.0,7.0,160.0,2909.11,7380.05
SKU0009,2025-04-21,Small Appliances,Cleaning,167,1232468.35,7380.05,0,0,0.0,0.0,7.0,160.0,2909.11,7380.05
SKU0009,2025-04-28,Small Appliances,Cleaning,162,1195568.1,7380.05,0,0,0.0,274.0,7.0,160.0,2909.11,7380.05
SKU0009,2025-05-05,Small Appliances,Cleaning,154,1136527.7,7380.05,0,0,198.0,198.0,7.0,160.0,2909.11,7380.05
SKU0009,2025-05-12,Small Appliances,Cleaning,125,922506.25,7380.05,0,0,27.0,0.0,7.0,160.0,2909.11,7380.05
SKU0009,2025-05-19,Small Appliances,Cleaning,137,1011066.85,7380.05,0,0,0.0,264.0,7.0,160.0,2909.11,7380.05
SKU0009,2025-05-26,Small Appliances,Cleaning,166,1189076.48,7248.138571428572,1,0,0.0,0.0,7.0,160.0,2909.11,7380.05
SKU0009,2025-06-02,Small Appliances,Cleaning,240,1445994.27,6030.875714285714,7,0,0.0,227.0,7.0,160.0,2909.11,7380.05
SKU0009,2025-06-09,Small Appliances,Cleaning,143,1055347.15,7380.05,0,0,271.0,271.0,7.0,160.0,2909.11,7380.05
SKU0009,2025-06-16,Small Appliances,Cleaning,143,1055347.15,7380.05,0,0,86.0,0.0,7.0,160.0,2909.11,7380.05
SKU0009,2025-06-23,Small Appliances,Cleaning,126,929886.3,7380.05,0,0,0.0,0.0,7.0,160.0,2909.11,7380.05
SKU0009,2025-06-30,Small Appliances,Cleaning,129,952026.45,7380.05,0,0,0.0,0.0,7.0,160.0,2909.11,7380.05
SKU0009,2025-07-07,Small Appliances,Cleaning,108,797045.4,7380.05,0,0,281.0,281.0,7.0,160.0,2909.11,7380.05
SKU0009,2025-07-14,Small Appliances,Cleaning,122,900366.1000000001,7380.05,0,0,161.0,0.0,7.0,160.0,2909.11,7380.05
SKU0009,2025-07-21,Small Appliances,Cleaning,123,907746.15,7380.05,0,0,39.0,0.0,7.0,160.0,2909.11,7380.05
SKU0009,2025-07-28,Small Appliances,Cleaning,83,612544.15,7380.05,0,0,0.0,249.0,7.0,160.0,2909.11,7380.05
SKU0009,2025-08-04,Small Appliances,Cleaning,83,612544.15,7380.05,0,0,0.0,0.0,7.0,160.0,2909.11,7380.05
SKU0009,2025-08-11,Small Appliances,Cleaning,74,546123.7,7380.05,0,1,0.0,0.0,7.0,160.0,2909.11,7380.05
SKU0009,2025-08-18,Small Appliances,Cleaning,86,634684.3,7380.05,0,0,0.0,0.0,7.0,160.0,2909.11,7380.05
SKU0009,2025-08-25,Small Appliances,Cleaning,87,642064.35,7380.05,0,0,299.0,299.0,7.0,160.0,2909.11,7380.05
SKU0009,2025-09-01,Small Appliances,Cleaning,85,627304.25,7380.05,0,0,204.0,0.0,7.0,160.0,2909.11,7380.05
SKU0009,2025-09-08,Small Appliances,Cleaning,78,575643.9,7380.05,0,0,125.0,252.0,7.0,160.0,2909.11,7380.05
SKU0009,2025-09-15,Small Appliances,Cleaning,74,546123.7,7380.05,0,0,34.0,256.0,7.0,160.0,2909.11,7380.05
SKU0009,2025-09-22,Small Appliances,Cleaning,54,398522.7,7380.05,0,0,0.0,195.0,7.0,160.0,2909.11,7380.05
SKU0009,2025-09-29,Small Appliances,Cleaning,67,494463.35,7380.05,0,1,0.0,0.0,7.0,160.0,2909.11,7380.05
SKU0009,2025-10-06,Small Appliances,Cleaning,89,656824.45,7380.05,0,0,0.0,258.0,7.0,160.0,2909.11,7380.05
SKU0009,2025-10-13,Small Appliances,Cleaning,70,516603.5,7380.05,0,0,0.0,0.0,7.0,160.0,2909.11,7380.05
SKU0009,2025-10-20,Small Appliances,Cleaning,150,941862.43,6294.552857142858,7,0,0.0,283.0,7.0,160.0,2909.11,7380.05
SKU0009,2025-10-27,Small Appliances,Cleaning,71,482273.71,6880.610000000001,3,0,0.0,0.0,7.0,160.0,2909.11,7380.05
SKU0009,2025-11-03,Small Appliances,Cleaning,85,627304.25,7380.05,0,0,0.0,0.0,7.0,160.0,2909.11,7380.05
SKU0009,2025-11-10,Small Appliances,Cleaning,85,627304.25,7380.05,0,1,0.0,262.0,7.0,160.0,2909.11,7380.05
SKU0009,2025-11-17,Small Appliances,Cleaning,92,678964.6,7380.05,0,0,0.0,281.0,7.0,160.0,2909.11,7380.05
SKU0009,2025-11-24,Small Appliances,Cleaning,159,961760.4,6140.277142857143,6,0,0.0,223.0,7.0,160.0,2909.11,7380.05
SKU0009,2025-12-01,Small Appliances,Cleaning,100,738005.0,7380.05,0,0,0.0,0.0,7.0,160.0,2909.11,7380.05
SKU0009,2025-12-08,Small Appliances,Cleaning,101,745385.05,7380.05,0,0,222.0,222.0,7.0,160.0,2909.11,7380.05
SKU0009,2025-12-15,Small Appliances,Cleaning,98,723244.9,7380.05,0,0,102.0,0.0,7.0,160.0,2909.11,7380.05
SKU0009,2025-12-22,Small Appliances,Cleaning,134,988926.7,7380.05,0,1,0.0,0.0,7.0,160.0,2909.11,7380.05
SKU0010,2024-02-26,Furniture,Seating,46,276212.06,6004.61,0,0,,,,,2773.09,6004.61
SKU0010,2024-03-04,Furniture,Seating,53,318244.33,6004.61,0,0,132.0,0.0,10.0,88.0,2773.09,6004.61
SKU0010,2024-03-11,Furniture,Seating,56,336258.16,6004.61,0,0,74.0,153.0,10.0,88.0,2773.09,6004.61
SKU0010,2024-03-18,Furniture,Seating,59,354271.99,6004.61,0,0,16.0,154.0,10.0,88.0,2773.09,6004.61
SKU0010,2024-03-25,Furniture,Seating,72,432331.92,6004.61,0,0,0.0,131.0,10.0,88.0,2773.09,6004.61
SKU0010,2024-04-01,Furniture,Seating,63,378290.43,6004.61,0,0,0.0,161.0,10.0,88.0,2773.09,6004.61
SKU0010,2024-04-08,Furniture,Seating,67,402308.87,6004.61,0,0,0.0,0.0,10.0,88.0,2773.09,6004.61
SKU0010,2024-04-15,Furniture,Seating,55,330253.55,6004.61,0,0,148.0,148.0,10.0,88.0,2773.09,6004.61
SKU0010,2024-04-22,Furniture,Seating,71,426327.31,6004.61,0,0,242.0,155.0,10.0,88.0,2773.09,6004.61
SKU0010,2024-04-29,Furniture,Seating,48,288221.28,6004.61,0,0,169.0,0.0,10.0,88.0,2773.09,6004.61
SKU0010,2024-05-06,Furniture,Seating,62,372285.82,6004.61,0,0,109.0,0.0,10.0,88.0,2773.09,6004.61
SKU0010,2024-05-13,Furniture,Seating,52,312239.72,6004.61,0,0,209.0,167.0,10.0,88.0,2773.09,6004.61
SKU0010,2024-05-20,Furniture,Seating,51,306235.11,6004.61,0,0,148.0,0.0,10.0,88.0,2773.09,6004.61
SKU0010,2024-05-27,Furniture,Seating,58,308849.54,5664.547142857143,2,0,92.0,0.0,10.0,88.0,2773.09,6004.61
SKU0010,2024-06-03,Furniture,Seating,61,304014.17,4999.261428571429,6,0,37.0,0.0,10.0,88.0,2773.09,6004.61
SKU0010,2024-06-10,Furniture,Seating,48,288221.28,6004.61,0,0,0.0,0.0,10.0,88.0,2773.09,6004.61
SKU0010,2024-06-17,Furniture,Seating,46,276212.06,6004.61,0,0,0.0,162.0,10.0,88.0,2773.09,6004.61
SKU0010,2024-06-24,Furniture,Seating,38,228175.18,6004.61,0,0,0.0,0.0,10.0,88.0,2773.09,6004.61
SKU0010,2024-07-01,Furniture,Seating,42,252193.62,6004.61,0,0,0.0,149.0,10.0,88.0,2773.09,6004.61
SKU0010,2024-07-08,Furniture,Seating,38,228175.18,6004.61,0,0,0.0,0.0,10.0,88.0,2773.09,6004.61
SKU0010,2024-07-15,Furniture,Seating,49,294225.89,6004.61,0,0,0.0,0.0,10.0,88.0,2773.09,6004.61
SKU0010,2024-07-22,Furniture,Seating,38,228175.18,6004.61,0,0,0.0,0.0,10.0,88.0,2773.09,6004.61
SKU0010,2024-07-29,Furniture,Seating,44,264202.84,6004.61,0,0,0.0,0.0,10.0,88.0,2773.09,6004.61
SKU0010,2024-08-05,Furniture,Seating,32,192147.52,6004.61,0,0,128.0,128.0,10.0,88.0,2773.09,6004.61
SKU0010,2024-08-12,Furniture,Seating,29,174133.69,6004.61,0,1,86.0,120.0,10.0,88.0,2773.09,6004.61
SKU0010,2024-08-19,Furniture,Seating,36,216165.96,6004.61,0,0,217.0,171.0,10.0,88.0,2773.09,6004.61
SKU0010,2024-08-26,Furniture,Seating,35,210161.35,6004.61,0,0,187.0,0.0,10.0,88.0,2773.09,6004.61
SKU0010,2024-09-02,Furniture,Seating,40,240184.4,6004.61,0,0,149.0,0.0,10.0,88.0,2773.09,6004.61
SKU0010,2024-09-09,Furniture,Seating,33,198152.13,6004.61,0,0,110.0,0.0,10.0,88.0,2773.09,6004.61
SKU0010,2024-09-16,Furniture,Seating,35,210161.35,6004.61,0,0,203.0,123.0,10.0,88.0,2773.09,6004.61
SKU0010,2024-09-23,Furniture,Seating,25,150115.24999999997,6004.61,0,0,165.0,0.0,10.0,88.0,2773.09,6004.61
SKU0010,2024-09-30,Furniture,Seating,28,168129.08,6004.61,0,1,135.0,0.0,10.0,88.0,2773.09,6004.61
SKU0010,2024-10-07,Furniture,Seating,30,180138.3,6004.61,0,0,109.0,0.0,10.0,88.0,2773.09,6004.61
SKU0010,2024-10-14,Furniture,Seating,34,193796.58,5819.607142857143,1,0,81.0,0.0,10.0,88.0,2773.09,6004.61
SKU0010,2024-10-21,Furniture,Seating,60,305798.68,5059.325714285714,7,0,51.0,0.0,10.0,88.0,2773.09,6004.61
SKU0010,2024-10-28,Furniture,Seating,32,185729.2,5749.007142857142,2,0,17.0,0.0,10.0,88.0,2773.09,6004.61
SKU0010,2024-11-04,Furniture,Seating,33,198152.13,6004.61,0,0,0.0,0.0,10.0,88.0,2773.09,6004.61
SKU0010,2024-11-11,Furniture,Seating,29,174133.69,6004.61,0,1,131.0,131.0,10.0,88.0,2773.09,6004.61
SKU0010,2024-11-18,Furniture,Seating,37,222170.57,6004.61,0,0,97.0,0.0,10.0,88.0,2773.09,6004.61
SKU0010,2024-11-25,Furniture,Seating,68,354360.34,5265.365714285714,6,0,68.0,0.0,10.0,88.0,2773.09,6004.61
SKU0010,2024-12-02,Furniture,Seating,35,210161.35,6004.61,0,0,190.0,160.0,10.0,88.0,2773.09,6004.61
SKU0010,2024-12-09,Furniture,Seating,32,192147.52,6004.61,0,0,152.0,0.0,10.0,88.0,2773.09,6004.61
SKU0010,2024-12-16,Furniture,Seating,48,288221.28,6004.61,0,0,110.0,0.0,10.0,88.0,2773.09,6004.61
SKU0010,2024-12-23,Furniture,Seating,42,252193.62,6004.61,0,1,66.0,117.0,10.0,88.0,2773.09,6004.61
SKU0010,2024-12-30,Furniture,Seating,59,354271.99,6004.61,0,1,135.0,108.0,10.0,88.0,2773.09,6004.61
SKU0010,2025-01-06,Furniture,Seating,65,390299.65,6004.61,0,0,90.0,0.0,10.0,88.0,2773.09,6004.61
SKU0010,2025-01-13,Furniture,Seating,78,403479.67,5213.995714285715,5,0,37.0,157.0,10.0,88.0,2773.09,6004.61
SKU0010,2025-01-20,Furniture,Seating,81,449793.96,5540.175714285714,3,1,0.0,106.0,10.0,88.0,2773.09,6004.61
SKU0010,2025-01-27,Furniture,Seating,39,234179.79,6004.61,0,0,0.0,0.0,10.0,88.0,2773.09,6004.61
SKU0010,2025-02-03,Furniture,Seating,55,330253.55,6004.61,0,0,0.0,0.0,10.0,88.0,2773.09,6004.61
SKU0010,2025-02-10,Furniture,Seating,54,324248.93999999994,6004.61,0,0,0.0,158.0,10.0,88.0,2773.09,6004.61
SKU0010,2025-02-17,Furniture,Seating,55,330253.55,6004.61,0,0,141.0,141.0,10.0,88.0,2773.09,6004.61
SKU0010,2025-02-24,Furniture,Seating,57,342262.77,6004.61,0,0,90.0,0.0,10.0,88.0,2773.09,6004.61
SKU0010,2025-03-03,Furniture,Seating,62,372285.82,6004.61,0,0,38.0,130.0,10.0,88.0,2773.09,6004.61
SKU0010,2025-03-10,Furniture,Seating,71,426327.31,6004.61,0,0,0.0,0.0,10.0,88.0,2773.09,6004.61
SKU0010,2025-03-17,Furniture,Seating,58,348267.37999999995,6004.61,0,0,167.0,167.0,10.0,88.0,2773.09,6004.61
SKU0010,2025-03-24,Furniture,Seating,80,480368.79999999993,6004.61,0,0,115.0,0.0,10.0,88.0,2773.09,6004.61
SKU0010,2025-03-31,Furniture,Seating,55,330253.55,6004.61,0,0,190.0,142.0,10.0,88.0,2773.09,6004.61
SKU0010,2025-04-07,Furniture,Seating,73,438336.53,6004.61,0,0,124.0,0.0,10.0,88.0,2773.09,6004.61
SKU0010,2025-04-14,Furniture,Seating,59,354271.99,6004.61,0,0,49.0,0.0,10.0,88.0,2773.09,6004.61
SKU0010,2025-04-21,Furniture,Seating,72,432331.92,6004.61,0,0,0.0,0.0,10.0,88.0,2773.09,6004.61
SKU0010,2025-04-28,Furniture,Seating,67,402308.87,6004.61,0,0,141.0,141.0,10.0,88.0,2773.09,6004.61
SKU0010,2025-05-05,Furniture,Seating,45,270207.45,6004.61,0,0,198.0,125.0,10.0,88.0,2773.09,6004.61
SKU0010,2025-05-12,Furniture,Seating,51,306235.11,6004.61,0,0,136.0,0.0,10.0,88.0,2773.09,6004.61
SKU0010,2025-05-19,Furniture,Seating,44,264202.84,6004.61,0,0,74.0,133.0,10.0,88.0,2773.09,6004.61
SKU0010,2025-05-26,Furniture,Seating,68,395045.94,5832.3042857142855,1,0,28.0,138.0,10.0,88.0,2773.09,6004.61
SKU0010,2025-06-02,Furniture,Seating,121,576394.5,4815.671428571428,7,0,0.0,139.0,10.0,88.0,2773.09,6004.61
SKU0010,2025-06-09,Furniture,Seating,47,282216.67,6004.61,0,0,0.0,137.0,10.0,88.0,2773.09,6004.61
SKU0010,2025-06-16,Furniture,Seating,53,318244.33,6004.61,0,0,0.0,0.0,10.0,88.0,2773.09,6004.61
SKU0010,2025-06-23,Furniture,Seating,43,258198.23,6004.61,0,0,0.0,0.0,10.0,88.0,2773.09,6004.61
SKU0010,2025-06-30,Furniture,Seating,35,210161.35,6004.61,0,0,0.0,0.0,10.0,88.0,2773.09,6004.61
SKU0010,2025-07-07,Furniture,Seating,51,306235.11,6004.61,0,0,164.0,164.0,10.0,88.0,2773.09,6004.61
SKU0010,2025-07-14,Furniture,Seating,57,342262.77,6004.61,0,0,122.0,0.0,10.0,88.0,2773.09,6004.61
SKU0010,2025-07-21,Furniture,Seating,55,330253.55,6004.61,0,0,73.0,120.0,10.0,88.0,2773.09,6004.61
SKU0010,2025-07-28,Furniture,Seating,29,174133.69,6004.61,0,0,27.0,0.0,10.0,88.0,2773.09,6004.61
SKU0010,2025-08-04,Furniture,Seating,30,180138.3,6004.61,0,0,121.0,121.0,10.0,88.0,2773.09,6004.61
SKU0010,2025-08-11,Furniture,Seating,29,174133.69,6004.61,0,1,82.0,0.0,10.0,88.0,2773.09,6004.61
SKU0010,2025-08-18,Furniture,Seating,33,198152.13,6004.61,0,0,51.0,113.0,10.0,88.0,2773.09,6004.61
SKU0010,2025-08-25,Furniture,Seating,34,204156.74,6004.61,0,0,22.0,0.0,10.0,88.0,2773.09,6004.61
SKU0010,2025-09-01,Furniture,Seating,36,216165.96,6004.61,0,0,0.0,115.0,10.0,88.0,2773.09,6004.61
SKU0010,2025-09-08,Furniture,Seating,32,192147.52,6004.61,0,0,0.0,0.0,10.0,88.0,2773.09,6004.61
SKU0010,2025-09-15,Furniture,Seating,34,204156.74,6004.61,0,0,0.0,128.0,10.0,88.0,2773.09,6004.61
SKU0010,2025-09-22,Furniture,Seating,25,150115.25,6004.61,0,0,0.0,0.0,10.0,88.0,2773.09,6004.61
SKU0010,2025-09-29,Furniture,Seating,35,210161.35,6004.61,0,1,0.0,111.0,10.0,88.0,2773.09,6004.61
SKU0010,2025-10-06,Furniture,Seating,43,258198.23,6004.61,0,0,0.0,124.0,10.0,88.0,2773.09,6004.61
SKU0010,2025-10-13,Furniture,Seating,29,174133.69,6004.61,0,0,124.0,124.0,10.0,88.0,2773.09,6004.61
SKU0010,2025-10-20,Furniture,Seating,46,234757.99,5120.27,7,0,96.0,0.0,10.0,88.0,2773.09,6004.61
SKU0010,2025-10-27,Furniture,Seating,33,182642.47,5571.215714285713,3,0,60.0,169.0,10.0,88.0,2773.09,6004.61
SKU0010,2025-11-03,Furniture,Seating,28,168129.08,6004.61,0,0,144.0,116.0,10.0,88.0,2773.09,6004.61
SKU0010,2025-11-10,Furniture,Seating,44,264202.84,6004.61,0,1,118.0,0.0,10.0,88.0,2773.09,6004.61
SKU0010,2025-11-17,Furniture,Seating,46,276212.06,6004.61,0,0,206.0,123.0,10.0,88.0,2773.09,6004.61
SKU0010,2025-11-24,Furniture,Seating,54,258708.8,4957.135714285714,6,0,170.0,0.0,10.0,88.0,2773.09,6004.61
SKU0010,2025-12-01,Furniture,Seating,29,174133.69,6004.61,0,0,134.0,0.0,10.0,88.0,2773.09,6004.61
SKU0010,2025-12-08,Furniture,Seating,43,258198.23,6004.61,0,0,93.0,0.0,10.0,88.0,2773.09,6004.61
SKU0010,2025-12-15,Furniture,Seating,39,234179.79,6004.61,0,0,53.0,0.0,10.0,88.0,2773.09,6004.61
SKU0010,2025-12-22,Furniture,Seating,51,306235.11,6004.61,0,1,8.0,123.0,10.0,88.0,2773.09,6004.61
SKU0011,2024-09-30,Decor,Rugs,58,269967.38,4654.61,0,0,,,,,2369.07,4654.61
SKU0011,2024-10-07,Decor,Rugs,99,460806.39,4654.61,0,0,463.0,0.0,14.0,472.0,2369.07,4654.61
SKU0011,2024-10-14,Decor,Rugs,123,551853.3899999999,4576.927142857143,1,0,356.0,635.0,14.0,472.0,2369.07,4654.61
SKU0011,2024-10-21,Decor,Rugs,226,857759.18,3808.787142857143,7,0,244.0,883.0,14.0,472.0,2369.07,4654.61
SKU0011,2024-10-28,Decor,Rugs,140,609060.54,4409.774285714286,2,0,99.0,750.0,14.0,472.0,2369.07,4654.61
SKU0011,2024-11-04,Decor,Rugs,109,507352.49,4654.61,0,0,0.0,0.0,14.0,472.0,2369.07,4654.61
SKU0011,2024-11-11,Decor,Rugs,151,702846.11,4654.61,0,1,0.0,894.0,14.0,472.0,2369.07,4654.61
SKU0011,2024-11-18,Decor,Rugs,119,553898.59,4654.61,0,0,0.0,859.0,14.0,472.0,2369.07,4654.61
SKU0011,2024-11-25,Decor,Rugs,274,1017676.72,3783.712857142857,6,0,0.0,609.0,14.0,472.0,2369.07,4654.61
SKU0011,2024-12-02,Decor,Rugs,113,525970.9299999999,4654.61,0,0,702.0,702.0,14.0,472.0,2369.07,4654.61
SKU0011,2024-12-09,Decor,Rugs,116,539934.76,4654.61,0,0,542.0,0.0,14.0,472.0,2369.07,4654.61
SKU0011,2024-12-16,Decor,Rugs,168,781974.48,4654.61,0,0,393.0,916.0,14.0,472.0,2369.07,4654.61
SKU0011,2024-12-23,Decor,Rugs,171,795938.3099999999,4654.61,0,1,253.0,0.0,14.0,472.0,2369.07,4654.61
SKU0011,2024-12-30,Decor,Rugs,188,875066.6799999999,4654.61,0,1,117.0,817.0,14.0,472.0,2369.07,4654.61
SKU0011,2025-01-06,Decor,Rugs,159,740082.99,4654.61,0,0,0.0,0.0,14.0,472.0,2369.07,4654.61
SKU0011,2025-01-13,Decor,Rugs,314,1281992.72,4194.455714285714,5,0,0.0,615.0,14.0,472.0,2369.07,4654.61
SKU0011,2025-01-20,Decor,Rugs,295,1216705.42,4275.777142857142,3,1,0.0,0.0,14.0,472.0,2369.07,4654.61
SKU0011,2025-01-27,Decor,Rugs,182,847139.0199999999,4654.61,0,0,0.0,0.0,14.0,472.0,2369.07,4654.61
SKU0011,2025-02-03,Decor,Rugs,171,795938.3099999999,4654.61,0,0,648.0,648.0,14.0,472.0,2369.07,4654.61
SKU0011,2025-02-10,Decor,Rugs,205,954195.05,4654.61,0,0,1048.0,663.0,14.0,472.0,2369.07,4654.61
SKU0011,2025-02-17,Decor,Rugs,200,930922.0,4654.61,0,0,820.0,0.0,14.0,472.0,2369.07,4654.61
SKU0011,2025-02-24,Decor,Rugs,218,1014704.98,4654.61,0,0,650.0,0.0,14.0,472.0,2369.07,4654.61
SKU0011,2025-03-03,Decor,Rugs,248,1154343.2799999998,4654.61,0,0,462.0,0.0,14.0,472.0,2369.07,4654.61
SKU0011,2025-03-10,Decor,Rugs,268,1247435.48,4654.61,0,0,1088.0,816.0,14.0,472.0,2369.07,4654.61
SKU0011,2025-03-17,Decor,Rugs,214,996086.54,4654.61,0,0,837.0,0.0,14.0,472.0,2369.07,4654.61
SKU0011,2025-03-24,Decor,Rugs,211,982122.71,4654.61,0,0,603.0,0.0,14.0,472.0,2369.07,4654.61
SKU0011,2025-03-31,Decor,Rugs,227,1056596.47,4654.61,0,0,386.0,0.0,14.0,472.0,2369.07,4654.61
SKU0011,2025-04-07,Decor,Rugs,257,1196234.77,4654.61,0,0,172.0,596.0,14.0,472.0,2369.07,4654.61
SKU0011,2025-04-14,Decor,Rugs,212,986777.32,4654.61,0,0,719.0,719.0,14.0,472.0,2369.07,4654.61
SKU0011,2025-04-21,Decor,Rugs,249,1158997.89,4654.61,0,0,512.0,0.0,14.0,472.0,2369.07,4654.61
SKU0011,2025-04-28,Decor,Rugs,231,1075214.91,4654.61,0,0,295.0,573.0,14.0,472.0,2369.07,4654.61
SKU0011,2025-05-05,Decor,Rugs,237,1103142.5699999998,4654.61,0,0,87.0,0.0,14.0,472.0,2369.07,4654.61
SKU0011,2025-05-12,Decor,Rugs,218,1014704.98,4654.61,0,0,0.0,622.0,14.0,472.0,2369.07,4654.61
SKU0011,2025-05-19,Decor,Rugs,204,949540.44,4654.61,0,0,0.0,917.0,14.0,472.0,2369.07,4654.61
SKU0011,2025-05-26,Decor,Rugs,244,1066379.43,4529.211428571429,1,0,0.0,726.0,14.0,472.0,2369.07,4654.61
SKU0011,2025-06-02,Decor,Rugs,472,1835123.27,3882.565714285714,7,0,0.0,0.0,14.0,472.0,2369.07,4654.61
SKU0011,2025-06-09,Decor,Rugs,186,865757.46,4654.61,0,0,0.0,651.0,14.0,472.0,2369.07,4654.61
SKU0011,2025-06-16,Decor,Rugs,195,907648.95,4654.61,0,0,728.0,728.0,14.0,472.0,2369.07,4654.61
SKU0011,2025-06-23,Decor,Rugs,187,870412.07,4654.61,0,0,1342.0,881.0,14.0,472.0,2369.07,4654.61
SKU0011,2025-06-30,Decor,Rugs,168,781974.48,4654.61,0,0,1114.0,0.0,14.0,472.0,2369.07,4654.61
SKU0011,2025-07-07,Decor,Rugs,168,781974.48,4654.61,0,0,957.0,0.0,14.0,472.0,2369.07,4654.61
SKU0011,2025-07-14,Decor,Rugs,137,637681.57,4654.61,0,0,811.0,0.0,14.0,472.0,2369.07,4654.61
SKU0011,2025-07-21,Decor,Rugs,129,600444.69,4654.61,0,0,679.0,0.0,14.0,472.0,2369.07,4654.61
SKU0011,2025-07-28,Decor,Rugs,175,814556.7499999999,4654.61,0,0,562.0,0.0,14.0,472.0,2369.07,4654.61
SKU0011,2025-08-04,Decor,Rugs,120,558553.2,4654.61,0,0,403.0,698.0,14.0,472.0,2369.07,4654.61
SKU0011,2025-08-11,Decor,Rugs,153,712155.33,4654.61,0,1,249.0,657.0,14.0,472.0,2369.07,4654.61
SKU0011,2025-08-18,Decor,Rugs,111,516661.71,4654.61,0,0,123.0,820.0,14.0,472.0,2369.07,4654.61
SKU0011,2025-08-25,Decor,Rugs,127,591135.47,4654.61,0,0,0.0,0.0,14.0,472.0,2369.07,4654.61
SKU0011,2025-09-01,Decor,Rugs,105,488734.04999999993,4654.61,0,0,0.0,613.0,14.0,472.0,2369.07,4654.61
SKU0011,2025-09-08,Decor,Rugs,115,535280.15,4654.61,0,0,0.0,791.0,14.0,472.0,2369.07,4654.61
SKU0011,2025-09-15,Decor,Rugs,130,605099.2999999999,4654.61,0,0,0.0,0.0,14.0,472.0,2369.07,4654.61
SKU0011,2025-09-22,Decor,Rugs,131,609753.9099999999,4654.61,0,0,735.0,735.0,14.0,472.0,2369.07,4654.61
SKU0011,2025-09-29,Decor,Rugs,142,660954.62,4654.61,0,1,612.0,0.0,14.0,472.0,2369.07,4654.61
SKU0011,2025-10-06,Decor,Rugs,119,553898.59,4654.61,0,0,473.0,0.0,14.0,472.0,2369.07,4654.61
SKU0011,2025-10-13,Decor,Rugs,128,595790.08,4654.61,0,0,336.0,821.0,14.0,472.0,2369.07,4654.61
SKU0011,2025-10-20,Decor,Rugs,224,858659.49,3866.048571428571,7,0,223.0,0.0,14.0,472.0,2369.07,4654.61
SKU0011,2025-10-27,Decor,Rugs,187,770461.89,4291.778571428571,3,0,66.0,642.0,14.0,472.0,2369.07,4654.61
SKU0011,2025-11-03,Decor,Rugs,101,470115.61,4654.61,0,0,0.0,0.0,14.0,472.0,2369.07,4654.61
SKU0011,2025-11-10,Decor,Rugs,145,674918.45,4654.61,0,1,0.0,664.0,14.0,472.0,2369.07,4654.61
SKU0011,2025-11-17,Decor,Rugs,144,670263.84,4654.61,0,0,0.0,699.0,14.0,472.0,2369.07,4654.61
SKU0011,2025-11-24,Decor,Rugs,359,1402238.26,3964.4157142857134,6,0,678.0,678.0,14.0,472.0,2369.07,4654.61
SKU0011,2025-12-01,Decor,Rugs,136,633026.96,4654.61,0,0,468.0,0.0,14.0,472.0,2369.07,4654.61
SKU0011,2025-12-08,Decor,Rugs,158,735428.3799999999,4654.61,0,0,255.0,0.0,14.0,472.0,2369.07,4654.61
SKU0011,2025-12-15,Decor,Rugs,189,879721.2899999999,4654.61,0,0,52.0,0.0,14.0,472.0,2369.07,4654.61
SKU0011,2025-12-22,Decor,Rugs,159,740082.99,4654.61,0,1,0.0,646.0,14.0,472.0,2369.07,4654.61
SKU0012,2024-07-22,Furniture,Seating,77,500714.06,6502.78,0,0,,,,,3457.59,6502.78
SKU0012,2024-07-29,Furniture,Seating,54,351150.12,6502.78,0,0,380.0,342.0,21.0,259.0,3457.59,6502.78
SKU0012,2024-08-05,Furniture,Seating,59,383664.02,6502.78,0,0,306.0,0.0,21.0,259.0,3457.59,6502.78
SKU0012,2024-08-12,Furniture,Seating,64,416177.92,6502.78,0,1,239.0,390.0,21.0,259.0,3457.59,6502.78
SKU0012,2024-08-19,Furniture,Seating,51,331641.78,6502.78,0,0,180.0,0.0,21.0,259.0,3457.59,6502.78
SKU0012,2024-08-26,Furniture,Seating,55,357652.9,6502.78,0,0,564.0,446.0,21.0,259.0,3457.59,6502.78
SKU0012,2024-09-02,Furniture,Seating,52,338144.56,6502.78,0,0,513.0,0.0,21.0,259.0,3457.59,6502.78
SKU0012,2024-09-09,Furniture,Seating,52,338144.56,6502.78,0,0,456.0,0.0,21.0,259.0,3457.59,6502.78
SKU0012,2024-09-16,Furniture,Seating,51,331641.78,6502.78,0,0,398.0,0.0,21.0,259.0,3457.59,6502.78
SKU0012,2024-09-23,Furniture,Seating,49,318636.22,6502.78,0,0,339.0,0.0,21.0,259.0,3457.59,6502.78
SKU0012,2024-09-30,Furniture,Seating,51,331641.78,6502.78,0,1,289.0,0.0,21.0,259.0,3457.59,6502.78
SKU0012,2024-10-07,Furniture,Seating,53,344647.34,6502.78,0,0,594.0,358.0,21.0,259.0,3457.59,6502.78
SKU0012,2024-10-14,Furniture,Seating,45,273972.69999999995,6297.808571428571,1,0,550.0,0.0,21.0,259.0,3457.59,6502.78
SKU0012,2024-10-21,Furniture,Seating,61,320791.64,5274.524285714286,7,0,501.0,0.0,21.0,259.0,3457.59,6502.78
SKU0012,2024-10-28,Furniture,Seating,71,433527.38,6143.195714285714,2,0,450.0,0.0,21.0,259.0,3457.59,6502.78
SKU0012,2024-11-04,Furniture,Seating,48,312133.44,6502.78,0,0,400.0,0.0,21.0,259.0,3457.59,6502.78
SKU0012,2024-11-11,Furniture,Seating,71,461697.38,6502.78,0,1,350.0,0.0,21.0,259.0,3457.59,6502.78
SKU0012,2024-11-18,Furniture,Seating,62,403172.36,6502.78,0,0,289.0,0.0,21.0,259.0,3457.59,6502.78
SKU0012,2024-11-25,Furniture,Seating,88,485702.15,5529.047142857143,6,0,230.0,0.0,21.0,259.0,3457.59,6502.78
SKU0012,2024-12-02,Furniture,Seating,57,370658.46,6502.78,0,0,166.0,341.0,21.0,259.0,3457.59,6502.78
SKU0012,2024-12-09,Furniture,Seating,55,357652.9,6502.78,0,0,96.0,368.0,21.0,259.0,3457.59,6502.78
SKU0012,2024-12-16,Furniture,Seating,68,442189.04,6502.78,0,0,33.0,0.0,21.0,259.0,3457.59,6502.78
SKU0012,2024-12-23,Furniture,Seating,75,487708.5,6502.78,0,1,415.0,415.0,21.0,259.0,3457.59,6502.78
SKU0012,2024-12-30,Furniture,Seating,89,578747.4199999999,6502.78,0,1,349.0,0.0,21.0,259.0,3457.59,6502.78
SKU0012,2025-01-06,Furniture,Seating,67,435686.26,6502.78,0,0,278.0,0.0,21.0,259.0,3457.59,6502.78
SKU0012,2025-01-13,Furniture,Seating,149,847140.63,5735.81,5,0,198.0,0.0,21.0,259.0,3457.59,6502.78
SKU0012,2025-01-20,Furniture,Seating,81,484639.17999999993,6078.932857142857,3,1,106.0,0.0,21.0,259.0,3457.59,6502.78
SKU0012,2025-01-27,Furniture,Seating,87,565741.86,6502.78,0,0,0.0,0.0,21.0,259.0,3457.59,6502.78
SKU0012,2025-02-03,Furniture,Seating,79,513719.62,6502.78,0,0,0.0,0.0,21.0,259.0,3457.59,6502.78
SKU0012,2025-02-10,Furniture,Seating,96,624266.88,6502.78,0,0,0.0,396.0,21.0,259.0,3457.59,6502.78
SKU0012,2025-02-17,Furniture,Seating,110,715305.7999999999,6502.78,0,0,0.0,490.0,21.0,259.0,3457.59,6502.78
SKU0012,2025-02-24,Furniture,Seating,65,422680.7,6502.78,0,0,488.0,488.0,21.0,259.0,3457.59,6502.78
SKU0012,2025-03-03,Furniture,Seating,86,559239.08,6502.78,0,0,409.0,0.0,21.0,259.0,3457.59,6502.78
SKU0012,2025-03-10,Furniture,Seating,80,520222.4,6502.78,0,0,322.0,0.0,21.0,259.0,3457.59,6502.78
SKU0012,2025-03-17,Furniture,Seating,83,539730.74,6502.78,0,0,232.0,0.0,21.0,259.0,3457.59,6502.78
SKU0012,2025-03-24,Furniture,Seating,84,546233.52,6502.78,0,0,613.0,455.0,21.0,259.0,3457.59,6502.78
SKU0012,2025-03-31,Furniture,Seating,106,689294.6799999999,6502.78,0,0,534.0,0.0,21.0,259.0,3457.59,6502.78
SKU0012,2025-04-07,Furniture,Seating,108,702300.24,6502.78,0,0,437.0,0.0,21.0,259.0,3457.59,6502.78
SKU0012,2025-04-14,Furniture,Seating,81,526725.1799999999,6502.78,0,0,353.0,0.0,21.0,259.0,3457.59,6502.78
SKU0012,2025-04-21,Furniture,Seating,86,559239.08,6502.78,0,0,257.0,491.0,21.0,259.0,3457.59,6502.78
SKU0012,2025-04-28,Furniture,Seating,91,591752.98,6502.78,0,0,151.0,461.0,21.0,259.0,3457.59,6502.78
SKU0012,2025-05-05,Furniture,Seating,82,533227.96,6502.78,0,0,61.0,0.0,21.0,259.0,3457.59,6502.78
SKU0012,2025-05-12,Furniture,Seating,84,546233.52,6502.78,0,0,0.0,331.0,21.0,259.0,3457.59,6502.78
SKU0012,2025-05-19,Furniture,Seating,75,487708.5,6502.78,0,0,405.0,405.0,21.0,259.0,3457.59,6502.78
SKU0012,2025-05-26,Furniture,Seating,94,576311.02,6275.83,1,0,321.0,0.0,21.0,259.0,3457.59,6502.78
SKU0012,2025-06-02,Furniture,Seating,136,720496.97,5312.858571428572,7,0,228.0,365.0,21.0,259.0,3457.59,6502.78
SKU0012,2025-06-09,Furniture,Seating,74,481205.72,6502.78,0,0,551.0,412.0,21.0,259.0,3457.59,6502.78
SKU0012,2025-06-16,Furniture,Seating,86,559239.08,6502.78,0,0,465.0,0.0,21.0,259.0,3457.59,6502.78
SKU0012,2025-06-23,Furniture,Seating,64,416177.92,6502.78,0,0,363.0,0.0,21.0,259.0,3457.59,6502.78
SKU0012,2025-06-30,Furniture,Seating,62,403172.36,6502.78,0,0,274.0,0.0,21.0,259.0,3457.59,6502.78
SKU0012,2025-07-07,Furniture,Seating,59,383664.02,6502.78,0,0,193.0,415.0,21.0,259.0,3457.59,6502.78
SKU0012,2025-07-14,Furniture,Seating,45,292625.1,6502.78,0,0,122.0,0.0,21.0,259.0,3457.59,6502.78
SKU0012,2025-07-21,Furniture,Seating,66,429183.48,6502.78,0,0,527.0,464.0,21.0,259.0,3457.59,6502.78
SKU0012,2025-07-28,Furniture,Seating,51,331641.78,6502.78,0,0,461.0,0.0,21.0,259.0,3457.59,6502.78
SKU0012,2025-08-04,Furniture,Seating,49,318636.22,6502.78,0,0,411.0,0.0,21.0,259.0,3457.59,6502.78
SKU0012,2025-08-11,Furniture,Seating,54,351150.12,6502.78,0,1,353.0,0.0,21.0,259.0,3457.59,6502.78
SKU0012,2025-08-18,Furniture,Seating,52,338144.56,6502.78,0,0,307.0,0.0,21.0,259.0,3457.59,6502.78
SKU0012,2025-08-25,Furniture,Seating,36,234100.08,6502.78,0,0,262.0,0.0,21.0,259.0,3457.59,6502.78
SKU0012,2025-09-01,Furniture,Seating,48,312133.44,6502.78,0,0,214.0,0.0,21.0,259.0,3457.59,6502.78
SKU0012,2025-09-08,Furniture,Seating,50,325139.0,6502.78,0,0,166.0,0.0,21.0,259.0,3457.59,6502.78
SKU0012,2025-09-15,Furniture,Seating,38,247105.64,6502.78,0,0,116.0,0.0,21.0,259.0,3457.59,6502.78
SKU0012,2025-09-22,Furniture,Seating,43,279619.54,6502.78,0,0,69.0,0.0,21.0,259.0,3457.59,6502.78
SKU0012,2025-09-29,Furniture,Seating,43,279619.54,6502.78,0,1,24.0,352.0,21.0,259.0,3457.59,6502.78
SKU0012,2025-10-06,Furniture,Seating,37,240602.86,6502.78,0,0,0.0,435.0,21.0,259.0,3457.59,6502.78
SKU0012,2025-10-13,Furniture,Seating,32,208088.96,6502.78,0,0,0.0,0.0,21.0,259.0,3457.59,6502.78
SKU0012,2025-10-20,Furniture,Seating,72,396781.26,5432.038571428572,7,0,0.0,0.0,21.0,259.0,3457.59,6502.78
SKU0012,2025-10-27,Furniture,Seating,56,324262.35,6042.152857142857,3,0,0.0,0.0,21.0,259.0,3457.59,6502.78
SKU0012,2025-11-03,Furniture,Seating,51,331641.78,6502.78,0,0,0.0,510.0,21.0,259.0,3457.59,6502.78
SKU0012,2025-11-10,Furniture,Seating,52,338144.56,6502.78,0,1,0.0,0.0,21.0,259.0,3457.59,6502.78
SKU0012,2025-11-17,Furniture,Seating,39,253608.42,6502.78,0,0,0.0,0.0,21.0,259.0,3457.59,6502.78
SKU0012,2025-11-24,Furniture,Seating,76,426416.44,5685.3042857142855,6,0,0.0,0.0,21.0,259.0,3457.59,6502.78
SKU0012,2025-12-01,Furniture,Seating,49,318636.22,6502.78,0,0,0.0,436.0,21.0,259.0,3457.59,6502.78
SKU0012,2025-12-08,Furniture,Seating,45,292625.10000000003,6502.78,0,0,0.0,0.0,21.0,259.0,3457.59,6502.78
SKU0012,2025-12-15,Furniture,Seating,58,377161.24,6502.78,0,0,0.0,444.0,21.0,259.0,3457.59,6502.78
SKU0012,2025-12-22,Furniture,Seating,52,338144.56,6502.78,0,1,0.0,0.0,21.0,259.0,3457.59,6502.78
SKU0013,2024-11-25,Furniture,Tables,405,1975375.92,4971.341666666666,5,0,,,,,2361.02,5998.59
SKU0013,2024-12-02,Furniture,Tables,258,1547636.2200000002,5998.590000000001,0,0,511.0,0.0,10.0,593.0,2361.02,5998.59
SKU0013,2024-12-09,Furniture,Tables,252,1511644.6800000002,5998.590000000001,0,0,136.0,748.0,10.0,593.0,2361.02,5998.59
SKU0013,2024-12-16,Furniture,Tables,297,1781581.23,5998.590000000001,0,0,0.0,740.0,10.0,593.0,2361.02,5998.59
SKU0013,2024-12-23,Furniture,Tables,283,1697600.97,5998.590000000001,0,1,0.0,0.0,10.0,593.0,2361.02,5998.59
SKU0013,2024-12-30,Furniture,Tables,242,1451658.78,5998.590000000001,0,1,895.0,895.0,10.0,593.0,2361.02,5998.59
SKU0013,2025-01-06,Furniture,Tables,317,1901553.03,5998.590000000001,0,0,587.0,1070.0,10.0,593.0,2361.02,5998.59
SKU0013,2025-01-13,Furniture,Tables,694,3492946.09,5247.478571428571,5,0,1322.0,1059.0,10.0,593.0,2361.02,5998.59
SKU0013,2025-01-20,Furniture,Tables,427,2245296.87,5499.881428571428,3,1,950.0,0.0,10.0,593.0,2361.02,5998.59
SKU0013,2025-01-27,Furniture,Tables,292,1751588.28,5998.590000000001,0,0,506.0,819.0,10.0,593.0,2361.02,5998.59
SKU0013,2025-02-03,Furniture,Tables,336,2015526.24,5998.590000000001,0,0,46.0,0.0,10.0,593.0,2361.02,5998.59
SKU0013,2025-02-10,Furniture,Tables,328,1967537.52,5998.590000000001,0,0,0.0,1028.0,10.0,593.0,2361.02,5998.59
SKU0013,2025-02-17,Furniture,Tables,391,2345448.69,5998.590000000001,0,0,0.0,0.0,10.0,593.0,2361.02,5998.59
SKU0013,2025-02-24,Furniture,Tables,329,1973536.11,5998.590000000001,0,0,0.0,1013.0,10.0,593.0,2361.02,5998.59
SKU0013,2025-03-03,Furniture,Tables,364,2183486.76,5998.590000000001,0,0,0.0,0.0,10.0,593.0,2361.02,5998.59
SKU0013,2025-03-10,Furniture,Tables,353,2117502.27,5998.590000000001,0,0,1111.0,1111.0,10.0,593.0,2361.02,5998.59
SKU0013,2025-03-17,Furniture,Tables,422,2531404.98,5998.590000000001,0,0,779.0,0.0,10.0,593.0,2361.02,5998.59
SKU0013,2025-03-24,Furniture,Tables,351,2105505.09,5998.590000000001,0,0,1425.0,1045.0,10.0,593.0,2361.02,5998.59
SKU0013,2025-03-31,Furniture,Tables,372,2231475.48,5998.590000000001,0,0,1057.0,0.0,10.0,593.0,2361.02,5998.59
SKU0013,2025-04-07,Furniture,Tables,386,2315455.74,5998.590000000001,0,0,690.0,0.0,10.0,593.0,2361.02,5998.59
SKU0013,2025-04-14,Furniture,Tables,420,2519407.8000000003,5998.590000000001,0,0,273.0,0.0,10.0,593.0,2361.02,5998.59
SKU0013,2025-04-21,Furniture,Tables,385,2309457.15,5998.590000000001,0,0,0.0,0.0,10.0,593.0,2361.02,5998.59
SKU0013,2025-04-28,Furniture,Tables,368,2207481.12,5998.590000000001,0,0,0.0,0.0,10.0,593.0,2361.02,5998.59
SKU0013,2025-05-05,Furniture,Tables,360,2159492.4,5998.590000000001,0,0,0.0,0.0,10.0,593.0,2361.02,5998.59
SKU0013,2025-05-12,Furniture,Tables,380,2279464.2,5998.590000000001,0,0,887.0,887.0,10.0,593.0,2361.02,5998.59
SKU0013,2025-05-19,Furniture,Tables,358,2147495.22,5998.590000000001,0,0,1705.0,1144.0,10.0,593.0,2361.02,5998.59
SKU0013,2025-05-26,Furniture,Tables,432,2436361.26,5826.907142857142,1,0,1312.0,0.0,10.0,593.0,2361.02,5998.59
SKU0013,2025-06-02,Furniture,Tables,747,3760137.1,5026.408571428571,7,0,860.0,0.0,10.0,593.0,2361.02,5998.59
SKU0013,2025-06-09,Furniture,Tables,372,2231475.48,5998.590000000001,0,0,450.0,0.0,10.0,593.0,2361.02,5998.59
SKU0013,2025-06-16,Furniture,Tables,295,1769584.05,5998.590000000001,0,0,0.0,1030.0,10.0,593.0,2361.02,5998.59
SKU0013,2025-06-23,Furniture,Tables,251,1505646.09,5998.590000000001,0,0,0.0,0.0,10.0,593.0,2361.02,5998.59
SKU0013,2025-06-30,Furniture,Tables,297,1781581.23,5998.590000000001,0,0,0.0,973.0,10.0,593.0,2361.02,5998.59
SKU0013,2025-07-07,Furniture,Tables,291,1745589.69,5998.590000000001,0,0,0.0,0.0,10.0,593.0,2361.02,5998.59
SKU0013,2025-07-14,Furniture,Tables,286,1715596.74,5998.590000000001,0,0,0.0,768.0,10.0,593.0,2361.02,5998.59
SKU0013,2025-07-21,Furniture,Tables,250,1499647.5,5998.590000000001,0,0,0.0,0.0,10.0,593.0,2361.02,5998.59
SKU0013,2025-07-28,Furniture,Tables,234,1403670.06,5998.590000000001,0,0,0.0,863.0,10.0,593.0,2361.02,5998.59
SKU0013,2025-08-04,Furniture,Tables,239,1433663.01,5998.590000000001,0,0,0.0,0.0,10.0,593.0,2361.02,5998.59
SKU0013,2025-08-11,Furniture,Tables,225,1349682.75,5998.590000000001,0,1,0.0,0.0,10.0,593.0,2361.02,5998.59
SKU0013,2025-08-18,Furniture,Tables,249,1493648.91,5998.590000000001,0,0,0.0,935.0,10.0,593.0,2361.02,5998.59
SKU0013,2025-08-25,Furniture,Tables,177,1061750.43,5998.590000000001,0,0,0.0,0.0,10.0,593.0,2361.02,5998.59
SKU0013,2025-09-01,Furniture,Tables,212,1271701.08,5998.590000000001,0,0,0.0,0.0,10.0,593.0,2361.02,5998.59
SKU0013,2025-09-08,Furniture,Tables,221,1325688.39,5998.590000000001,0,0,0.0,1041.0,10.0,593.0,2361.02,5998.59
SKU0013,2025-09-15,Furniture,Tables,194,1163726.46,5998.590000000001,0,0,1022.0,1022.0,10.0,593.0,2361.02,5998.59
SKU0013,2025-09-22,Furniture,Tables,218,1307692.62,5998.590000000001,0,0,817.0,0.0,10.0,593.0,2361.02,5998.59
SKU0013,2025-09-29,Furniture,Tables,237,1421665.83,5998.590000000001,0,1,637.0,0.0,10.0,593.0,2361.02,5998.59
SKU0013,2025-10-06,Furniture,Tables,190,1139732.1,5998.590000000001,0,0,440.0,1010.0,10.0,593.0,2361.02,5998.59
SKU0013,2025-10-13,Furniture,Tables,174,1043754.66,5998.590000000001,0,0,245.0,810.0,10.0,593.0,2361.02,5998.59
SKU0013,2025-10-20,Furniture,Tables,422,2158187.91,5063.7814285714285,7,0,35.0,887.0,10.0,593.0,2361.02,5998.59
SKU0013,2025-10-27,Furniture,Tables,323,1749560.22,5537.965714285715,3,0,0.0,1029.0,10.0,593.0,2361.02,5998.59
SKU0013,2025-11-03,Furniture,Tables,231,1385674.29,5998.590000000001,0,0,822.0,822.0,10.0,593.0,2361.02,5998.59
SKU0013,2025-11-10,Furniture,Tables,187,1121736.33,5998.590000000001,0,1,551.0,980.0,10.0,593.0,2361.02,5998.59
SKU0013,2025-11-17,Furniture,Tables,249,1493648.91,5998.590000000001,0,0,263.0,1157.0,10.0,593.0,2361.02,5998.59
SKU0013,2025-11-24,Furniture,Tables,535,2648002.42,5095.538571428571,6,0,28.0,0.0,10.0,593.0,2361.02,5998.59
SKU0013,2025-12-01,Furniture,Tables,311,1865561.49,5998.590000000001,0,0,0.0,1053.0,10.0,593.0,2361.02,5998.59
SKU0013,2025-12-08,Furniture,Tables,260,1559633.4,5998.590000000001,0,0,0.0,911.0,10.0,593.0,2361.02,5998.59
SKU0013,2025-12-15,Furniture,Tables,270,1619619.3,5998.590000000001,0,0,1080.0,1080.0,10.0,593.0,2361.02,5998.59
SKU0013,2025-12-22,Furniture,Tables,319,1913550.21,5998.590000000001,0,1,709.0,0.0,10.0,593.0,2361.02,5998.59
SKU0014,2024-03-18,Small Appliances,Kitchen,11,7215.450000000001,655.95,0,0,,,,,384.03,655.95
SKU0014,2024-03-25,Small Appliances,Kitchen,76,49852.2,655.95,0,0,23.0,165.0,7.0,85.0,384.03,655.95
SKU0014,2024-04-01,Small Appliances,Kitchen,55,36077.25,655.95,0,0,122.0,122.0,7.0,85.0,384.03,655.95
SKU0014,2024-04-08,Small Appliances,Kitchen,87,57067.65,655.95,0,0,68.0,0.0,7.0,85.0,384.03,655.95
SKU0014,2024-04-15,Small Appliances,Kitchen,95,62315.25,655.95,0,0,0.0,0.0,7.0,85.0,384.03,655.95
SKU0014,2024-04-22,Small Appliances,Kitchen,89,58379.55,655.95,0,0,0.0,0.0,7.0,85.0,384.03,655.95
SKU0014,2024-04-29,Small Appliances,Kitchen,74,48540.3,655.95,0,0,0.0,168.0,7.0,85.0,384.03,655.95
SKU0014,2024-05-06,Small Appliances,Kitchen,84,55099.8,655.95,0,0,0.0,0.0,7.0,85.0,384.03,655.95
SKU0014,2024-05-13,Small Appliances,Kitchen,87,57067.65,655.95,0,0,0.0,0.0,7.0,85.0,384.03,655.95
SKU0014,2024-05-20,Small Appliances,Kitchen,66,43292.7,655.95,0,0,109.0,109.0,7.0,85.0,384.03,655.95
SKU0014,2024-05-27,Small Appliances,Kitchen,90,55229.34,632.2671428571429,2,0,31.0,153.0,7.0,85.0,384.03,655.95
SKU0014,2024-06-03,Small Appliances,Kitchen,144,80602.77,571.0271428571428,6,0,0.0,132.0,7.0,85.0,384.03,655.95
SKU0014,2024-06-10,Small Appliances,Kitchen,68,44604.600000000006,655.95,0,0,107.0,107.0,7.0,85.0,384.03,655.95
SKU0014,2024-06-17,Small Appliances,Kitchen,46,30173.7,655.95,0,0,8.0,0.0,7.0,85.0,384.03,655.95
SKU0014,2024-06-24,Small Appliances,Kitchen,70,45916.5,655.95,0,0,0.0,106.0,7.0,85.0,384.03,655.95
SKU0014,2024-07-01,Small Appliances,Kitchen,61,40012.95,655.95,0,0,0.0,0.0,7.0,85.0,384.03,655.95
SKU0014,2024-07-08,Small Appliances,Kitchen,68,44604.600000000006,655.95,0,0,0.0,131.0,7.0,85.0,384.03,655.95
SKU0014,2024-07-15,Small Appliances,Kitchen,74,48540.3,655.95,0,0,0.0,0.0,7.0,85.0,384.03,655.95
SKU0014,2024-07-22,Small Appliances,Kitchen,50,32797.5,655.95,0,0,109.0,109.0,7.0,85.0,384.03,655.95
SKU0014,2024-07-29,Small Appliances,Kitchen,55,36077.25,655.95,0,0,50.0,153.0,7.0,85.0,384.03,655.95
SKU0014,2024-08-05,Small Appliances,Kitchen,45,29517.75,655.95,0,0,0.0,0.0,7.0,85.0,384.03,655.95
SKU0014,2024-08-12,Small Appliances,Kitchen,53,34765.350000000006,655.95,0,1,0.0,0.0,7.0,85.0,384.03,655.95
SKU0014,2024-08-19,Small Appliances,Kitchen,49,32141.550000000003,655.95,0,0,0.0,0.0,7.0,85.0,384.03,655.95
SKU0014,2024-08-26,Small Appliances,Kitchen,50,32797.5,655.95,0,0,0.0,0.0,7.0,85.0,384.03,655.95
SKU0014,2024-09-02,Small Appliances,Kitchen,46,30173.7,655.95,0,0,0.0,0.0,7.0,85.0,384.03,655.95
SKU0014,2024-09-09,Small Appliances,Kitchen,32,20990.4,655.95,0,0,0.0,0.0,7.0,85.0,384.03,655.95
SKU0014,2024-09-16,Small Appliances,Kitchen,39,25582.050000000003,655.95,0,0,0.0,167.0,7.0,85.0,384.03,655.95
SKU0014,2024-09-23,Small Appliances,Kitchen,26,17054.7,655.95,0,0,118.0,118.0,7.0,85.0,384.03,655.95
SKU0014,2024-09-30,Small Appliances,Kitchen,38,24926.1,655.95,0,1,79.0,0.0,7.0,85.0,384.03,655.95
SKU0014,2024-10-07,Small Appliances,Kitchen,35,22958.25,655.95,0,0,48.0,149.0,7.0,85.0,384.03,655.95
SKU0014,2024-10-14,Small Appliances,Kitchen,34,21124.2,639.12,1,0,12.0,136.0,7.0,85.0,384.03,655.95
SKU0014,2024-10-21,Small Appliances,Kitchen,72,38260.61,534.9314285714286,7,0,0.0,125.0,7.0,85.0,384.03,655.95
SKU0014,2024-10-28,Small Appliances,Kitchen,59,35885.01,620.3442857142857,2,0,127.0,127.0,7.0,85.0,384.03,655.95
SKU0014,2024-11-04,Small Appliances,Kitchen,42,27549.9,655.95,0,0,77.0,169.0,7.0,85.0,384.03,655.95
SKU0014,2024-11-11,Small Appliances,Kitchen,42,27549.9,655.95,0,1,31.0,108.0,7.0,85.0,384.03,655.95
SKU0014,2024-11-18,Small Appliances,Kitchen,46,30173.700000000004,655.95,0,0,0.0,161.0,7.0,85.0,384.03,655.95
SKU0014,2024-11-25,Small Appliances,Kitchen,95,51261.41,556.7857142857143,6,0,114.0,114.0,7.0,85.0,384.03,655.95
SKU0014,2024-12-02,Small Appliances,Kitchen,73,47884.350000000006,655.95,0,0,55.0,0.0,7.0,85.0,384.03,655.95
SKU0014,2024-12-09,Small Appliances,Kitchen,62,40668.9,655.95,0,0,0.0,147.0,7.0,85.0,384.03,655.95
SKU0014,2024-12-16,Small Appliances,Kitchen,77,50508.15,655.95,0,0,0.0,102.0,7.0,85.0,384.03,655.95
SKU0014,2024-12-23,Small Appliances,Kitchen,45,29517.75,655.95,0,1,0.0,167.0,7.0,85.0,384.03,655.95
SKU0014,2024-12-30,Small Appliances,Kitchen,63,41324.850000000006,655.95,0,1,0.0,151.0,7.0,85.0,384.03,655.95
SKU0014,2025-01-06,Small Appliances,Kitchen,71,46572.45,655.95,0,0,0.0,165.0,7.0,85.0,384.03,655.95
SKU0014,2025-01-13,Small Appliances,Kitchen,125,70850.68000000001,579.7714285714286,5,0,0.0,157.0,7.0,85.0,384.03,655.95
SKU0014,2025-01-20,Small Appliances,Kitchen,115,68137.35,607.8442857142857,3,1,0.0,137.0,7.0,85.0,384.03,655.95
SKU0014,2025-01-27,Small Appliances,Kitchen,66,43292.7,655.95,0,0,139.0,139.0,7.0,85.0,384.03,655.95
SKU0014,2025-02-03,Small Appliances,Kitchen,68,44604.6,655.95,0,0,193.0,151.0,7.0,85.0,384.03,655.95
SKU0014,2025-02-10,Small Appliances,Kitchen,85,55755.75,655.95,0,0,91.0,0.0,7.0,85.0,384.03,655.95
SKU0014,2025-02-17,Small Appliances,Kitchen,99,64939.05,655.95,0,0,7.0,110.0,7.0,85.0,384.03,655.95
SKU0014,2025-02-24,Small Appliances,Kitchen,70,45916.50000000001,655.95,0,0,0.0,0.0,7.0,85.0,384.03,655.95
SKU0014,2025-03-03,Small Appliances,Kitchen,65,42636.75,655.95,0,0,0.0,0.0,7.0,85.0,384.03,655.95
SKU0014,2025-03-10,Small Appliances,Kitchen,80,52476.0,655.95,0,0,0.0,0.0,7.0,85.0,384.03,655.95
SKU0014,2025-03-17,Small Appliances,Kitchen,99,64939.05,655.95,0,0,0.0,0.0,7.0,85.0,384.03,655.95
SKU0014,2025-03-24,Small Appliances,Kitchen,73,47884.350000000006,655.95,0,0,0.0,0.0,7.0,85.0,384.03,655.95
SKU0014,2025-03-31,Small Appliances,Kitchen,83,54443.850000000006,655.95,0,0,0.0,0.0,7.0,85.0,384.03,655.95
SKU0014,2025-04-07,Small Appliances,Kitchen,81,53131.95,655.95,0,0,0.0,0.0,7.0,85.0,384.03,655.95
SKU0014,2025-04-14,Small Appliances,Kitchen,81,53131.95,655.95,0,0,0.0,116.0,7.0,85.0,384.03,655.95
SKU0014,2025-04-21,Small Appliances,Kitchen,96,62971.2,655.95,0,0,0.0,137.0,7.0,85.0,384.03,655.95
SKU0014,2025-04-28,Small Appliances,Kitchen,76,49852.2,655.95,0,0,130.0,130.0,7.0,85.0,384.03,655.95
SKU0014,2025-05-05,Small Appliances,Kitchen,91,59691.45,655.95,0,0,163.0,107.0,7.0,85.0,384.03,655.95
SKU0014,2025-05-12,Small Appliances,Kitchen,69,45260.55,655.95,0,0,76.0,113.0,7.0,85.0,384.03,655.95
SKU0014,2025-05-19,Small Appliances,Kitchen,87,57067.65,655.95,0,0,0.0,152.0,7.0,85.0,384.03,655.95
SKU0014,2025-05-26,Small Appliances,Kitchen,88,55946.16,634.7900000000001,1,0,0.0,113.0,7.0,85.0,384.03,655.95
SKU0014,2025-06-02,Small Appliances,Kitchen,175,95527.8,547.2057142857143,7,0,0.0,122.0,7.0,85.0,384.03,655.95
SKU0014,2025-06-09,Small Appliances,Kitchen,75,49196.25,655.95,0,0,0.0,0.0,7.0,85.0,384.03,655.95
SKU0014,2025-06-16,Small Appliances,Kitchen,70,45916.5,655.95,0,0,125.0,125.0,7.0,85.0,384.03,655.95
SKU0014,2025-06-23,Small Appliances,Kitchen,83,54443.850000000006,655.95,0,0,38.0,0.0,7.0,85.0,384.03,655.95
SKU0014,2025-06-30,Small Appliances,Kitchen,70,45916.5,655.95,0,0,0.0,106.0,7.0,85.0,384.03,655.95
SKU0014,2025-07-07,Small Appliances,Kitchen,56,36733.2,655.95,0,0,0.0,0.0,7.0,85.0,384.03,655.95
SKU0014,2025-07-14,Small Appliances,Kitchen,69,45260.55,655.95,0,0,0.0,105.0,7.0,85.0,384.03,655.95
SKU0014,2025-07-21,Small Appliances,Kitchen,42,27549.9,655.95,0,0,137.0,137.0,7.0,85.0,384.03,655.95
SKU0014,2025-07-28,Small Appliances,Kitchen,43,28205.85,655.95,0,0,206.0,131.0,7.0,85.0,384.03,655.95
SKU0014,2025-08-04,Small Appliances,Kitchen,59,38701.05,655.95,0,0,147.0,0.0,7.0,85.0,384.03,655.95
SKU0014,2025-08-11,Small Appliances,Kitchen,47,30829.65,655.95,0,1,93.0,0.0,7.0,85.0,384.03,655.95
SKU0014,2025-08-18,Small Appliances,Kitchen,41,26893.95,655.95,0,0,147.0,107.0,7.0,85.0,384.03,655.95
SKU0014,2025-08-25,Small Appliances,Kitchen,44,28861.800000000003,655.95,0,0,95.0,0.0,7.0,85.0,384.03,655.95
SKU0014,2025-09-01,Small Appliances,Kitchen,36,23614.2,655.95,0,0,150.0,104.0,7.0,85.0,384.03,655.95
SKU0014,2025-09-08,Small Appliances,Kitchen,39,25582.050000000003,655.95,0,0,115.0,0.0,7.0,85.0,384.03,655.95
SKU0014,2025-09-15,Small Appliances,Kitchen,34,22302.300000000003,655.95,0,0,83.0,149.0,7.0,85.0,384.03,655.95
SKU0014,2025-09-22,Small Appliances,Kitchen,49,32141.550000000003,655.95,0,0,46.0,164.0,7.0,85.0,384.03,655.95
SKU0014,2025-09-29,Small Appliances,Kitchen,44,28861.800000000003,655.95,0,1,5.0,0.0,7.0,85.0,384.03,655.95
SKU0014,2025-10-06,Small Appliances,Kitchen,34,22302.300000000003,655.95,0,0,0.0,150.0,7.0,85.0,384.03,655.95
SKU0014,2025-10-13,Small Appliances,Kitchen,47,30829.65,655.95,0,0,0.0,124.0,7.0,85.0,384.03,655.95
SKU0014,2025-10-20,Small Appliances,Kitchen,78,42661.86,547.7371428571429,7,0,0.0,168.0,7.0,85.0,384.03,655.95
SKU0014,2025-10-27,Small Appliances,Kitchen,45,26709.11,616.95,3,0,0.0,0.0,7.0,85.0,384.03,655.95
SKU0014,2025-11-03,Small Appliances,Kitchen,44,28861.800000000003,655.95,0,0,0.0,125.0,7.0,85.0,384.03,655.95
SKU0014,2025-11-10,Small Appliances,Kitchen,47,30829.65,655.95,0,1,0.0,0.0,7.0,85.0,384.03,655.95
SKU0014,2025-11-17,Small Appliances,Kitchen,36,23614.2,655.95,0,0,137.0,137.0,7.0,85.0,384.03,655.95
SKU0014,2025-11-24,Small Appliances,Kitchen,102,56970.490000000005,563.3485714285714,6,0,99.0,0.0,7.0,85.0,384.03,655.95
SKU0014,2025-12-01,Small Appliances,Kitchen,57,37389.15,655.95,0,0,37.0,0.0,7.0,85.0,384.03,655.95
SKU0014,2025-12-08,Small Appliances,Kitchen,50,32797.5,655.95,0,0,144.0,144.0,7.0,85.0,384.03,655.95
SKU0014,2025-12-15,Small Appliances,Kitchen,63,41324.850000000006,655.95,0,0,74.0,0.0,7.0,85.0,384.03,655.95
SKU0014,2025-12-22,Small Appliances,Kitchen,73,47884.350000000006,655.95,0,1,8.0,0.0,7.0,85.0,384.03,655.95
SKU0015,2024-09-02,Furniture,Storage,58,121988.5,2103.25,0,0,,,,,863.55,2103.25
SKU0015,2024-09-09,Furniture,Storage,133,279732.25,2103.25,0,0,400.0,1735.0,21.0,894.0,863.55,2103.25
SKU0015,2024-09-16,Furniture,Storage,129,271319.25,2103.25,0,0,1954.0,1679.0,21.0,894.0,863.55,2103.25
SKU0015,2024-09-23,Furniture,Storage,134,281835.5,2103.25,0,0,1803.0,0.0,21.0,894.0,863.55,2103.25
SKU0015,2024-09-30,Furniture,Storage,153,321797.25,2103.25,0,1,1676.0,0.0,21.0,894.0,863.55,2103.25
SKU0015,2024-10-07,Furniture,Storage,145,304971.25,2103.25,0,0,1552.0,0.0,21.0,894.0,863.55,2103.25
SKU0015,2024-10-14,Furniture,Storage,186,380479.5,2072.6071428571427,1,0,1409.0,0.0,21.0,894.0,863.55,2103.25
SKU0015,2024-10-21,Furniture,Storage,288,500287.87,1743.2642857142855,7,0,1238.0,0.0,21.0,894.0,863.55,2103.25
SKU0015,2024-10-28,Furniture,Storage,219,428089.51,1984.2185714285715,2,0,1059.0,0.0,21.0,894.0,863.55,2103.25
SKU0015,2024-11-04,Furniture,Storage,195,410133.75,2103.25,0,0,846.0,1339.0,21.0,894.0,863.55,2103.25
SKU0015,2024-11-11,Furniture,Storage,225,473231.25,2103.25,0,1,654.0,1720.0,21.0,894.0,863.55,2103.25
SKU0015,2024-11-18,Furniture,Storage,165,347036.25,2103.25,0,0,403.0,1763.0,21.0,894.0,863.55,2103.25
SKU0015,2024-11-25,Furniture,Storage,344,612669.55,1802.388571428572,6,0,226.0,0.0,21.0,894.0,863.55,2103.25
SKU0015,2024-12-02,Furniture,Storage,210,441682.5,2103.25,0,0,2.0,1121.0,21.0,894.0,863.55,2103.25
SKU0015,2024-12-09,Furniture,Storage,228,479541.0,2103.25,0,0,0.0,1455.0,21.0,894.0,863.55,2103.25
SKU0015,2024-12-16,Furniture,Storage,253,532122.25,2103.25,0,0,1722.0,1722.0,21.0,894.0,863.55,2103.25
SKU0015,2024-12-23,Furniture,Storage,215,452198.75,2103.25,0,1,1507.0,0.0,21.0,894.0,863.55,2103.25
SKU0015,2024-12-30,Furniture,Storage,278,584703.5,2103.25,0,1,1264.0,0.0,21.0,894.0,863.55,2103.25
SKU0015,2025-01-06,Furniture,Storage,255,536328.75,2103.25,0,0,1049.0,0.0,21.0,894.0,863.55,2103.25
SKU0015,2025-01-13,Furniture,Storage,463,817026.6,1810.39,5,0,777.0,0.0,21.0,894.0,863.55,2103.25
SKU0015,2025-01-20,Furniture,Storage,419,819961.66,1967.2185714285715,3,1,503.0,0.0,21.0,894.0,863.55,2103.25
SKU0015,2025-01-27,Furniture,Storage,246,517399.5,2103.25,0,0,159.0,1543.0,21.0,894.0,863.55,2103.25
SKU0015,2025-02-03,Furniture,Storage,252,530019.0,2103.25,0,0,1314.0,1314.0,21.0,894.0,863.55,2103.25
SKU0015,2025-02-10,Furniture,Storage,328,689866.0,2103.25,0,0,928.0,0.0,21.0,894.0,863.55,2103.25
SKU0015,2025-02-17,Furniture,Storage,244,513193.0,2103.25,0,0,608.0,0.0,21.0,894.0,863.55,2103.25
SKU0015,2025-02-24,Furniture,Storage,253,532122.25,2103.25,0,0,308.0,1364.0,21.0,894.0,863.55,2103.25
SKU0015,2025-03-03,Furniture,Storage,287,603632.75,2103.25,0,0,33.0,0.0,21.0,894.0,863.55,2103.25
SKU0015,2025-03-10,Furniture,Storage,270,567877.5,2103.25,0,0,0.0,1680.0,21.0,894.0,863.55,2103.25
SKU0015,2025-03-17,Furniture,Storage,295,620458.75,2103.25,0,0,0.0,0.0,21.0,894.0,863.55,2103.25
SKU0015,2025-03-24,Furniture,Storage,305,641491.25,2103.25,0,0,0.0,0.0,21.0,894.0,863.55,2103.25
SKU0015,2025-03-31,Furniture,Storage,281,591013.25,2103.25,0,0,1376.0,1376.0,21.0,894.0,863.55,2103.25
SKU0015,2025-04-07,Furniture,Storage,318,668833.5,2103.25,0,0,1104.0,0.0,21.0,894.0,863.55,2103.25
SKU0015,2025-04-14,Furniture,Storage,336,706692.0,2103.25,0,0,1903.0,1078.0,21.0,894.0,863.55,2103.25
SKU0015,2025-04-21,Furniture,Storage,302,635181.5,2103.25,0,0,1561.0,0.0,21.0,894.0,863.55,2103.25
SKU0015,2025-04-28,Furniture,Storage,287,603632.75,2103.25,0,0,1213.0,0.0,21.0,894.0,863.55,2103.25
SKU0015,2025-05-05,Furniture,Storage,341,717208.25,2103.25,0,0,861.0,0.0,21.0,894.0,863.55,2103.25
SKU0015,2025-05-12,Furniture,Storage,266,559464.5,2103.25,0,0,548.0,1624.0,21.0,894.0,863.55,2103.25
SKU0015,2025-05-19,Furniture,Storage,235,494263.75,2103.25,0,0,250.0,1676.0,21.0,894.0,863.55,2103.25
SKU0015,2025-05-26,Furniture,Storage,294,596681.22,2058.3757142857144,1,0,0.0,1653.0,21.0,894.0,863.55,2103.25
SKU0015,2025-06-02,Furniture,Storage,544,980447.37,1796.7385714285715,7,0,0.0,1117.0,21.0,894.0,863.55,2103.25
SKU0015,2025-06-09,Furniture,Storage,268,563671.0,2103.25,0,0,0.0,0.0,21.0,894.0,863.55,2103.25
SKU0015,2025-06-16,Furniture,Storage,224,471128.0,2103.25,0,0,0.0,1697.0,21.0,894.0,863.55,2103.25
SKU0015,2025-06-23,Furniture,Storage,209,439579.25,2103.25,0,0,0.0,0.0,21.0,894.0,863.55,2103.25
SKU0015,2025-06-30,Furniture,Storage,244,513193.0,2103.25,0,0,0.0,0.0,21.0,894.0,863.55,2103.25
SKU0015,2025-07-07,Furniture,Storage,228,479541.0,2103.25,0,0,1488.0,1488.0,21.0,894.0,863.55,2103.25
SKU0015,2025-07-14,Furniture,Storage,181,380688.25,2103.25,0,0,1266.0,0.0,21.0,894.0,863.55,2103.25
SKU0015,2025-07-21,Furniture,Storage,158,332313.5,2103.25,0,0,1030.0,0.0,21.0,894.0,863.55,2103.25
SKU0015,2025-07-28,Furniture,Storage,182,382791.5,2103.25,0,0,823.0,1536.0,21.0,894.0,863.55,2103.25
SKU0015,2025-08-04,Furniture,Storage,204,429063.0,2103.25,0,0,661.0,0.0,21.0,894.0,863.55,2103.25
SKU0015,2025-08-11,Furniture,Storage,168,353346.0,2103.25,0,1,514.0,0.0,21.0,894.0,863.55,2103.25
SKU0015,2025-08-18,Furniture,Storage,153,321797.25,2103.25,0,0,366.0,0.0,21.0,894.0,863.55,2103.25
SKU0015,2025-08-25,Furniture,Storage,143,300764.75,2103.25,0,0,209.0,0.0,21.0,894.0,863.55,2103.25
SKU0015,2025-09-01,Furniture,Storage,142,298661.5,2103.25,0,0,35.0,1759.0,21.0,894.0,863.55,2103.25
SKU0015,2025-09-08,Furniture,Storage,155,326003.75,2103.25,0,0,0.0,0.0,21.0,894.0,863.55,2103.25
SKU0015,2025-09-15,Furniture,Storage,139,292351.75,2103.25,0,0,0.0,0.0,21.0,894.0,863.55,2103.25
SKU0015,2025-09-22,Furniture,Storage,140,294455.0,2103.25,0,0,0.0,1596.0,21.0,894.0,863.55,2103.25
SKU0015,2025-09-29,Furniture,Storage,124,260803.0,2103.25,0,1,0.0,0.0,21.0,894.0,863.55,2103.25
SKU0015,2025-10-06,Furniture,Storage,163,342829.75,2103.25,0,0,0.0,0.0,21.0,894.0,863.55,2103.25
SKU0015,2025-10-13,Furniture,Storage,114,239770.5,2103.25,0,0,0.0,1123.0,21.0,894.0,863.55,2103.25
SKU0015,2025-10-20,Furniture,Storage,313,543735.83,1747.1585714285716,7,0,0.0,0.0,21.0,894.0,863.55,2103.25
SKU0015,2025-10-27,Furniture,Storage,199,380026.59,1947.77,3,0,0.0,1106.0,21.0,894.0,863.55,2103.25
SKU0015,2025-11-03,Furniture,Storage,123,258699.75,2103.25,0,0,0.0,1115.0,21.0,894.0,863.55,2103.25
SKU0015,2025-11-10,Furniture,Storage,179,376481.75,2103.25,0,1,0.0,1543.0,21.0,894.0,863.55,2103.25
SKU0015,2025-11-17,Furniture,Storage,176,370172.0,2103.25,0,0,1173.0,1173.0,21.0,894.0,863.55,2103.25
SKU0015,2025-11-24,Furniture,Storage,326,576061.14,1787.5928571428572,6,0,992.0,0.0,21.0,894.0,863.55,2103.25
SKU0015,2025-12-01,Furniture,Storage,199,418546.75,2103.25,0,0,760.0,0.0,21.0,894.0,863.55,2103.25
SKU0015,2025-12-08,Furniture,Storage,176,370172.0,2103.25,0,0,550.0,1104.0,21.0,894.0,863.55,2103.25
SKU0015,2025-12-15,Furniture,Storage,193,405927.25,2103.25,0,0,359.0,1587.0,21.0,894.0,863.55,2103.25
SKU0015,2025-12-22,Furniture,Storage,199,418546.75,2103.25,0,1,101.0,0.0,21.0,894.0,863.55,2103.25
SKU0016,2024-11-11,Furniture,Storage,46,128537.8,2794.3,0,1,181.0,0.0,10.0,143.0,1638.71,2794.3
SKU0016,2024-11-18,Furniture,Storage,48,134126.40000000002,2794.3,0,0,138.0,284.0,10.0,143.0,1638.71,2794.3
SKU0016,2024-11-25,Furniture,Storage,115,259676.81,2311.671428571429,6,0,94.0,286.0,10.0,143.0,1638.71,2794.3
SKU0016,2024-12-02,Furniture,Storage,58,162069.40000000002,2794.3,0,0,19.0,273.0,10.0,143.0,1638.71,2794.3
SKU0016,2024-12-09,Furniture,Storage,41,114566.3,2794.3,0,0,0.0,0.0,10.0,143.0,1638.71,2794.3
SKU0016,2024-12-16,Furniture,Storage,67,187218.1,2794.3,0,0,0.0,0.0,10.0,143.0,1638.71,2794.3
SKU0016,2024-12-23,Furniture,Storage,67,187218.1,2794.3,0,1,0.0,175.0,10.0,143.0,1638.71,2794.3
SKU0016,2024-12-30,Furniture,Storage,74,206778.2,2794.3,0,1,0.0,236.0,10.0,143.0,1638.71,2794.3
SKU0016,2025-01-06,Furniture,Storage,59,164863.7,2794.3,0,0,0.0,0.0,10.0,143.0,1638.71,2794.3
SKU0016,2025-01-13,Furniture,Storage,174,418991.86,2488.0014285714283,5,0,0.0,0.0,10.0,143.0,1638.71,2794.3
SKU0016,2025-01-20,Furniture,Storage,96,244224.51,2625.1657142857143,3,1,0.0,272.0,10.0,143.0,1638.71,2794.3
SKU0016,2025-01-27,Furniture,Storage,69,192806.7,2794.3,0,0,0.0,0.0,10.0,143.0,1638.71,2794.3
SKU0016,2025-02-03,Furniture,Storage,80,223544.0,2794.3,0,0,0.0,0.0,10.0,143.0,1638.71,2794.3
SKU0016,2025-02-10,Furniture,Storage,71,198395.3,2794.3,0,0,0.0,0.0,10.0,143.0,1638.71,2794.3
SKU0016,2025-02-17,Furniture,Storage,78,217955.4,2794.3,0,0,0.0,0.0,10.0,143.0,1638.71,2794.3
SKU0016,2025-02-24,Furniture,Storage,86,240309.8,2794.3,0,0,0.0,0.0,10.0,143.0,1638.71,2794.3
SKU0016,2025-03-03,Furniture,Storage,99,276635.7,2794.3,0,0,270.0,270.0,10.0,143.0,1638.71,2794.3
SKU0016,2025-03-10,Furniture,Storage,82,229132.60000000003,2794.3,0,0,179.0,0.0,10.0,143.0,1638.71,2794.3
SKU0016,2025-03-17,Furniture,Storage,101,282224.30000000005,2794.3,0,0,94.0,0.0,10.0,143.0,1638.71,2794.3
SKU0016,2025-03-24,Furniture,Storage,82,229132.6,2794.3,0,0,283.0,271.0,10.0,143.0,1638.71,2794.3
SKU0016,2025-03-31,Furniture,Storage,86,240309.8,2794.3,0,0,205.0,0.0,10.0,143.0,1638.71,2794.3
SKU0016,2025-04-07,Furniture,Storage,104,290607.2,2794.3,0,0,114.0,0.0,10.0,143.0,1638.71,2794.3
SKU0016,2025-04-14,Furniture,Storage,87,243104.10000000003,2794.3,0,0,28.0,228.0,10.0,143.0,1638.71,2794.3
SKU0016,2025-04-21,Furniture,Storage,84,234721.2,2794.3,0,0,0.0,0.0,10.0,143.0,1638.71,2794.3
SKU0016,2025-04-28,Furniture,Storage,106,296195.80000000005,2794.3,0,0,239.0,239.0,10.0,143.0,1638.71,2794.3
SKU0016,2025-05-05,Furniture,Storage,90,251487.0,2794.3,0,0,152.0,0.0,10.0,143.0,1638.71,2794.3
SKU0016,2025-05-12,Furniture,Storage,92,257075.60000000003,2794.3,0,0,70.0,0.0,10.0,143.0,1638.71,2794.3
SKU0016,2025-05-19,Furniture,Storage,92,257075.6,2794.3,0,0,0.0,0.0,10.0,143.0,1638.71,2794.3
SKU0016,2025-05-26,Furniture,Storage,112,293886.85000000003,2700.3357142857144,1,0,229.0,229.0,10.0,143.0,1638.71,2794.3
SKU0016,2025-06-02,Furniture,Storage,162,384019.26,2377.5214285714287,7,0,128.0,0.0,10.0,143.0,1638.71,2794.3
SKU0016,2025-06-09,Furniture,Storage,64,178835.2,2794.3,0,0,0.0,172.0,10.0,143.0,1638.71,2794.3
SKU0016,2025-06-16,Furniture,Storage,94,262664.2,2794.3,0,0,0.0,0.0,10.0,143.0,1638.71,2794.3
SKU0016,2025-06-23,Furniture,Storage,62,173246.6,2794.3,0,0,0.0,0.0,10.0,143.0,1638.71,2794.3
SKU0016,2025-06-30,Furniture,Storage,79,220749.7,2794.3,0,0,0.0,200.0,10.0,143.0,1638.71,2794.3
SKU0016,2025-07-07,Furniture,Storage,91,254281.3,2794.3,0,0,179.0,179.0,10.0,143.0,1638.71,2794.3
SKU0016,2025-07-14,Furniture,Storage,75,209572.5,2794.3,0,0,105.0,0.0,10.0,143.0,1638.71,2794.3
SKU0016,2025-07-21,Furniture,Storage,73,203983.9,2794.3,0,0,20.0,199.0,10.0,143.0,1638.71,2794.3
SKU0016,2025-07-28,Furniture,Storage,77,215161.1,2794.3,0,0,0.0,0.0,10.0,143.0,1638.71,2794.3
SKU0016,2025-08-04,Furniture,Storage,46,128537.80000000002,2794.3,0,0,205.0,205.0,10.0,143.0,1638.71,2794.3
SKU0016,2025-08-11,Furniture,Storage,53,148097.9,2794.3,0,1,136.0,213.0,10.0,143.0,1638.71,2794.3
SKU0016,2025-08-18,Furniture,Storage,58,162069.40000000002,2794.3,0,0,77.0,236.0,10.0,143.0,1638.71,2794.3
SKU0016,2025-08-25,Furniture,Storage,62,173246.6,2794.3,0,0,222.0,199.0,10.0,143.0,1638.71,2794.3
SKU0016,2025-09-01,Furniture,Storage,65,181629.5,2794.3,0,0,160.0,0.0,10.0,143.0,1638.71,2794.3
SKU0016,2025-09-08,Furniture,Storage,60,167658.0,2794.3,0,0,101.0,0.0,10.0,143.0,1638.71,2794.3
SKU0016,2025-09-15,Furniture,Storage,55,153686.50000000003,2794.3,0,0,46.0,0.0,10.0,143.0,1638.71,2794.3
SKU0016,2025-09-22,Furniture,Storage,47,131332.1,2794.3,0,0,0.0,233.0,10.0,143.0,1638.71,2794.3
SKU0016,2025-09-29,Furniture,Storage,48,134126.4,2794.3,0,1,0.0,0.0,10.0,143.0,1638.71,2794.3
SKU0016,2025-10-06,Furniture,Storage,46,128537.80000000002,2794.3,0,0,0.0,0.0,10.0,143.0,1638.71,2794.3
SKU0016,2025-10-13,Furniture,Storage,50,139715.0,2794.3,0,0,0.0,0.0,10.0,143.0,1638.71,2794.3
SKU0016,2025-10-20,Furniture,Storage,105,249070.05,2350.585714285714,7,0,186.0,186.0,10.0,143.0,1638.71,2794.3
SKU0016,2025-10-27,Furniture,Storage,71,175096.36000000002,2596.4100000000003,3,0,367.0,244.0,10.0,143.0,1638.71,2794.3
SKU0016,2025-11-03,Furniture,Storage,71,198395.3,2794.3,0,0,294.0,0.0,10.0,143.0,1638.71,2794.3
SKU0016,2025-11-10,Furniture,Storage,68,190012.4,2794.3,0,1,211.0,0.0,10.0,143.0,1638.71,2794.3
SKU0016,2025-11-17,Furniture,Storage,63,176040.90000000002,2794.3,0,0,130.0,0.0,10.0,143.0,1638.71,2794.3
SKU0016,2025-11-24,Furniture,Storage,110,264242.75,2432.094285714286,6,0,58.0,0.0,10.0,143.0,1638.71,2794.3
SKU0016,2025-12-01,Furniture,Storage,75,209572.50000000003,2794.3,0,0,0.0,279.0,10.0,143.0,1638.71,2794.3
SKU0016,2025-12-08,Furniture,Storage,76,212366.8,2794.3,0,0,0.0,278.0,10.0,143.0,1638.71,2794.3
SKU0016,2025-12-15,Furniture,Storage,69,192806.7,2794.3,0,0,0.0,257.0,10.0,143.0,1638.71,2794.3
SKU0016,2025-12-22,Furniture,Storage,67,187218.1,2794.3,0,1,0.0,213.0,10.0,143.0,1638.71,2794.3
SKU0017,2024-12-09,Small Appliances,Climate,14,49657.02,3546.93,0,0,,,,,1283.72,3546.93
SKU0017,2024-12-16,Small Appliances,Climate,123,436272.39,3546.93,0,0,764.0,574.0,14.0,292.0,1283.72,3546.93
SKU0017,2024-12-23,Small Appliances,Climate,118,418537.74,3546.93,0,1,661.0,0.0,14.0,292.0,1283.72,3546.93
SKU0017,2024-12-30,Small Appliances,Climate,114,404350.02,3546.93,0,1,556.0,0.0,14.0,292.0,1283.72,3546.93
SKU0017,2025-01-06,Small Appliances,Climate,126,446913.18,3546.93,0,0,435.0,0.0,14.0,292.0,1283.72,3546.93
SKU0017,2025-01-13,Small Appliances,Climate,175,534400.58,3128.7757142857145,5,0,307.0,0.0,14.0,292.0,1283.72,3546.93
SKU0017,2025-01-20,Small Appliances,Climate,164,536219.08,3327.095714285714,3,1,172.0,392.0,14.0,292.0,1283.72,3546.93
SKU0017,2025-01-27,Small Appliances,Climate,140,496570.2,3546.93,0,0,44.0,0.0,14.0,292.0,1283.72,3546.93
SKU0017,2025-02-03,Small Appliances,Climate,140,496570.2,3546.93,0,0,0.0,476.0,14.0,292.0,1283.72,3546.93
SKU0017,2025-02-10,Small Appliances,Climate,107,379521.51,3546.93,0,0,0.0,0.0,14.0,292.0,1283.72,3546.93
SKU0017,2025-02-17,Small Appliances,Climate,146,517851.78,3546.93,0,0,0.0,0.0,14.0,292.0,1283.72,3546.93
SKU0017,2025-02-24,Small Appliances,Climate,140,496570.2,3546.93,0,0,0.0,0.0,14.0,292.0,1283.72,3546.93
SKU0017,2025-03-03,Small Appliances,Climate,166,588790.38,3546.93,0,0,0.0,430.0,14.0,292.0,1283.72,3546.93
SKU0017,2025-03-10,Small Appliances,Climate,127,450460.11,3546.93,0,0,0.0,483.0,14.0,292.0,1283.72,3546.93
SKU0017,2025-03-17,Small Appliances,Climate,156,553321.08,3546.93,0,0,0.0,0.0,14.0,292.0,1283.72,3546.93
SKU0017,2025-03-24,Small Appliances,Climate,149,528492.57,3546.93,0,0,0.0,583.0,14.0,292.0,1283.72,3546.93
SKU0017,2025-03-31,Small Appliances,Climate,140,496570.2,3546.93,0,0,0.0,421.0,14.0,292.0,1283.72,3546.93
SKU0017,2025-04-07,Small Appliances,Climate,143,507210.99,3546.93,0,0,0.0,413.0,14.0,292.0,1283.72,3546.93
SKU0017,2025-04-14,Small Appliances,Climate,145,514304.85,3546.93,0,0,0.0,557.0,14.0,292.0,1283.72,3546.93
SKU0017,2025-04-21,Small Appliances,Climate,137,485929.41,3546.93,0,0,0.0,357.0,14.0,292.0,1283.72,3546.93
SKU0017,2025-04-28,Small Appliances,Climate,165,585243.45,3546.93,0,0,0.0,420.0,14.0,292.0,1283.72,3546.93
SKU0017,2025-05-05,Small Appliances,Climate,130,461100.9,3546.93,0,0,0.0,0.0,14.0,292.0,1283.72,3546.93
SKU0017,2025-05-12,Small Appliances,Climate,114,404350.02,3546.93,0,0,0.0,572.0,14.0,292.0,1283.72,3546.93
SKU0017,2025-05-19,Small Appliances,Climate,116,411443.88,3546.93,0,0,0.0,460.0,14.0,292.0,1283.72,3546.93
SKU0017,2025-05-26,Small Appliances,Climate,134,459342.12,3470.994285714285,1,0,0.0,404.0,14.0,292.0,1283.72,3546.93
SKU0017,2025-06-02,Small Appliances,Climate,259,766930.75,2954.195714285714,7,0,0.0,384.0,14.0,292.0,1283.72,3546.93
SKU0017,2025-06-09,Small Appliances,Climate,111,393709.23,3546.93,0,0,525.0,525.0,14.0,292.0,1283.72,3546.93
SKU0017,2025-06-16,Small Appliances,Climate,122,432725.46,3546.93,0,0,359.0,0.0,14.0,292.0,1283.72,3546.93
SKU0017,2025-06-23,Small Appliances,Climate,119,422084.67,3546.93,0,0,227.0,514.0,14.0,292.0,1283.72,3546.93
SKU0017,2025-06-30,Small Appliances,Climate,106,375974.58,3546.93,0,0,99.0,505.0,14.0,292.0,1283.72,3546.93
SKU0017,2025-07-07,Small Appliances,Climate,112,397256.16,3546.93,0,0,0.0,528.0,14.0,292.0,1283.72,3546.93
SKU0017,2025-07-14,Small Appliances,Climate,98,347599.14,3546.93,0,0,0.0,445.0,14.0,292.0,1283.72,3546.93
SKU0017,2025-07-21,Small Appliances,Climate,92,326317.56,3546.93,0,0,0.0,532.0,14.0,292.0,1283.72,3546.93
SKU0017,2025-07-28,Small Appliances,Climate,91,322770.63,3546.93,0,0,0.0,0.0,14.0,292.0,1283.72,3546.93
SKU0017,2025-08-04,Small Appliances,Climate,95,336958.35,3546.93,0,0,0.0,0.0,14.0,292.0,1283.72,3546.93
SKU0017,2025-08-11,Small Appliances,Climate,82,290848.25999999995,3546.93,0,1,365.0,365.0,14.0,292.0,1283.72,3546.93
SKU0017,2025-08-18,Small Appliances,Climate,100,354692.99999999994,3546.93,0,0,275.0,498.0,14.0,292.0,1283.72,3546.93
SKU0017,2025-08-25,Small Appliances,Climate,86,305035.98,3546.93,0,0,181.0,470.0,14.0,292.0,1283.72,3546.93
SKU0017,2025-09-01,Small Appliances,Climate,79,280207.47,3546.93,0,0,84.0,492.0,14.0,292.0,1283.72,3546.93
SKU0017,2025-09-08,Small Appliances,Climate,72,255378.96,3546.93,0,0,2.0,467.0,14.0,292.0,1283.72,3546.93
SKU0017,2025-09-15,Small Appliances,Climate,68,241191.24,3546.93,0,0,542.0,542.0,14.0,292.0,1283.72,3546.93
SKU0017,2025-09-22,Small Appliances,Climate,71,251832.03,3546.93,0,0,474.0,0.0,14.0,292.0,1283.72,3546.93
SKU0017,2025-09-29,Small Appliances,Climate,71,251832.03,3546.93,0,1,408.0,0.0,14.0,292.0,1283.72,3546.93
SKU0017,2025-10-06,Small Appliances,Climate,66,234097.38,3546.93,0,0,338.0,0.0,14.0,292.0,1283.72,3546.93
SKU0017,2025-10-13,Small Appliances,Climate,74,262472.82,3546.93,0,0,273.0,0.0,14.0,292.0,1283.72,3546.93
SKU0017,2025-10-20,Small Appliances,Climate,88,257127.53,2920.662857142857,7,0,202.0,0.0,14.0,292.0,1283.72,3546.93
SKU0017,2025-10-27,Small Appliances,Climate,77,249968.18,3299.2371428571428,3,0,129.0,351.0,14.0,292.0,1283.72,3546.93
SKU0017,2025-11-03,Small Appliances,Climate,56,198628.08,3546.93,0,0,42.0,352.0,14.0,292.0,1283.72,3546.93
SKU0017,2025-11-10,Small Appliances,Climate,85,301489.05,3546.93,0,1,444.0,444.0,14.0,292.0,1283.72,3546.93
SKU0017,2025-11-17,Small Appliances,Climate,75,266019.75,3546.93,0,0,367.0,0.0,14.0,292.0,1283.72,3546.93
SKU0017,2025-11-24,Small Appliances,Climate,107,313612.97000000003,2985.494285714285,6,0,304.0,0.0,14.0,292.0,1283.72,3546.93
SKU0017,2025-12-01,Small Appliances,Climate,71,251832.03,3546.93,0,0,589.0,355.0,14.0,292.0,1283.72,3546.93
SKU0017,2025-12-08,Small Appliances,Climate,95,336958.35,3546.93,0,0,511.0,0.0,14.0,292.0,1283.72,3546.93
SKU0017,2025-12-15,Small Appliances,Climate,115,407896.95,3546.93,0,0,432.0,0.0,14.0,292.0,1283.72,3546.93
SKU0017,2025-12-22,Small Appliances,Climate,87,308582.91,3546.93,0,1,335.0,0.0,14.0,292.0,1283.72,3546.93
SKU0018,2024-05-13,Decor,Lighting,199,350612.13,1761.87,0,0,,,,,656.65,1761.87
SKU0018,2024-05-20,Decor,Lighting,315,554989.0499999999,1761.87,0,0,1828.0,1478.0,21.0,1137.0,656.65,1761.87
SKU0018,2024-05-27,Decor,Lighting,462,746656.64,1676.2257142857145,2,0,1464.0,0.0,21.0,1137.0,656.65,1761.87
SKU0018,2024-06-03,Decor,Lighting,607,897186.95,1487.9771428571428,6,0,1006.0,2014.0,21.0,1137.0,656.65,1761.87
SKU0018,2024-06-10,Decor,Lighting,332,584940.84,1761.87,0,0,512.0,1448.0,21.0,1137.0,656.65,1761.87
SKU0018,2024-06-17,Decor,Lighting,294,517989.78,1761.87,0,0,43.0,0.0,21.0,1137.0,656.65,1761.87
SKU0018,2024-06-24,Decor,Lighting,277,488037.99,1761.87,0,0,0.0,1839.0,21.0,1137.0,656.65,1761.87
SKU0018,2024-07-01,Decor,Lighting,266,468657.42,1761.87,0,0,0.0,2207.0,21.0,1137.0,656.65,1761.87
SKU0018,2024-07-08,Decor,Lighting,262,461609.94,1761.87,0,0,1616.0,1616.0,21.0,1137.0,656.65,1761.87
SKU0018,2024-07-15,Decor,Lighting,257,452800.59,1761.87,0,0,1362.0,0.0,21.0,1137.0,656.65,1761.87
SKU0018,2024-07-22,Decor,Lighting,230,405230.1,1761.87,0,0,1125.0,1775.0,21.0,1137.0,656.65,1761.87
SKU0018,2024-07-29,Decor,Lighting,212,373516.44,1761.87,0,0,859.0,2092.0,21.0,1137.0,656.65,1761.87
SKU0018,2024-08-05,Decor,Lighting,244,429896.28,1761.87,0,0,646.0,0.0,21.0,1137.0,656.65,1761.87
SKU0018,2024-08-12,Decor,Lighting,214,377040.18,1761.87,0,1,420.0,2014.0,21.0,1137.0,656.65,1761.87
SKU0018,2024-08-19,Decor,Lighting,244,429896.28,1761.87,0,0,218.0,2086.0,21.0,1137.0,656.65,1761.87
SKU0018,2024-08-26,Decor,Lighting,241,424610.67,1761.87,0,0,2067.0,2044.0,21.0,1137.0,656.65,1761.87
SKU0018,2024-09-02,Decor,Lighting,174,306565.38,1761.87,0,0,1817.0,0.0,21.0,1137.0,656.65,1761.87
SKU0018,2024-09-09,Decor,Lighting,212,373516.44,1761.87,0,0,1636.0,0.0,21.0,1137.0,656.65,1761.87
SKU0018,2024-09-16,Decor,Lighting,193,340040.91,1761.87,0,0,1429.0,0.0,21.0,1137.0,656.65,1761.87
SKU0018,2024-09-23,Decor,Lighting,189,332993.43,1761.87,0,0,1240.0,0.0,21.0,1137.0,656.65,1761.87
SKU0018,2024-09-30,Decor,Lighting,212,373516.44,1761.87,0,1,1026.0,0.0,21.0,1137.0,656.65,1761.87
SKU0018,2024-10-07,Decor,Lighting,183,322422.21,1761.87,0,0,822.0,0.0,21.0,1137.0,656.65,1761.87
SKU0018,2024-10-14,Decor,Lighting,203,333341.35,1704.9185714285716,1,0,620.0,0.0,21.0,1137.0,656.65,1761.87
SKU0018,2024-10-21,Decor,Lighting,359,522262.64,1460.2457142857145,7,0,2513.0,2092.0,21.0,1137.0,656.65,1761.87
SKU0018,2024-10-28,Decor,Lighting,267,431340.35,1661.952857142857,2,0,2288.0,0.0,21.0,1137.0,656.65,1761.87
SKU0018,2024-11-04,Decor,Lighting,229,403468.23,1761.87,0,0,1994.0,0.0,21.0,1137.0,656.65,1761.87
SKU0018,2024-11-11,Decor,Lighting,209,368230.83,1761.87,0,1,1733.0,0.0,21.0,1137.0,656.65,1761.87
SKU0018,2024-11-18,Decor,Lighting,192,338279.04,1761.87,0,0,1431.0,0.0,21.0,1137.0,656.65,1761.87
SKU0018,2024-11-25,Decor,Lighting,511,761873.09,1493.9214285714286,6,0,1185.0,0.0,21.0,1137.0,656.65,1761.87
SKU0018,2024-12-02,Decor,Lighting,259,456324.33,1761.87,0,0,900.0,0.0,21.0,1137.0,656.65,1761.87
SKU0018,2024-12-09,Decor,Lighting,268,472181.16,1761.87,0,0,623.0,0.0,21.0,1137.0,656.65,1761.87
SKU0018,2024-12-16,Decor,Lighting,267,470419.29,1761.87,0,0,326.0,2107.0,21.0,1137.0,656.65,1761.87
SKU0018,2024-12-23,Decor,Lighting,266,468657.4199999999,1761.87,0,1,0.0,0.0,21.0,1137.0,656.65,1761.87
SKU0018,2024-12-30,Decor,Lighting,287,505656.69,1761.87,0,1,0.0,0.0,21.0,1137.0,656.65,1761.87
SKU0018,2025-01-06,Decor,Lighting,307,540894.09,1761.87,0,0,0.0,1490.0,21.0,1137.0,656.65,1761.87
SKU0018,2025-01-13,Decor,Lighting,566,862075.84,1565.0742857142857,5,0,0.0,0.0,21.0,1137.0,656.65,1761.87
SKU0018,2025-01-20,Decor,Lighting,495,800647.47,1655.14,3,1,0.0,1456.0,21.0,1137.0,656.65,1761.87
SKU0018,2025-01-27,Decor,Lighting,330,581417.1,1761.87,0,0,0.0,1930.0,21.0,1137.0,656.65,1761.87
SKU0018,2025-02-03,Decor,Lighting,312,549703.44,1761.87,0,0,0.0,0.0,21.0,1137.0,656.65,1761.87
SKU0018,2025-02-10,Decor,Lighting,371,653653.77,1761.87,0,0,0.0,1706.0,21.0,1137.0,656.65,1761.87
SKU0018,2025-02-17,Decor,Lighting,348,613130.76,1761.87,0,0,0.0,2239.0,21.0,1137.0,656.65,1761.87
SKU0018,2025-02-24,Decor,Lighting,408,718842.96,1761.87,0,0,0.0,0.0,21.0,1137.0,656.65,1761.87
SKU0018,2025-03-03,Decor,Lighting,372,655415.6399999999,1761.87,0,0,0.0,1829.0,21.0,1137.0,656.65,1761.87
SKU0018,2025-03-10,Decor,Lighting,364,641320.6799999999,1761.87,0,0,0.0,1595.0,21.0,1137.0,656.65,1761.87
SKU0018,2025-03-17,Decor,Lighting,370,651891.8999999999,1761.87,0,0,0.0,0.0,21.0,1137.0,656.65,1761.87
SKU0018,2025-03-24,Decor,Lighting,357,628987.59,1761.87,0,0,0.0,0.0,21.0,1137.0,656.65,1761.87
SKU0018,2025-03-31,Decor,Lighting,398,701224.26,1761.87,0,0,1938.0,1938.0,21.0,1137.0,656.65,1761.87
SKU0018,2025-04-07,Decor,Lighting,369,650130.03,1761.87,0,0,1520.0,0.0,21.0,1137.0,656.65,1761.87
SKU0018,2025-04-14,Decor,Lighting,343,604321.4099999999,1761.87,0,0,1182.0,0.0,21.0,1137.0,656.65,1761.87
SKU0018,2025-04-21,Decor,Lighting,390,687129.2999999999,1761.87,0,0,813.0,0.0,21.0,1137.0,656.65,1761.87
SKU0018,2025-04-28,Decor,Lighting,374,658939.3799999999,1761.87,0,0,394.0,2197.0,21.0,1137.0,656.65,1761.87
SKU0018,2025-05-05,Decor,Lighting,340,599035.7999999999,1761.87,0,0,27.0,0.0,21.0,1137.0,656.65,1761.87
SKU0018,2025-05-12,Decor,Lighting,306,539132.22,1761.87,0,0,1711.0,1711.0,21.0,1137.0,656.65,1761.87
SKU0018,2025-05-19,Decor,Lighting,380,669510.6,1761.87,0,0,1380.0,0.0,21.0,1137.0,656.65,1761.87
SKU0018,2025-05-26,Decor,Lighting,319,523450.71,1712.2099999999998,1,0,996.0,0.0,21.0,1137.0,656.65,1761.87
SKU0018,2025-06-02,Decor,Lighting,642,910124.86,1425.3614285714286,7,0,2408.0,1765.0,21.0,1137.0,656.65,1761.87
SKU0018,2025-06-09,Decor,Lighting,311,547941.57,1761.87,0,0,2012.0,0.0,21.0,1137.0,656.65,1761.87
SKU0018,2025-06-16,Decor,Lighting,348,613130.76,1761.87,0,0,1600.0,0.0,21.0,1137.0,656.65,1761.87
SKU0018,2025-06-23,Decor,Lighting,277,488037.99,1761.87,0,0,1192.0,0.0,21.0,1137.0,656.65,1761.87
SKU0018,2025-06-30,Decor,Lighting,277,488037.99,1761.87,0,0,766.0,2065.0,21.0,1137.0,656.65,1761.87
SKU0018,2025-07-07,Decor,Lighting,314,553227.1799999999,1761.87,0,0,431.0,0.0,21.0,1137.0,656.65,1761.87
SKU0018,2025-07-14,Decor,Lighting,271,477466.77,1761.87,0,0,110.0,1894.0,21.0,1137.0,656.65,1761.87
SKU0018,2025-07-21,Decor,Lighting,206,362945.22,1761.87,0,0,0.0,0.0,21.0,1137.0,656.65,1761.87
SKU0018,2025-07-28,Decor,Lighting,178,313612.86,1761.87,0,0,0.0,1428.0,21.0,1137.0,656.65,1761.87
SKU0018,2025-08-04,Decor,Lighting,233,410515.71,1761.87,0,0,0.0,2053.0,21.0,1137.0,656.65,1761.87
SKU0018,2025-08-11,Decor,Lighting,222,391135.14,1761.87,0,1,0.0,1798.0,21.0,1137.0,656.65,1761.87
SKU0018,2025-08-18,Decor,Lighting,248,436943.76,1761.87,0,0,0.0,0.0,21.0,1137.0,656.65,1761.87
SKU0018,2025-08-25,Decor,Lighting,170,299517.9,1761.87,0,0,0.0,0.0,21.0,1137.0,656.65,1761.87
SKU0018,2025-09-01,Decor,Lighting,207,364707.09,1761.87,0,0,0.0,1841.0,21.0,1137.0,656.65,1761.87
SKU0018,2025-09-08,Decor,Lighting,223,392897.01,1761.87,0,0,0.0,0.0,21.0,1137.0,656.65,1761.87
SKU0018,2025-09-15,Decor,Lighting,161,283661.06999999995,1761.87,0,0,2250.0,2250.0,21.0,1137.0,656.65,1761.87
SKU0018,2025-09-22,Decor,Lighting,196,345326.52,1761.87,0,0,2047.0,0.0,21.0,1137.0,656.65,1761.87
SKU0018,2025-09-29,Decor,Lighting,183,322422.21,1761.87,0,1,1847.0,0.0,21.0,1137.0,656.65,1761.87
SKU0018,2025-10-06,Decor,Lighting,167,294232.29,1761.87,0,0,1685.0,0.0,21.0,1137.0,656.65,1761.87
SKU0018,2025-10-13,Decor,Lighting,200,352374.0,1761.87,0,0,1510.0,0.0,21.0,1137.0,656.65,1761.87
SKU0018,2025-10-20,Decor,Lighting,372,530777.46,1420.311428571429,7,0,1351.0,0.0,21.0,1137.0,656.65,1761.87
SKU0018,2025-10-27,Decor,Lighting,332,530171.39,1643.5742857142857,3,0,1097.0,1883.0,21.0,1137.0,656.65,1761.87
SKU0018,2025-11-03,Decor,Lighting,205,361183.35,1761.87,0,0,851.0,0.0,21.0,1137.0,656.65,1761.87
SKU0018,2025-11-10,Decor,Lighting,229,403468.23,1761.87,0,1,621.0,1501.0,21.0,1137.0,656.65,1761.87
SKU0018,2025-11-17,Decor,Lighting,241,424610.6699999999,1761.87,0,0,347.0,1403.0,21.0,1137.0,656.65,1761.87
SKU0018,2025-11-24,Decor,Lighting,434,641626.76,1507.8271428571427,6,0,126.0,1537.0,21.0,1137.0,656.65,1761.87
SKU0018,2025-12-01,Decor,Lighting,245,431658.15,1761.87,0,0,0.0,0.0,21.0,1137.0,656.65,1761.87
SKU0018,2025-12-08,Decor,Lighting,230,405230.1,1761.87,0,0,0.0,1426.0,21.0,1137.0,656.65,1761.87
SKU0018,2025-12-15,Decor,Lighting,290,510942.3,1761.87,0,0,0.0,0.0,21.0,1137.0,656.65,1761.87
SKU0018,2025-12-22,Decor,Lighting,318,560274.6599999999,1761.87,0,1,0.0,0.0,21.0,1137.0,656.65,1761.87
SKU0019,2024-10-14,Furniture,Storage,97,232153.45,2435.946,1,0,,,,,954.06,2507.21
SKU0019,2024-10-21,Furniture,Storage,188,398152.87,2119.387142857143,7,0,232.0,0.0,7.0,171.0,954.06,2507.21
SKU0019,2024-10-28,Furniture,Storage,116,265993.29,2361.882857142857,2,0,71.0,0.0,7.0,171.0,954.06,2507.21
SKU0019,2024-11-04,Furniture,Storage,94,235677.74,2507.21,0,0,270.0,270.0,7.0,171.0,954.06,2507.21
SKU0019,2024-11-11,Furniture,Storage,109,273285.89,2507.21,0,1,358.0,209.0,7.0,171.0,954.06,2507.21
SKU0019,2024-11-18,Furniture,Storage,123,308386.83,2507.21,0,0,228.0,0.0,7.0,171.0,954.06,2507.21
SKU0019,2024-11-25,Furniture,Storage,170,368736.16,2185.152857142857,6,0,443.0,321.0,7.0,171.0,954.06,2507.21
SKU0019,2024-12-02,Furniture,Storage,151,378588.71,2507.21,0,0,318.0,0.0,7.0,171.0,954.06,2507.21
SKU0019,2024-12-09,Furniture,Storage,116,290836.36,2507.21,0,0,161.0,0.0,7.0,171.0,954.06,2507.21
SKU0019,2024-12-16,Furniture,Storage,129,323430.09,2507.21,0,0,23.0,329.0,7.0,171.0,954.06,2507.21
SKU0019,2024-12-23,Furniture,Storage,148,371067.08,2507.21,0,1,0.0,0.0,7.0,171.0,954.06,2507.21
SKU0019,2024-12-30,Furniture,Storage,173,433747.33,2507.21,0,1,241.0,241.0,7.0,171.0,954.06,2507.21
SKU0019,2025-01-06,Furniture,Storage,145,363545.45,2507.21,0,0,111.0,336.0,7.0,171.0,954.06,2507.21
SKU0019,2025-01-13,Furniture,Storage,231,496927.66,2198.01,5,0,222.0,222.0,7.0,171.0,954.06,2507.21
SKU0019,2025-01-20,Furniture,Storage,210,493603.26,2319.5514285714285,3,1,22.0,292.0,7.0,171.0,954.06,2507.21
SKU0019,2025-01-27,Furniture,Storage,183,458819.43,2507.21,0,0,0.0,0.0,7.0,171.0,954.06,2507.21
SKU0019,2025-02-03,Furniture,Storage,187,468848.27,2507.21,0,0,0.0,0.0,7.0,171.0,954.06,2507.21
SKU0019,2025-02-10,Furniture,Storage,174,436254.54,2507.21,0,0,0.0,263.0,7.0,171.0,954.06,2507.21
SKU0019,2025-02-17,Furniture,Storage,174,436254.54,2507.21,0,0,0.0,0.0,7.0,171.0,954.06,2507.21
SKU0019,2025-02-24,Furniture,Storage,163,408675.23,2507.21,0,0,0.0,342.0,7.0,171.0,954.06,2507.21
SKU0019,2025-03-03,Furniture,Storage,186,466341.06,2507.21,0,0,339.0,339.0,7.0,171.0,954.06,2507.21
SKU0019,2025-03-10,Furniture,Storage,192,481384.32,2507.21,0,0,178.0,0.0,7.0,171.0,954.06,2507.21
SKU0019,2025-03-17,Furniture,Storage,176,441268.96,2507.21,0,0,334.0,319.0,7.0,171.0,954.06,2507.21
SKU0019,2025-03-24,Furniture,Storage,173,433747.33,2507.21,0,0,170.0,282.0,7.0,171.0,954.06,2507.21
SKU0019,2025-03-31,Furniture,Storage,183,458819.43000000005,2507.21,0,0,0.0,0.0,7.0,171.0,954.06,2507.21
SKU0019,2025-04-07,Furniture,Storage,154,386110.34,2507.21,0,0,0.0,252.0,7.0,171.0,954.06,2507.21
SKU0019,2025-04-14,Furniture,Storage,191,478877.11,2507.21,0,0,0.0,0.0,7.0,171.0,954.06,2507.21
SKU0019,2025-04-21,Furniture,Storage,170,426225.7,2507.21,0,0,0.0,279.0,7.0,171.0,954.06,2507.21
SKU0019,2025-04-28,Furniture,Storage,175,438761.75,2507.21,0,0,0.0,276.0,7.0,171.0,954.06,2507.21
SKU0019,2025-05-05,Furniture,Storage,153,383603.13,2507.21,0,0,0.0,0.0,7.0,171.0,954.06,2507.21
SKU0019,2025-05-12,Furniture,Storage,170,426225.7,2507.21,0,0,0.0,267.0,7.0,171.0,954.06,2507.21
SKU0019,2025-05-19,Furniture,Storage,184,461326.64,2507.21,0,0,0.0,338.0,7.0,171.0,954.06,2507.21
SKU0019,2025-05-26,Furniture,Storage,162,382308.94,2434.69,1,0,0.0,0.0,7.0,171.0,954.06,2507.21
SKU0019,2025-06-02,Furniture,Storage,232,473641.72,2046.9428571428573,7,0,0.0,288.0,7.0,171.0,954.06,2507.21
SKU0019,2025-06-09,Furniture,Storage,118,295850.78,2507.21,0,0,0.0,334.0,7.0,171.0,954.06,2507.21
SKU0019,2025-06-16,Furniture,Storage,123,308386.83,2507.21,0,0,237.0,237.0,7.0,171.0,954.06,2507.21
SKU0019,2025-06-23,Furniture,Storage,128,320922.88,2507.21,0,0,58.0,0.0,7.0,171.0,954.06,2507.21
SKU0019,2025-06-30,Furniture,Storage,98,245706.58,2507.21,0,0,0.0,208.0,7.0,171.0,954.06,2507.21
SKU0019,2025-07-07,Furniture,Storage,121,303372.41000000003,2507.21,0,0,0.0,315.0,7.0,171.0,954.06,2507.21
SKU0019,2025-07-14,Furniture,Storage,122,305879.62,2507.21,0,0,0.0,265.0,7.0,171.0,954.06,2507.21
SKU0019,2025-07-21,Furniture,Storage,102,255735.42,2507.21,0,0,0.0,266.0,7.0,171.0,954.06,2507.21
SKU0019,2025-07-28,Furniture,Storage,107,268271.47,2507.21,0,0,0.0,302.0,7.0,171.0,954.06,2507.21
SKU0019,2025-08-04,Furniture,Storage,100,250721.0,2507.21,0,0,0.0,333.0,7.0,171.0,954.06,2507.21
SKU0019,2025-08-11,Furniture,Storage,90,225648.9,2507.21,0,1,0.0,0.0,7.0,171.0,954.06,2507.21
SKU0019,2025-08-18,Furniture,Storage,73,183026.33,2507.21,0,0,0.0,0.0,7.0,171.0,954.06,2507.21
SKU0019,2025-08-25,Furniture,Storage,81,203084.01,2507.21,0,0,0.0,0.0,7.0,171.0,954.06,2507.21
SKU0019,2025-09-01,Furniture,Storage,77,193055.17,2507.21,0,0,0.0,0.0,7.0,171.0,954.06,2507.21
SKU0019,2025-09-08,Furniture,Storage,80,200576.8,2507.21,0,0,0.0,247.0,7.0,171.0,954.06,2507.21
SKU0019,2025-09-15,Furniture,Storage,72,180519.12,2507.21,0,0,0.0,214.0,7.0,171.0,954.06,2507.21
SKU0019,2025-09-22,Furniture,Storage,83,208098.43,2507.21,0,0,0.0,327.0,7.0,171.0,954.06,2507.21
SKU0019,2025-09-29,Furniture,Storage,73,183026.33,2507.21,0,1,0.0,237.0,7.0,171.0,954.06,2507.21
SKU0019,2025-10-06,Furniture,Storage,65,162968.65000000002,2507.21,0,0,242.0,242.0,7.0,171.0,954.06,2507.21
SKU0019,2025-10-13,Furniture,Storage,59,147925.39,2507.21,0,0,171.0,0.0,7.0,171.0,954.06,2507.21
SKU0019,2025-10-20,Furniture,Storage,122,249897.09,2047.9285714285716,7,0,95.0,0.0,7.0,171.0,954.06,2507.21
SKU0019,2025-10-27,Furniture,Storage,87,196208.21,2303.0671428571427,3,0,22.0,0.0,7.0,171.0,954.06,2507.21
SKU0019,2025-11-03,Furniture,Storage,88,220634.48,2507.21,0,0,0.0,269.0,7.0,171.0,954.06,2507.21
SKU0019,2025-11-10,Furniture,Storage,86,215620.06,2507.21,0,1,0.0,222.0,7.0,171.0,954.06,2507.21
SKU0019,2025-11-17,Furniture,Storage,94,235677.74,2507.21,0,0,0.0,0.0,7.0,171.0,954.06,2507.21
SKU0019,2025-11-24,Furniture,Storage,145,307280.34,2146.3514285714286,6,0,0.0,0.0,7.0,171.0,954.06,2507.21
SKU0019,2025-12-01,Furniture,Storage,108,270778.68,2507.21,0,0,0.0,303.0,7.0,171.0,954.06,2507.21
SKU0019,2025-12-08,Furniture,Storage,89,223141.69,2507.21,0,0,0.0,0.0,7.0,171.0,954.06,2507.21
SKU0019,2025-12-15,Furniture,Storage,113,283314.73,2507.21,0,0,0.0,0.0,7.0,171.0,954.06,2507.21
SKU0019,2025-12-22,Furniture,Storage,92,230663.32,2507.21,0,1,295.0,295.0,7.0,171.0,954.06,2507.21
SKU0020,2024-11-04,Decor,Wall Art,20,117142.2,5857.11,0,0,,,,,2461.16,5857.11
SKU0020,2024-11-11,Decor,Wall Art,75,439283.25,5857.11,0,1,118.0,0.0,10.0,137.0,2461.16,5857.11
SKU0020,2024-11-18,Decor,Wall Art,64,374855.04,5857.11,0,0,41.0,0.0,10.0,137.0,2461.16,5857.11
SKU0020,2024-11-25,Decor,Wall Art,101,478196.82,4878.187142857142,6,0,0.0,269.0,10.0,137.0,2461.16,5857.11
SKU0020,2024-12-02,Decor,Wall Art,68,398283.48,5857.11,0,0,235.0,235.0,10.0,137.0,2461.16,5857.11
SKU0020,2024-12-09,Decor,Wall Art,56,327998.16,5857.11,0,0,167.0,0.0,10.0,137.0,2461.16,5857.11
SKU0020,2024-12-16,Decor,Wall Art,69,404140.59,5857.11,0,0,91.0,188.0,10.0,137.0,2461.16,5857.11
SKU0020,2024-12-23,Decor,Wall Art,81,474425.91,5857.11,0,1,21.0,0.0,10.0,137.0,2461.16,5857.11
SKU0020,2024-12-30,Decor,Wall Art,65,380712.15,5857.11,0,1,0.0,0.0,10.0,137.0,2461.16,5857.11
SKU0020,2025-01-06,Decor,Wall Art,85,497854.35,5857.11,0,0,0.0,248.0,10.0,137.0,2461.16,5857.11
SKU0020,2025-01-13,Decor,Wall Art,139,699323.19,5181.325714285714,5,0,0.0,201.0,10.0,137.0,2461.16,5857.11
SKU0020,2025-01-20,Decor,Wall Art,91,496154.93,5528.402857142857,3,1,0.0,179.0,10.0,137.0,2461.16,5857.11
SKU0020,2025-01-27,Decor,Wall Art,82,480283.02,5857.11,0,0,0.0,239.0,10.0,137.0,2461.16,5857.11
SKU0020,2025-02-03,Decor,Wall Art,94,550568.34,5857.11,0,0,0.0,0.0,10.0,137.0,2461.16,5857.11
SKU0020,2025-02-10,Decor,Wall Art,85,497854.35,5857.11,0,0,0.0,224.0,10.0,137.0,2461.16,5857.11
SKU0020,2025-02-17,Decor,Wall Art,99,579853.8899999999,5857.11,0,0,0.0,0.0,10.0,137.0,2461.16,5857.11
SKU0020,2025-02-24,Decor,Wall Art,102,597425.22,5857.11,0,0,0.0,230.0,10.0,137.0,2461.16,5857.11
SKU0020,2025-03-03,Decor,Wall Art,105,614996.5499999999,5857.11,0,0,0.0,170.0,10.0,137.0,2461.16,5857.11
SKU0020,2025-03-10,Decor,Wall Art,87,509568.57,5857.11,0,0,0.0,0.0,10.0,137.0,2461.16,5857.11
SKU0020,2025-03-17,Decor,Wall Art,90,527139.9,5857.11,0,0,0.0,0.0,10.0,137.0,2461.16,5857.11
SKU0020,2025-03-24,Decor,Wall Art,100,585711.0,5857.11,0,0,0.0,0.0,10.0,137.0,2461.16,5857.11
SKU0020,2025-03-31,Decor,Wall Art,106,620853.6599999999,5857.11,0,0,0.0,265.0,10.0,137.0,2461.16,5857.11
SKU0020,2025-04-07,Decor,Wall Art,82,480283.02,5857.11,0,0,0.0,0.0,10.0,137.0,2461.16,5857.11
SKU0020,2025-04-14,Decor,Wall Art,89,521282.79,5857.11,0,0,0.0,0.0,10.0,137.0,2461.16,5857.11
SKU0020,2025-04-21,Decor,Wall Art,93,544711.23,5857.11,0,0,0.0,220.0,10.0,137.0,2461.16,5857.11
SKU0020,2025-04-28,Decor,Wall Art,83,486140.13,5857.11,0,0,0.0,0.0,10.0,137.0,2461.16,5857.11
SKU0020,2025-05-05,Decor,Wall Art,91,532997.01,5857.11,0,0,0.0,265.0,10.0,137.0,2461.16,5857.11
SKU0020,2025-05-12,Decor,Wall Art,97,568139.6699999999,5857.11,0,0,247.0,247.0,10.0,137.0,2461.16,5857.11
SKU0020,2025-05-19,Decor,Wall Art,88,515425.67999999993,5857.11,0,0,150.0,0.0,10.0,137.0,2461.16,5857.11
SKU0020,2025-05-26,Decor,Wall Art,80,438331.78,5660.765714285714,1,0,62.0,174.0,10.0,137.0,2461.16,5857.11
SKU0020,2025-06-02,Decor,Wall Art,149,727820.17,4888.184285714286,7,0,0.0,241.0,10.0,137.0,2461.16,5857.11
SKU0020,2025-06-09,Decor,Wall Art,76,445140.36,5857.11,0,0,0.0,262.0,10.0,137.0,2461.16,5857.11
SKU0020,2025-06-16,Decor,Wall Art,60,351426.6,5857.11,0,0,0.0,0.0,10.0,137.0,2461.16,5857.11
SKU0020,2025-06-23,Decor,Wall Art,68,398283.48,5857.11,0,0,0.0,0.0,10.0,137.0,2461.16,5857.11
SKU0020,2025-06-30,Decor,Wall Art,74,433426.14,5857.11,0,0,0.0,218.0,10.0,137.0,2461.16,5857.11
SKU0020,2025-07-07,Decor,Wall Art,56,327998.16,5857.11,0,0,0.0,0.0,10.0,137.0,2461.16,5857.11
SKU0020,2025-07-14,Decor,Wall Art,71,415854.81,5857.11,0,0,0.0,0.0,10.0,137.0,2461.16,5857.11
SKU0020,2025-07-21,Decor,Wall Art,46,269427.06,5857.11,0,0,0.0,273.0,10.0,137.0,2461.16,5857.11
SKU0020,2025-07-28,Decor,Wall Art,62,363140.82,5857.11,0,0,0.0,222.0,10.0,137.0,2461.16,5857.11
SKU0020,2025-08-04,Decor,Wall Art,53,310426.83,5857.11,0,0,0.0,222.0,10.0,137.0,2461.16,5857.11
SKU0020,2025-08-11,Decor,Wall Art,56,327998.16,5857.11,0,1,0.0,198.0,10.0,137.0,2461.16,5857.11
SKU0020,2025-08-18,Decor,Wall Art,50,292855.5,5857.11,0,0,0.0,0.0,10.0,137.0,2461.16,5857.11
SKU0020,2025-08-25,Decor,Wall Art,49,286998.39,5857.11,0,0,0.0,0.0,10.0,137.0,2461.16,5857.11
SKU0020,2025-09-01,Decor,Wall Art,51,298712.61,5857.11,0,0,0.0,194.0,10.0,137.0,2461.16,5857.11
SKU0020,2025-09-08,Decor,Wall Art,51,298712.61,5857.11,0,0,0.0,211.0,10.0,137.0,2461.16,5857.11
SKU0020,2025-09-15,Decor,Wall Art,45,263569.94999999995,5857.11,0,0,0.0,202.0,10.0,137.0,2461.16,5857.11
SKU0020,2025-09-22,Decor,Wall Art,39,228427.29,5857.11,0,0,0.0,0.0,10.0,137.0,2461.16,5857.11
SKU0020,2025-09-29,Decor,Wall Art,51,298712.61,5857.11,0,1,0.0,0.0,10.0,137.0,2461.16,5857.11
SKU0020,2025-10-06,Decor,Wall Art,29,169856.18999999997,5857.11,0,0,217.0,217.0,10.0,137.0,2461.16,5857.11
SKU0020,2025-10-13,Decor,Wall Art,51,298712.61,5857.11,0,0,179.0,0.0,10.0,137.0,2461.16,5857.11
SKU0020,2025-10-20,Decor,Wall Art,105,504063.3,4798.585714285714,7,0,302.0,174.0,10.0,137.0,2461.16,5857.11
SKU0020,2025-10-27,Decor,Wall Art,72,366589.58,5379.907142857142,3,0,246.0,0.0,10.0,137.0,2461.16,5857.11
SKU0020,2025-11-03,Decor,Wall Art,48,281141.28,5857.11,0,0,178.0,0.0,10.0,137.0,2461.16,5857.11
SKU0020,2025-11-10,Decor,Wall Art,53,310426.83,5857.11,0,1,104.0,0.0,10.0,137.0,2461.16,5857.11
SKU0020,2025-11-17,Decor,Wall Art,64,374855.04,5857.11,0,0,211.0,177.0,10.0,137.0,2461.16,5857.11
SKU0020,2025-11-24,Decor,Wall Art,110,552597.29,5055.9514285714295,6,0,156.0,0.0,10.0,137.0,2461.16,5857.11
SKU0020,2025-12-01,Decor,Wall Art,69,404140.59,5857.11,0,0,278.0,189.0,10.0,137.0,2461.16,5857.11
SKU0020,2025-12-08,Decor,Wall Art,62,363140.82,5857.11,0,0,202.0,0.0,10.0,137.0,2461.16,5857.11
SKU0020,2025-12-15,Decor,Wall Art,61,357283.71,5857.11,0,0,311.0,183.0,10.0,137.0,2461.16,5857.11
SKU0020,2025-12-22,Decor,Wall Art,57,333855.27,5857.11,0,1,248.0,0.0,10.0,137.0,2461.16,5857.11
SKU0021,2024-09-02,Furniture,Seating,224,604011.52,2696.48,0,0,,,,,1520.49,2696.48
SKU0021,2024-09-09,Furniture,Seating,242,652548.16,2696.48,0,0,1011.0,0.0,10.0,690.0,1520.49,2696.48
SKU0021,2024-09-16,Furniture,Seating,276,744228.48,2696.48,0,0,747.0,0.0,10.0,690.0,1520.49,2696.48
SKU0021,2024-09-23,Furniture,Seating,242,652548.16,2696.48,0,0,487.0,1167.0,10.0,690.0,1520.49,2696.48
SKU0021,2024-09-30,Furniture,Seating,295,795461.6000000001,2696.48,0,1,263.0,0.0,10.0,690.0,1520.49,2696.48
SKU0021,2024-10-07,Furniture,Seating,271,730746.0800000001,2696.48,0,0,0.0,0.0,10.0,690.0,1520.49,2696.48
SKU0021,2024-10-14,Furniture,Seating,282,729637.39,2647.09,1,0,0.0,904.0,10.0,690.0,1520.49,2696.48
SKU0021,2024-10-21,Furniture,Seating,618,1404232.37,2273.7028571428573,7,0,0.0,1137.0,10.0,690.0,1520.49,2696.48
SKU0021,2024-10-28,Furniture,Seating,319,786402.4,2550.702857142857,2,0,0.0,0.0,10.0,690.0,1520.49,2696.48
SKU0021,2024-11-04,Furniture,Seating,270,728049.6,2696.48,0,0,0.0,1078.0,10.0,690.0,1520.49,2696.48
SKU0021,2024-11-11,Furniture,Seating,283,763103.8400000001,2696.48,0,1,0.0,1373.0,10.0,690.0,1520.49,2696.48
SKU0021,2024-11-18,Furniture,Seating,281,757710.88,2696.48,0,0,0.0,1038.0,10.0,690.0,1520.49,2696.48
SKU0021,2024-11-25,Furniture,Seating,500,1115861.02,2255.162857142857,6,0,1225.0,1225.0,10.0,690.0,1520.49,2696.48
SKU0021,2024-12-02,Furniture,Seating,298,803551.04,2696.48,0,0,880.0,0.0,10.0,690.0,1520.49,2696.48
SKU0021,2024-12-09,Furniture,Seating,305,822426.4,2696.48,0,0,527.0,0.0,10.0,690.0,1520.49,2696.48
SKU0021,2024-12-16,Furniture,Seating,308,830515.84,2696.48,0,0,228.0,1218.0,10.0,690.0,1520.49,2696.48
SKU0021,2024-12-23,Furniture,Seating,401,1081288.48,2696.48,0,1,0.0,0.0,10.0,690.0,1520.49,2696.48
SKU0021,2024-12-30,Furniture,Seating,413,1113646.24,2696.48,0,1,0.0,982.0,10.0,690.0,1520.49,2696.48
SKU0021,2025-01-06,Furniture,Seating,336,906017.28,2696.48,0,0,0.0,1202.0,10.0,690.0,1520.49,2696.48
SKU0021,2025-01-13,Furniture,Seating,745,1735886.79,2377.011428571429,5,0,0.0,1097.0,10.0,690.0,1520.49,2696.48
SKU0021,2025-01-20,Furniture,Seating,719,1755218.79,2491.87,3,1,0.0,0.0,10.0,690.0,1520.49,2696.48
SKU0021,2025-01-27,Furniture,Seating,433,1167575.84,2696.48,0,0,0.0,1145.0,10.0,690.0,1520.49,2696.48
SKU0021,2025-02-03,Furniture,Seating,424,1143307.52,2696.48,0,0,0.0,0.0,10.0,690.0,1520.49,2696.48
SKU0021,2025-02-10,Furniture,Seating,437,1178361.76,2696.48,0,0,0.0,0.0,10.0,690.0,1520.49,2696.48
SKU0021,2025-02-17,Furniture,Seating,437,1178361.76,2696.48,0,0,0.0,0.0,10.0,690.0,1520.49,2696.48
SKU0021,2025-02-24,Furniture,Seating,504,1359025.92,2696.48,0,0,0.0,0.0,10.0,690.0,1520.49,2696.48
SKU0021,2025-03-03,Furniture,Seating,488,1315882.24,2696.48,0,0,0.0,0.0,10.0,690.0,1520.49,2696.48
SKU0021,2025-03-10,Furniture,Seating,467,1259256.16,2696.48,0,0,0.0,0.0,10.0,690.0,1520.49,2696.48
SKU0021,2025-03-17,Furniture,Seating,525,1415652.0,2696.48,0,0,0.0,1375.0,10.0,690.0,1520.49,2696.48
SKU0021,2025-03-24,Furniture,Seating,479,1291613.92,2696.48,0,0,0.0,0.0,10.0,690.0,1520.49,2696.48
SKU0021,2025-03-31,Furniture,Seating,567,1528904.16,2696.48,0,0,0.0,0.0,10.0,690.0,1520.49,2696.48
SKU0021,2025-04-07,Furniture,Seating,430,1159486.4,2696.48,0,0,0.0,0.0,10.0,690.0,1520.49,2696.48
SKU0021,2025-04-14,Furniture,Seating,468,1261952.64,2696.48,0,0,0.0,0.0,10.0,690.0,1520.49,2696.48
SKU0021,2025-04-21,Furniture,Seating,441,1189147.68,2696.48,0,0,0.0,0.0,10.0,690.0,1520.49,2696.48
SKU0021,2025-04-28,Furniture,Seating,464,1251166.72,2696.48,0,0,0.0,0.0,10.0,690.0,1520.49,2696.48
SKU0021,2025-05-05,Furniture,Seating,500,1348240.0,2696.48,0,0,0.0,1059.0,10.0,690.0,1520.49,2696.48
SKU0021,2025-05-12,Furniture,Seating,469,1264649.12,2696.48,0,0,0.0,1090.0,10.0,690.0,1520.49,2696.48
SKU0021,2025-05-19,Furniture,Seating,398,1073199.04,2696.48,0,0,0.0,1084.0,10.0,690.0,1520.49,2696.48
SKU0021,2025-05-26,Furniture,Seating,502,1295689.04,2642.0214285714287,1,0,0.0,0.0,10.0,690.0,1520.49,2696.48
SKU0021,2025-06-02,Furniture,Seating,818,1813890.97,2208.934285714286,7,0,0.0,1014.0,10.0,690.0,1520.49,2696.48
SKU0021,2025-06-09,Furniture,Seating,450,1213416.0,2696.48,0,0,0.0,0.0,10.0,690.0,1520.49,2696.48
SKU0021,2025-06-16,Furniture,Seating,380,1024662.4,2696.48,0,0,1181.0,1181.0,10.0,690.0,1520.49,2696.48
SKU0021,2025-06-23,Furniture,Seating,357,962643.36,2696.48,0,0,640.0,0.0,10.0,690.0,1520.49,2696.48
SKU0021,2025-06-30,Furniture,Seating,380,1024662.4,2696.48,0,0,226.0,0.0,10.0,690.0,1520.49,2696.48
SKU0021,2025-07-07,Furniture,Seating,320,862873.6000000001,2696.48,0,0,0.0,0.0,10.0,690.0,1520.49,2696.48
SKU0021,2025-07-14,Furniture,Seating,302,814336.96,2696.48,0,0,0.0,0.0,10.0,690.0,1520.49,2696.48
SKU0021,2025-07-21,Furniture,Seating,320,862873.6,2696.48,0,0,0.0,1088.0,10.0,690.0,1520.49,2696.48
SKU0021,2025-07-28,Furniture,Seating,288,776586.24,2696.48,0,0,0.0,1279.0,10.0,690.0,1520.49,2696.48
SKU0021,2025-08-04,Furniture,Seating,311,838605.28,2696.48,0,0,1082.0,1082.0,10.0,690.0,1520.49,2696.48
SKU0021,2025-08-11,Furniture,Seating,306,825122.88,2696.48,0,1,778.0,0.0,10.0,690.0,1520.49,2696.48
SKU0021,2025-08-18,Furniture,Seating,295,795461.6,2696.48,0,0,448.0,0.0,10.0,690.0,1520.49,2696.48
SKU0021,2025-08-25,Furniture,Seating,244,657941.12,2696.48,0,0,190.0,0.0,10.0,690.0,1520.49,2696.48
SKU0021,2025-09-01,Furniture,Seating,222,598618.56,2696.48,0,0,1132.0,1132.0,10.0,690.0,1520.49,2696.48
SKU0021,2025-09-08,Furniture,Seating,232,625583.36,2696.48,0,0,871.0,0.0,10.0,690.0,1520.49,2696.48
SKU0021,2025-09-15,Furniture,Seating,229,617493.92,2696.48,0,0,1535.0,939.0,10.0,690.0,1520.49,2696.48
SKU0021,2025-09-22,Furniture,Seating,214,577046.72,2696.48,0,0,1321.0,0.0,10.0,690.0,1520.49,2696.48
SKU0021,2025-09-29,Furniture,Seating,236,636369.28,2696.48,0,1,1089.0,0.0,10.0,690.0,1520.49,2696.48
SKU0021,2025-10-06,Furniture,Seating,239,644458.72,2696.48,0,0,842.0,0.0,10.0,690.0,1520.49,2696.48
SKU0021,2025-10-13,Furniture,Seating,244,657941.12,2696.48,0,0,589.0,0.0,10.0,690.0,1520.49,2696.48
SKU0021,2025-10-20,Furniture,Seating,437,965209.94,2205.1857142857143,7,0,366.0,911.0,10.0,690.0,1520.49,2696.48
SKU0021,2025-10-27,Furniture,Seating,321,785890.74,2488.651428571429,3,0,68.0,1196.0,10.0,690.0,1520.49,2696.48
SKU0021,2025-11-03,Furniture,Seating,266,717263.68,2696.48,0,0,1152.0,1152.0,10.0,690.0,1520.49,2696.48
SKU0021,2025-11-10,Furniture,Seating,288,776586.24,2696.48,0,1,812.0,0.0,10.0,690.0,1520.49,2696.48
SKU0021,2025-11-17,Furniture,Seating,309,833212.3200000001,2696.48,0,0,518.0,1329.0,10.0,690.0,1520.49,2696.48
SKU0021,2025-11-24,Furniture,Seating,512,1193295.59,2358.6414285714286,6,0,228.0,1057.0,10.0,690.0,1520.49,2696.48
SKU0021,2025-12-01,Furniture,Seating,288,776586.24,2696.48,0,0,0.0,1034.0,10.0,690.0,1520.49,2696.48
SKU0021,2025-12-08,Furniture,Seating,289,779282.72,2696.48,0,0,0.0,0.0,10.0,690.0,1520.49,2696.48
SKU0021,2025-12-15,Furniture,Seating,318,857480.64,2696.48,0,0,0.0,0.0,10.0,690.0,1520.49,2696.48
SKU0021,2025-12-22,Furniture,Seating,336,906017.28,2696.48,0,1,983.0,983.0,10.0,690.0,1520.49,2696.48
SKU0022,2025-04-07,Furniture,Seating,425,2099355.5,4939.659999999999,0,0,54.0,528.0,7.0,372.0,2449.93,4939.66
SKU0022,2025-04-14,Furniture,Seating,401,1980803.66,4939.659999999999,0,0,0.0,472.0,7.0,372.0,2449.93,4939.66
SKU0022,2025-04-21,Furniture,Seating,385,1901769.1,4939.659999999999,0,0,0.0,723.0,7.0,372.0,2449.93,4939.66
SKU0022,2025-04-28,Furniture,Seating,384,1896829.44,4939.659999999999,0,0,0.0,588.0,7.0,372.0,2449.93,4939.66
SKU0022,2025-05-05,Furniture,Seating,376,1857312.16,4939.659999999999,0,0,0.0,531.0,7.0,372.0,2449.93,4939.66
SKU0022,2025-05-12,Furniture,Seating,375,1852372.5,4939.659999999999,0,0,0.0,0.0,7.0,372.0,2449.93,4939.66
SKU0022,2025-05-19,Furniture,Seating,292,1442380.72,4939.659999999999,0,0,531.0,531.0,7.0,372.0,2449.93,4939.66
SKU0022,2025-05-26,Furniture,Seating,348,1667480.0699999998,4832.99,1,0,706.0,550.0,7.0,372.0,2449.93,4939.66
SKU0022,2025-06-02,Furniture,Seating,553,2258096.05,4092.627142857143,7,0,421.0,0.0,7.0,372.0,2449.93,4939.66
SKU0022,2025-06-09,Furniture,Seating,319,1575751.54,4939.659999999999,0,0,78.0,695.0,7.0,372.0,2449.93,4939.66
SKU0022,2025-06-16,Furniture,Seating,297,1467079.02,4939.659999999999,0,0,0.0,667.0,7.0,372.0,2449.93,4939.66
SKU0022,2025-06-23,Furniture,Seating,340,1679484.4,4939.659999999999,0,0,0.0,628.0,7.0,372.0,2449.93,4939.66
SKU0022,2025-06-30,Furniture,Seating,277,1368285.8199999998,4939.659999999999,0,0,452.0,452.0,7.0,372.0,2449.93,4939.66
SKU0022,2025-07-07,Furniture,Seating,288,1422622.08,4939.659999999999,0,0,107.0,633.0,7.0,372.0,2449.93,4939.66
SKU0022,2025-07-14,Furniture,Seating,295,1457199.7,4939.659999999999,0,0,0.0,0.0,7.0,372.0,2449.93,4939.66
SKU0022,2025-07-21,Furniture,Seating,237,1170699.42,4939.659999999999,0,0,0.0,711.0,7.0,372.0,2449.93,4939.66
SKU0022,2025-07-28,Furniture,Seating,238,1175639.08,4939.659999999999,0,0,0.0,455.0,7.0,372.0,2449.93,4939.66
SKU0022,2025-08-04,Furniture,Seating,254,1254673.64,4939.659999999999,0,0,0.0,592.0,7.0,372.0,2449.93,4939.66
SKU0022,2025-08-11,Furniture,Seating,279,1378165.14,4939.659999999999,0,1,0.0,0.0,7.0,372.0,2449.93,4939.66
SKU0022,2025-08-18,Furniture,Seating,265,1309009.9,4939.659999999999,0,0,0.0,0.0,7.0,372.0,2449.93,4939.66
SKU0022,2025-08-25,Furniture,Seating,230,1136121.7999999998,4939.659999999999,0,0,0.0,0.0,7.0,372.0,2449.93,4939.66
SKU0022,2025-09-01,Furniture,Seating,182,899018.12,4939.659999999999,0,0,0.0,633.0,7.0,372.0,2449.93,4939.66
SKU0022,2025-09-08,Furniture,Seating,204,1007690.64,4939.659999999999,0,0,0.0,627.0,7.0,372.0,2449.93,4939.66
SKU0022,2025-09-15,Furniture,Seating,195,963233.7,4939.659999999999,0,0,0.0,0.0,7.0,372.0,2449.93,4939.66
SKU0022,2025-09-22,Furniture,Seating,179,884199.14,4939.659999999999,0,0,0.0,595.0,7.0,372.0,2449.93,4939.66
SKU0022,2025-09-29,Furniture,Seating,183,903957.78,4939.659999999999,0,1,0.0,0.0,7.0,372.0,2449.93,4939.66
SKU0022,2025-10-06,Furniture,Seating,198,978052.68,4939.659999999999,0,0,0.0,674.0,7.0,372.0,2449.93,4939.66
SKU0022,2025-10-13,Furniture,Seating,219,1081785.54,4939.659999999999,0,0,0.0,609.0,7.0,372.0,2449.93,4939.66
SKU0022,2025-10-20,Furniture,Seating,357,1446449.29,4058.5214285714287,7,0,0.0,0.0,7.0,372.0,2449.93,4939.66
SKU0022,2025-10-27,Furniture,Seating,300,1386869.8299999998,4642.92,3,0,739.0,739.0,7.0,372.0,2449.93,4939.66
SKU0022,2025-11-03,Furniture,Seating,198,978052.68,4939.659999999999,0,0,493.0,0.0,7.0,372.0,2449.93,4939.66
SKU0022,2025-11-10,Furniture,Seating,276,1363346.16,4939.659999999999,0,1,756.0,502.0,7.0,372.0,2449.93,4939.66
SKU0022,2025-11-17,Furniture,Seating,260,1284311.6,4939.659999999999,0,0,468.0,0.0,7.0,372.0,2449.93,4939.66
SKU0022,2025-11-24,Furniture,Seating,386,1639767.92,4240.9400000000005,6,0,197.0,514.0,7.0,372.0,2449.93,4939.66
SKU0022,2025-12-01,Furniture,Seating,236,1165759.76,4939.659999999999,0,0,0.0,626.0,7.0,372.0,2449.93,4939.66
SKU0022,2025-12-08,Furniture,Seating,289,1427561.74,4939.659999999999,0,0,0.0,0.0,7.0,372.0,2449.93,4939.66
SKU0022,2025-12-15,Furniture,Seating,251,1239854.66,4939.659999999999,0,0,0.0,691.0,7.0,372.0,2449.93,4939.66
SKU0022,2025-12-22,Furniture,Seating,295,1457199.7,4939.659999999999,0,1,0.0,0.0,7.0,372.0,2449.93,4939.66
SKU0023,2024-08-26,Small Appliances,Climate,259,1406652.31,5431.09,0,0,,,,,3196.12,5431.09
SKU0023,2024-09-02,Small Appliances,Climate,431,2340799.79,5431.090000000001,0,0,1643.0,0.0,10.0,1148.0,3196.12,5431.09
SKU0023,2024-09-09,Small Appliances,Climate,354,1922605.86,5431.090000000001,0,0,1233.0,0.0,10.0,1148.0,3196.12,5431.09
SKU0023,2024-09-16,Small Appliances,Climate,414,2248471.26,5431.090000000001,0,0,866.0,2285.0,10.0,1148.0,3196.12,5431.09
SKU0023,2024-09-23,Small Appliances,Climate,376,2042089.84,5431.090000000001,0,0,435.0,0.0,10.0,1148.0,3196.12,5431.09
SKU0023,2024-09-30,Small Appliances,Climate,438,2378817.42,5431.090000000001,0,1,1649.0,1612.0,10.0,1148.0,3196.12,5431.09
SKU0023,2024-10-07,Small Appliances,Climate,400,2172436.0,5431.090000000001,0,0,1269.0,0.0,10.0,1148.0,3196.12,5431.09
SKU0023,2024-10-14,Small Appliances,Climate,438,2300419.59,5326.42,1,0,894.0,2181.0,10.0,1148.0,3196.12,5431.09
SKU0023,2024-10-21,Small Appliances,Climate,705,3236852.67,4617.568571428571,7,0,541.0,1529.0,10.0,1148.0,3196.12,5431.09
SKU0023,2024-10-28,Small Appliances,Climate,502,2570394.96,5152.400000000001,2,0,115.0,1831.0,10.0,1148.0,3196.12,5431.09
SKU0023,2024-11-04,Small Appliances,Climate,435,2362524.15,5431.090000000001,0,0,0.0,0.0,10.0,1148.0,3196.12,5431.09
SKU0023,2024-11-11,Small Appliances,Climate,437,2373386.33,5431.090000000001,0,1,2180.0,2180.0,10.0,1148.0,3196.12,5431.09
SKU0023,2024-11-18,Small Appliances,Climate,492,2672096.2800000003,5431.090000000001,0,0,1688.0,0.0,10.0,1148.0,3196.12,5431.09
SKU0023,2024-11-25,Small Appliances,Climate,678,3170754.28,4687.104285714285,6,0,1163.0,0.0,10.0,1148.0,3196.12,5431.09
SKU0023,2024-12-02,Small Appliances,Climate,475,2579767.75,5431.090000000001,0,0,735.0,0.0,10.0,1148.0,3196.12,5431.09
SKU0023,2024-12-09,Small Appliances,Climate,543,2949081.87,5431.090000000001,0,0,187.0,0.0,10.0,1148.0,3196.12,5431.09
SKU0023,2024-12-16,Small Appliances,Climate,599,3253222.91,5431.090000000001,0,0,2080.0,2080.0,10.0,1148.0,3196.12,5431.09
SKU0023,2024-12-23,Small Appliances,Climate,574,3117445.66,5431.090000000001,0,1,1609.0,0.0,10.0,1148.0,3196.12,5431.09
SKU0023,2024-12-30,Small Appliances,Climate,645,3503053.0500000003,5431.090000000001,0,1,1042.0,1738.0,10.0,1148.0,3196.12,5431.09
SKU0023,2025-01-06,Small Appliances,Climate,660,3584519.4000000004,5431.090000000001,0,0,476.0,2255.0,10.0,1148.0,3196.12,5431.09
SKU0023,2025-01-13,Small Appliances,Climate,1039,4870471.41,4820.595714285714,5,0,0.0,0.0,10.0,1148.0,3196.12,5431.09
SKU0023,2025-01-20,Small Appliances,Climate,810,4055734.91,5058.402857142857,3,1,0.0,0.0,10.0,1148.0,3196.12,5431.09
SKU0023,2025-01-27,Small Appliances,Climate,773,4198232.57,5431.090000000001,0,0,0.0,1831.0,10.0,1148.0,3196.12,5431.09
SKU0023,2025-02-03,Small Appliances,Climate,634,3443311.06,5431.090000000001,0,0,0.0,2132.0,10.0,1148.0,3196.12,5431.09
SKU0023,2025-02-10,Small Appliances,Climate,787,4274267.83,5431.090000000001,0,0,0.0,2008.0,10.0,1148.0,3196.12,5431.09
SKU0023,2025-02-17,Small Appliances,Climate,755,4100472.95,5431.090000000001,0,0,0.0,1924.0,10.0,1148.0,3196.12,5431.09
SKU0023,2025-02-24,Small Appliances,Climate,726,3942971.34,5431.090000000001,0,0,0.0,1834.0,10.0,1148.0,3196.12,5431.09
SKU0023,2025-03-03,Small Appliances,Climate,849,4610995.41,5431.090000000001,0,0,0.0,1387.0,10.0,1148.0,3196.12,5431.09
SKU0023,2025-03-10,Small Appliances,Climate,708,3845211.72,5431.090000000001,0,0,0.0,0.0,10.0,1148.0,3196.12,5431.09
SKU0023,2025-03-17,Small Appliances,Climate,784,4257974.5600000005,5431.090000000001,0,0,2176.0,2176.0,10.0,1148.0,3196.12,5431.09
SKU0023,2025-03-24,Small Appliances,Climate,794,4312285.46,5431.090000000001,0,0,1309.0,0.0,10.0,1148.0,3196.12,5431.09
SKU0023,2025-03-31,Small Appliances,Climate,767,4165646.03,5431.090000000001,0,0,630.0,0.0,10.0,1148.0,3196.12,5431.09
SKU0023,2025-04-07,Small Appliances,Climate,848,4605564.32,5431.090000000001,0,0,1558.0,1558.0,10.0,1148.0,3196.12,5431.09
SKU0023,2025-04-14,Small Appliances,Climate,929,5045482.61,5431.090000000001,0,0,777.0,1960.0,10.0,1148.0,3196.12,5431.09
SKU0023,2025-04-21,Small Appliances,Climate,838,4551253.42,5431.090000000001,0,0,0.0,0.0,10.0,1148.0,3196.12,5431.09
SKU0023,2025-04-28,Small Appliances,Climate,826,4486080.34,5431.090000000001,0,0,0.0,0.0,10.0,1148.0,3196.12,5431.09
SKU0023,2025-05-05,Small Appliances,Climate,712,3866936.08,5431.090000000001,0,0,0.0,2120.0,10.0,1148.0,3196.12,5431.09
SKU0023,2025-05-12,Small Appliances,Climate,784,4257974.5600000005,5431.090000000001,0,0,0.0,0.0,10.0,1148.0,3196.12,5431.09
SKU0023,2025-05-19,Small Appliances,Climate,893,4849963.37,5431.090000000001,0,0,0.0,1660.0,10.0,1148.0,3196.12,5431.09
SKU0023,2025-05-26,Small Appliances,Climate,950,4883459.7,5279.400000000001,1,0,0.0,1739.0,10.0,1148.0,3196.12,5431.09
SKU0023,2025-06-02,Small Appliances,Climate,1340,5897253.88,4405.644285714286,7,0,0.0,2014.0,10.0,1148.0,3196.12,5431.09
SKU0023,2025-06-09,Small Appliances,Climate,639,3470466.51,5431.090000000001,0,0,1807.0,1807.0,10.0,1148.0,3196.12,5431.09
SKU0023,2025-06-16,Small Appliances,Climate,741,4024437.69,5431.090000000001,0,0,756.0,0.0,10.0,1148.0,3196.12,5431.09
SKU0023,2025-06-23,Small Appliances,Climate,678,3682279.02,5431.090000000001,0,0,0.0,0.0,10.0,1148.0,3196.12,5431.09
SKU0023,2025-06-30,Small Appliances,Climate,615,3340120.35,5431.090000000001,0,0,0.0,0.0,10.0,1148.0,3196.12,5431.09
SKU0023,2025-07-07,Small Appliances,Climate,618,3356413.62,5431.090000000001,0,0,0.0,2014.0,10.0,1148.0,3196.12,5431.09
SKU0023,2025-07-14,Small Appliances,Climate,653,3546501.77,5431.090000000001,0,0,0.0,0.0,10.0,1148.0,3196.12,5431.09
SKU0023,2025-07-21,Small Appliances,Climate,503,2731838.27,5431.090000000001,0,0,0.0,0.0,10.0,1148.0,3196.12,5431.09
SKU0023,2025-07-28,Small Appliances,Climate,518,2813304.62,5431.090000000001,0,0,0.0,0.0,10.0,1148.0,3196.12,5431.09
SKU0023,2025-08-04,Small Appliances,Climate,455,2471145.95,5431.090000000001,0,0,0.0,1804.0,10.0,1148.0,3196.12,5431.09
SKU0023,2025-08-11,Small Appliances,Climate,471,2558043.39,5431.090000000001,0,1,0.0,2264.0,10.0,1148.0,3196.12,5431.09
SKU0023,2025-08-18,Small Appliances,Climate,524,2845891.16,5431.090000000001,0,0,0.0,0.0,10.0,1148.0,3196.12,5431.09
SKU0023,2025-08-25,Small Appliances,Climate,419,2275626.71,5431.090000000001,0,0,0.0,0.0,10.0,1148.0,3196.12,5431.09
SKU0023,2025-09-01,Small Appliances,Climate,509,2764424.81,5431.090000000001,0,0,0.0,2206.0,10.0,1148.0,3196.12,5431.09
SKU0023,2025-09-08,Small Appliances,Climate,412,2237609.08,5431.090000000001,0,0,0.0,0.0,10.0,1148.0,3196.12,5431.09
SKU0023,2025-09-15,Small Appliances,Climate,462,2509163.58,5431.090000000001,0,0,2162.0,2162.0,10.0,1148.0,3196.12,5431.09
SKU0023,2025-09-22,Small Appliances,Climate,392,2128987.28,5431.090000000001,0,0,1755.0,0.0,10.0,1148.0,3196.12,5431.09
SKU0023,2025-09-29,Small Appliances,Climate,380,2063814.2,5431.090000000001,0,1,1342.0,0.0,10.0,1148.0,3196.12,5431.09
SKU0023,2025-10-06,Small Appliances,Climate,425,2308213.25,5431.090000000001,0,0,905.0,1684.0,10.0,1148.0,3196.12,5431.09
SKU0023,2025-10-13,Small Appliances,Climate,376,2042089.84,5431.090000000001,0,0,2214.0,1763.0,10.0,1148.0,3196.12,5431.09
SKU0023,2025-10-20,Small Appliances,Climate,719,3192455.72,4449.008571428572,7,0,1868.0,0.0,10.0,1148.0,3196.12,5431.09
SKU0023,2025-10-27,Small Appliances,Climate,570,2865716.93,5116.397142857143,3,0,1379.0,0.0,10.0,1148.0,3196.12,5431.09
SKU0023,2025-11-03,Small Appliances,Climate,487,2644940.83,5431.090000000001,0,0,863.0,2207.0,10.0,1148.0,3196.12,5431.09
SKU0023,2025-11-10,Small Appliances,Climate,562,3052272.58,5431.090000000001,0,1,259.0,0.0,10.0,1148.0,3196.12,5431.09
SKU0023,2025-11-17,Small Appliances,Climate,476,2585198.84,5431.090000000001,0,0,0.0,2164.0,10.0,1148.0,3196.12,5431.09
SKU0023,2025-11-24,Small Appliances,Climate,820,3689547.98,4529.982857142857,6,0,0.0,0.0,10.0,1148.0,3196.12,5431.09
SKU0023,2025-12-01,Small Appliances,Climate,561,3046841.49,5431.090000000001,0,0,0.0,0.0,10.0,1148.0,3196.12,5431.09
SKU0023,2025-12-08,Small Appliances,Climate,650,3530208.5,5431.090000000001,0,0,0.0,0.0,10.0,1148.0,3196.12,5431.09
SKU0023,2025-12-15,Small Appliances,Climate,624,3389000.16,5431.090000000001,0,0,0.0,1392.0,10.0,1148.0,3196.12,5431.09
SKU0023,2025-12-22,Small Appliances,Climate,687,3731158.83,5431.090000000001,0,1,0.0,0.0,10.0,1148.0,3196.12,5431.09
SKU0024,2024-10-07,Small Appliances,Kitchen,20,78808.59999999999,3940.43,0,0,,,,,2051.91,3940.43
SKU0024,2024-10-14,Small Appliances,Kitchen,85,304262.39,3807.641428571428,1,0,294.0,0.0,14.0,313.0,2051.91,3940.43
SKU0024,2024-10-21,Small Appliances,Kitchen,136,422720.92,3131.555714285714,7,0,595.0,391.0,14.0,313.0,2051.91,3940.43
SKU0024,2024-10-28,Small Appliances,Kitchen,68,239689.23,3679.621428571428,2,0,501.0,0.0,14.0,313.0,2051.91,3940.43
SKU0024,2024-11-04,Small Appliances,Kitchen,95,374340.85,3940.43,0,0,413.0,0.0,14.0,313.0,2051.91,3940.43
SKU0024,2024-11-11,Small Appliances,Kitchen,107,421626.01,3940.43,0,1,305.0,0.0,14.0,313.0,2051.91,3940.43
SKU0024,2024-11-18,Small Appliances,Kitchen,93,366459.99,3940.43,0,0,200.0,0.0,14.0,313.0,2051.91,3940.43
SKU0024,2024-11-25,Small Appliances,Kitchen,171,552601.55,3277.587142857143,6,0,120.0,412.0,14.0,313.0,2051.91,3940.43
SKU0024,2024-12-02,Small Appliances,Kitchen,97,382221.71,3940.43,0,0,0.0,540.0,14.0,313.0,2051.91,3940.43
SKU0024,2024-12-09,Small Appliances,Kitchen,91,358579.13,3940.43,0,0,0.0,0.0,14.0,313.0,2051.91,3940.43
SKU0024,2024-12-16,Small Appliances,Kitchen,91,358579.13,3940.43,0,0,0.0,0.0,14.0,313.0,2051.91,3940.43
SKU0024,2024-12-23,Small Appliances,Kitchen,103,405864.29,3940.43,0,1,0.0,0.0,14.0,313.0,2051.91,3940.43
SKU0024,2024-12-30,Small Appliances,Kitchen,129,508315.47,3940.43,0,1,0.0,486.0,14.0,313.0,2051.91,3940.43
SKU0024,2025-01-06,Small Appliances,Kitchen,104,409804.72,3940.43,0,0,0.0,0.0,14.0,313.0,2051.91,3940.43
SKU0024,2025-01-13,Small Appliances,Kitchen,208,701822.0700000001,3454.4757142857147,5,0,0.0,0.0,14.0,313.0,2051.91,3940.43
SKU0024,2025-01-20,Small Appliances,Kitchen,192,697450.08,3715.5571428571434,3,1,0.0,412.0,14.0,313.0,2051.91,3940.43
SKU0024,2025-01-27,Small Appliances,Kitchen,143,563481.49,3940.43,0,0,0.0,558.0,14.0,313.0,2051.91,3940.43
SKU0024,2025-02-03,Small Appliances,Kitchen,132,520136.76,3940.43,0,0,0.0,534.0,14.0,313.0,2051.91,3940.43
SKU0024,2025-02-10,Small Appliances,Kitchen,126,496494.18,3940.43,0,0,452.0,452.0,14.0,313.0,2051.91,3940.43
SKU0024,2025-02-17,Small Appliances,Kitchen,121,476792.03,3940.43,0,0,301.0,552.0,14.0,313.0,2051.91,3940.43
SKU0024,2025-02-24,Small Appliances,Kitchen,141,555600.63,3940.43,0,0,164.0,439.0,14.0,313.0,2051.91,3940.43
SKU0024,2025-03-03,Small Appliances,Kitchen,155,610766.6499999999,3940.43,0,0,24.0,0.0,14.0,313.0,2051.91,3940.43
SKU0024,2025-03-10,Small Appliances,Kitchen,160,630468.7999999999,3940.43,0,0,0.0,0.0,14.0,313.0,2051.91,3940.43
SKU0024,2025-03-17,Small Appliances,Kitchen,154,606826.22,3940.43,0,0,0.0,527.0,14.0,313.0,2051.91,3940.43
SKU0024,2025-03-24,Small Appliances,Kitchen,162,638349.6599999999,3940.43,0,0,0.0,0.0,14.0,313.0,2051.91,3940.43
SKU0024,2025-03-31,Small Appliances,Kitchen,110,433447.29999999993,3940.43,0,0,0.0,597.0,14.0,313.0,2051.91,3940.43
SKU0024,2025-04-07,Small Appliances,Kitchen,147,579243.21,3940.43,0,0,0.0,402.0,14.0,313.0,2051.91,3940.43
SKU0024,2025-04-14,Small Appliances,Kitchen,126,496494.17999999993,3940.43,0,0,509.0,0.0,14.0,313.0,2051.91,3940.43
SKU0024,2025-04-21,Small Appliances,Kitchen,136,535898.48,3940.43,0,0,358.0,0.0,14.0,313.0,2051.91,3940.43
SKU0024,2025-04-28,Small Appliances,Kitchen,142,559541.0599999999,3940.43,0,0,232.0,458.0,14.0,313.0,2051.91,3940.43
SKU0024,2025-05-05,Small Appliances,Kitchen,139,547719.77,3940.43,0,0,687.0,0.0,14.0,313.0,2051.91,3940.43
SKU0024,2025-05-12,Small Appliances,Kitchen,163,642290.09,3940.43,0,0,557.0,0.0,14.0,313.0,2051.91,3940.43
SKU0024,2025-05-19,Small Appliances,Kitchen,140,551660.2,3940.43,0,0,427.0,0.0,14.0,313.0,2051.91,3940.43
SKU0024,2025-05-26,Small Appliances,Kitchen,143,544375.89,3872.195714285714,1,0,271.0,0.0,14.0,313.0,2051.91,3940.43
SKU0024,2025-06-02,Small Appliances,Kitchen,305,1033768.54,3392.4585714285718,7,0,106.0,0.0,14.0,313.0,2051.91,3940.43
SKU0024,2025-06-09,Small Appliances,Kitchen,131,516196.33,3940.43,0,0,0.0,0.0,14.0,313.0,2051.91,3940.43
SKU0024,2025-06-16,Small Appliances,Kitchen,103,405864.29,3940.43,0,0,0.0,0.0,14.0,313.0,2051.91,3940.43
SKU0024,2025-06-23,Small Appliances,Kitchen,102,401923.86,3940.43,0,0,0.0,0.0,14.0,313.0,2051.91,3940.43
SKU0024,2025-06-30,Small Appliances,Kitchen,128,504375.0399999999,3940.43,0,0,0.0,587.0,14.0,313.0,2051.91,3940.43
SKU0024,2025-07-07,Small Appliances,Kitchen,127,500434.61,3940.43,0,0,0.0,447.0,14.0,313.0,2051.91,3940.43
SKU0024,2025-07-14,Small Appliances,Kitchen,121,476792.03,3940.43,0,0,0.0,0.0,14.0,313.0,2051.91,3940.43
SKU0024,2025-07-21,Small Appliances,Kitchen,84,330996.12,3940.43,0,0,0.0,0.0,14.0,313.0,2051.91,3940.43
SKU0024,2025-07-28,Small Appliances,Kitchen,81,319174.83,3940.43,0,0,0.0,0.0,14.0,313.0,2051.91,3940.43
SKU0024,2025-08-04,Small Appliances,Kitchen,86,338876.98,3940.43,0,0,469.0,469.0,14.0,313.0,2051.91,3940.43
SKU0024,2025-08-11,Small Appliances,Kitchen,82,323115.26,3940.43,0,1,380.0,0.0,14.0,313.0,2051.91,3940.43
SKU0024,2025-08-18,Small Appliances,Kitchen,78,307353.54,3940.43,0,0,293.0,0.0,14.0,313.0,2051.91,3940.43
SKU0024,2025-08-25,Small Appliances,Kitchen,97,382221.71,3940.43,0,0,217.0,0.0,14.0,313.0,2051.91,3940.43
SKU0024,2025-09-01,Small Appliances,Kitchen,69,271889.67,3940.43,0,0,698.0,573.0,14.0,313.0,2051.91,3940.43
SKU0024,2025-09-08,Small Appliances,Kitchen,91,358579.13,3940.43,0,0,618.0,0.0,14.0,313.0,2051.91,3940.43
SKU0024,2025-09-15,Small Appliances,Kitchen,74,291591.81999999995,3940.43,0,0,550.0,0.0,14.0,313.0,2051.91,3940.43
SKU0024,2025-09-22,Small Appliances,Kitchen,66,260068.38,3940.43,0,0,477.0,0.0,14.0,313.0,2051.91,3940.43
SKU0024,2025-09-29,Small Appliances,Kitchen,96,378281.28,3940.43,0,1,399.0,0.0,14.0,313.0,2051.91,3940.43
SKU0024,2025-10-06,Small Appliances,Kitchen,73,287651.39,3940.43,0,0,329.0,0.0,14.0,313.0,2051.91,3940.43
SKU0024,2025-10-13,Small Appliances,Kitchen,75,295532.25,3940.43,0,0,663.0,410.0,14.0,313.0,2051.91,3940.43
SKU0024,2025-10-20,Small Appliances,Kitchen,199,659485.15,3321.118571428571,7,0,578.0,0.0,14.0,313.0,2051.91,3940.43
SKU0024,2025-10-27,Small Appliances,Kitchen,122,437217.01,3639.9185714285713,3,0,476.0,0.0,14.0,313.0,2051.91,3940.43
SKU0024,2025-11-03,Small Appliances,Kitchen,84,330996.12,3940.43,0,0,373.0,0.0,14.0,313.0,2051.91,3940.43
SKU0024,2025-11-10,Small Appliances,Kitchen,105,413745.15,3940.43,0,1,269.0,0.0,14.0,313.0,2051.91,3940.43
SKU0024,2025-11-17,Small Appliances,Kitchen,83,327055.68999999994,3940.43,0,0,147.0,0.0,14.0,313.0,2051.91,3940.43
SKU0024,2025-11-24,Small Appliances,Kitchen,207,662798.59,3286.797142857143,6,0,617.0,574.0,14.0,313.0,2051.91,3940.43
SKU0024,2025-12-01,Small Appliances,Kitchen,88,346757.84,3940.43,0,0,490.0,0.0,14.0,313.0,2051.91,3940.43
SKU0024,2025-12-08,Small Appliances,Kitchen,127,500434.61,3940.43,0,0,362.0,0.0,14.0,313.0,2051.91,3940.43
SKU0024,2025-12-15,Small Appliances,Kitchen,118,464970.74,3940.43,0,0,226.0,0.0,14.0,313.0,2051.91,3940.43
SKU0024,2025-12-22,Small Appliances,Kitchen,131,516196.33,3940.43,0,1,104.0,407.0,14.0,313.0,2051.91,3940.43
SKU0025,2024-01-08,Decor,Wall Art,101,907186.0400000002,8982.04,0,0,,,,,3357.28,8982.04
SKU0025,2024-01-15,Decor,Wall Art,333,2570858.64,7715.78,7,0,18.0,0.0,14.0,329.0,3357.28,8982.04
SKU0025,2024-01-22,Decor,Wall Art,175,1516618.9,8827.31142857143,1,1,0.0,399.0,14.0,329.0,3357.28,8982.04
SKU0025,2024-01-29,Decor,Wall Art,138,1239521.52,8982.04,0,0,0.0,487.0,14.0,329.0,3357.28,8982.04
SKU0025,2024-02-05,Decor,Wall Art,175,1571857.0000000002,8982.04,0,0,0.0,0.0,14.0,329.0,3357.28,8982.04
SKU0025,2024-02-12,Decor,Wall Art,163,1464072.52,8982.04,0,0,0.0,400.0,14.0,329.0,3357.28,8982.04
SKU0025,2024-02-19,Decor,Wall Art,202,1814372.08,8982.04,0,0,0.0,0.0,14.0,329.0,3357.28,8982.04
SKU0025,2024-02-26,Decor,Wall Art,187,1679641.4800000002,8982.04,0,0,0.0,547.0,14.0,329.0,3357.28,8982.04
SKU0025,2024-03-04,Decor,Wall Art,172,1544910.88,8982.04,0,0,0.0,521.0,14.0,329.0,3357.28,8982.04
SKU0025,2024-03-11,Decor,Wall Art,209,1877246.36,8982.04,0,0,0.0,416.0,14.0,329.0,3357.28,8982.04
SKU0025,2024-03-18,Decor,Wall Art,190,1706587.6,8982.04,0,0,0.0,578.0,14.0,329.0,3357.28,8982.04
SKU0025,2024-03-25,Decor,Wall Art,166,1491018.64,8982.04,0,0,0.0,0.0,14.0,329.0,3357.28,8982.04
SKU0025,2024-04-01,Decor,Wall Art,175,1571857.0000000002,8982.04,0,0,0.0,564.0,14.0,329.0,3357.28,8982.04
SKU0025,2024-04-08,Decor,Wall Art,198,1778443.9200000002,8982.04,0,0,0.0,571.0,14.0,329.0,3357.28,8982.04
SKU0025,2024-04-15,Decor,Wall Art,143,1284431.7200000002,8982.04,0,0,0.0,558.0,14.0,329.0,3357.28,8982.04
SKU0025,2024-04-22,Decor,Wall Art,178,1598803.12,8982.04,0,0,0.0,0.0,14.0,329.0,3357.28,8982.04
SKU0025,2024-04-29,Decor,Wall Art,195,1751497.8000000005,8982.04,0,0,0.0,0.0,14.0,329.0,3357.28,8982.04
SKU0025,2024-05-06,Decor,Wall Art,160,1437126.4,8982.04,0,0,627.0,627.0,14.0,329.0,3357.28,8982.04
SKU0025,2024-05-13,Decor,Wall Art,167,1500000.6800000002,8982.04,0,0,458.0,0.0,14.0,329.0,3357.28,8982.04
SKU0025,2024-05-20,Decor,Wall Art,143,1284431.7200000002,8982.04,0,0,261.0,0.0,14.0,329.0,3357.28,8982.04
SKU0025,2024-05-27,Decor,Wall Art,187,1494569.4500000002,8393.207142857143,2,0,103.0,0.0,14.0,329.0,3357.28,8982.04
SKU0025,2024-06-03,Decor,Wall Art,270,2079424.2,7694.192857142858,6,0,415.0,415.0,14.0,329.0,3357.28,8982.04
SKU0025,2024-06-10,Decor,Wall Art,124,1113772.9600000002,8982.04,0,0,251.0,0.0,14.0,329.0,3357.28,8982.04
SKU0025,2024-06-17,Decor,Wall Art,127,1140719.08,8982.04,0,0,92.0,496.0,14.0,329.0,3357.28,8982.04
SKU0025,2024-06-24,Decor,Wall Art,138,1239521.52,8982.04,0,0,0.0,0.0,14.0,329.0,3357.28,8982.04
SKU0025,2024-07-01,Decor,Wall Art,142,1275449.6800000002,8982.04,0,0,0.0,0.0,14.0,329.0,3357.28,8982.04
SKU0025,2024-07-08,Decor,Wall Art,137,1230539.48,8982.04,0,0,0.0,445.0,14.0,329.0,3357.28,8982.04
SKU0025,2024-07-15,Decor,Wall Art,127,1140719.08,8982.04,0,0,0.0,596.0,14.0,329.0,3357.28,8982.04
SKU0025,2024-07-22,Decor,Wall Art,94,844311.7600000001,8982.04,0,0,0.0,0.0,14.0,329.0,3357.28,8982.04
SKU0025,2024-07-29,Decor,Wall Art,118,1059880.7200000002,8982.04,0,0,539.0,539.0,14.0,329.0,3357.28,8982.04
SKU0025,2024-08-05,Decor,Wall Art,94,844311.7600000001,8982.04,0,0,423.0,0.0,14.0,329.0,3357.28,8982.04
SKU0025,2024-08-12,Decor,Wall Art,115,1032934.6,8982.04,0,1,301.0,568.0,14.0,329.0,3357.28,8982.04
SKU0025,2024-08-19,Decor,Wall Art,65,583832.6000000001,8982.04,0,0,211.0,614.0,14.0,329.0,3357.28,8982.04
SKU0025,2024-08-26,Decor,Wall Art,91,817365.6400000001,8982.04,0,0,126.0,0.0,14.0,329.0,3357.28,8982.04
SKU0025,2024-09-02,Decor,Wall Art,86,772455.4400000001,8982.04,0,0,24.0,0.0,14.0,329.0,3357.28,8982.04
SKU0025,2024-09-09,Decor,Wall Art,70,628742.8,8982.04,0,0,0.0,0.0,14.0,329.0,3357.28,8982.04
SKU0025,2024-09-16,Decor,Wall Art,103,925150.12,8982.04,0,0,0.0,487.0,14.0,329.0,3357.28,8982.04
SKU0025,2024-09-23,Decor,Wall Art,111,997006.4400000002,8982.04,0,0,0.0,417.0,14.0,329.0,3357.28,8982.04
SKU0025,2024-09-30,Decor,Wall Art,98,880239.92,8982.04,0,1,0.0,637.0,14.0,329.0,3357.28,8982.04
SKU0025,2024-10-07,Decor,Wall Art,77,691617.0800000001,8982.04,0,0,0.0,531.0,14.0,329.0,3357.28,8982.04
SKU0025,2024-10-14,Decor,Wall Art,100,861128.3200000001,8687.788571428571,1,0,0.0,628.0,14.0,329.0,3357.28,8982.04
SKU0025,2024-10-21,Decor,Wall Art,160,1190564.49,7454.53,7,0,590.0,590.0,14.0,329.0,3357.28,8982.04
SKU0025,2024-10-28,Decor,Wall Art,107,914983.6,8592.028571428573,2,0,495.0,0.0,14.0,329.0,3357.28,8982.04
SKU0025,2024-11-04,Decor,Wall Art,89,799401.56,8982.04,0,0,390.0,0.0,14.0,329.0,3357.28,8982.04
SKU0025,2024-11-11,Decor,Wall Art,104,934132.16,8982.04,0,1,288.0,0.0,14.0,329.0,3357.28,8982.04
SKU0025,2024-11-18,Decor,Wall Art,99,889221.9600000001,8982.04,0,0,166.0,0.0,14.0,329.0,3357.28,8982.04
SKU0025,2024-11-25,Decor,Wall Art,181,1338795.11,7525.110000000001,6,0,68.0,0.0,14.0,329.0,3357.28,8982.04
SKU0025,2024-12-02,Decor,Wall Art,118,1059880.7200000002,8982.04,0,0,0.0,0.0,14.0,329.0,3357.28,8982.04
SKU0025,2024-12-09,Decor,Wall Art,96,862275.8400000001,8982.04,0,0,0.0,0.0,14.0,329.0,3357.28,8982.04
SKU0025,2024-12-16,Decor,Wall Art,92,826347.68,8982.04,0,0,496.0,496.0,14.0,329.0,3357.28,8982.04
SKU0025,2024-12-23,Decor,Wall Art,115,1032934.6,8982.04,0,1,387.0,0.0,14.0,329.0,3357.28,8982.04
SKU0025,2024-12-30,Decor,Wall Art,138,1239521.52,8982.04,0,1,297.0,512.0,14.0,329.0,3357.28,8982.04
SKU0025,2025-01-06,Decor,Wall Art,122,1095808.88,8982.04,0,0,186.0,0.0,14.0,329.0,3357.28,8982.04
SKU0025,2025-01-13,Decor,Wall Art,201,1503668.84,7688.702857142857,5,0,487.0,405.0,14.0,329.0,3357.28,8982.04
SKU0025,2025-01-20,Decor,Wall Art,192,1586402.28,8440.668571428572,3,1,331.0,0.0,14.0,329.0,3357.28,8982.04
SKU0025,2025-01-27,Decor,Wall Art,143,1284431.7200000002,8982.04,0,0,801.0,646.0,14.0,329.0,3357.28,8982.04
SKU0025,2025-02-03,Decor,Wall Art,121,1086826.84,8982.04,0,0,649.0,0.0,14.0,329.0,3357.28,8982.04
SKU0025,2025-02-10,Decor,Wall Art,166,1491018.64,8982.04,0,0,482.0,0.0,14.0,329.0,3357.28,8982.04
SKU0025,2025-02-17,Decor,Wall Art,170,1526946.8,8982.04,0,0,322.0,0.0,14.0,329.0,3357.28,8982.04
SKU0025,2025-02-24,Decor,Wall Art,118,1059880.7200000002,8982.04,0,0,747.0,561.0,14.0,329.0,3357.28,8982.04
SKU0025,2025-03-03,Decor,Wall Art,142,1275449.6800000002,8982.04,0,0,600.0,0.0,14.0,329.0,3357.28,8982.04
SKU0025,2025-03-10,Decor,Wall Art,135,1212575.4,8982.04,0,0,468.0,0.0,14.0,329.0,3357.28,8982.04
SKU0025,2025-03-17,Decor,Wall Art,155,1392216.2000000002,8982.04,0,0,339.0,0.0,14.0,329.0,3357.28,8982.04
SKU0025,2025-03-24,Decor,Wall Art,128,1149701.12,8982.04,0,0,196.0,456.0,14.0,329.0,3357.28,8982.04
SKU0025,2025-03-31,Decor,Wall Art,144,1293413.7600000002,8982.04,0,0,42.0,459.0,14.0,329.0,3357.28,8982.04
SKU0025,2025-04-07,Decor,Wall Art,130,1167665.2000000002,8982.04,0,0,0.0,0.0,14.0,329.0,3357.28,8982.04
SKU0025,2025-04-14,Decor,Wall Art,147,1320359.88,8982.04,0,0,643.0,643.0,14.0,329.0,3357.28,8982.04
SKU0025,2025-04-21,Decor,Wall Art,160,1437126.4,8982.04,0,0,514.0,0.0,14.0,329.0,3357.28,8982.04
SKU0025,2025-04-28,Decor,Wall Art,189,1697605.56,8982.04,0,0,352.0,0.0,14.0,329.0,3357.28,8982.04
SKU0025,2025-05-05,Decor,Wall Art,161,1446108.4400000002,8982.04,0,0,182.0,0.0,14.0,329.0,3357.28,8982.04
SKU0025,2025-05-12,Decor,Wall Art,131,1176647.2400000002,8982.04,0,0,421.0,406.0,14.0,329.0,3357.28,8982.04
SKU0025,2025-05-19,Decor,Wall Art,113,1014970.52,8982.04,0,0,250.0,554.0,14.0,329.0,3357.28,8982.04
SKU0025,2025-05-26,Decor,Wall Art,130,1145683.36,8851.195714285715,1,0,121.0,0.0,14.0,329.0,3357.28,8982.04
SKU0025,2025-06-02,Decor,Wall Art,233,1791208.59,7638.2528571428575,7,0,7.0,0.0,14.0,329.0,3357.28,8982.04
SKU0025,2025-06-09,Decor,Wall Art,107,961078.28,8982.04,0,0,0.0,517.0,14.0,329.0,3357.28,8982.04
SKU0025,2025-06-16,Decor,Wall Art,129,1158683.16,8982.04,0,0,0.0,0.0,14.0,329.0,3357.28,8982.04
SKU0025,2025-06-23,Decor,Wall Art,98,880239.9200000002,8982.04,0,0,467.0,467.0,14.0,329.0,3357.28,8982.04
SKU0025,2025-06-30,Decor,Wall Art,84,754491.3600000001,8982.04,0,0,347.0,0.0,14.0,329.0,3357.28,8982.04
SKU0025,2025-07-07,Decor,Wall Art,81,727545.24,8982.04,0,0,256.0,0.0,14.0,329.0,3357.28,8982.04
SKU0025,2025-07-14,Decor,Wall Art,87,781437.4800000001,8982.04,0,0,162.0,469.0,14.0,329.0,3357.28,8982.04
SKU0025,2025-07-21,Decor,Wall Art,83,745509.3200000001,8982.04,0,0,68.0,0.0,14.0,329.0,3357.28,8982.04
SKU0025,2025-07-28,Decor,Wall Art,87,781437.4800000001,8982.04,0,0,0.0,0.0,14.0,329.0,3357.28,8982.04
SKU0025,2025-08-04,Decor,Wall Art,74,664670.9600000001,8982.04,0,0,0.0,468.0,14.0,329.0,3357.28,8982.04
SKU0025,2025-08-11,Decor,Wall Art,82,736527.28,8982.04,0,1,0.0,0.0,14.0,329.0,3357.28,8982.04
SKU0025,2025-08-18,Decor,Wall Art,68,610778.7200000001,8982.04,0,0,0.0,613.0,14.0,329.0,3357.28,8982.04
SKU0025,2025-08-25,Decor,Wall Art,65,583832.6000000001,8982.04,0,0,0.0,493.0,14.0,329.0,3357.28,8982.04
SKU0025,2025-09-01,Decor,Wall Art,65,583832.6000000001,8982.04,0,0,0.0,468.0,14.0,329.0,3357.28,8982.04
SKU0025,2025-09-08,Decor,Wall Art,63,565868.52,8982.04,0,0,0.0,0.0,14.0,329.0,3357.28,8982.04
SKU0025,2025-09-15,Decor,Wall Art,69,619760.76,8982.04,0,0,0.0,0.0,14.0,329.0,3357.28,8982.04
SKU0025,2025-09-22,Decor,Wall Art,63,565868.52,8982.04,0,0,0.0,0.0,14.0,329.0,3357.28,8982.04
SKU0025,2025-09-29,Decor,Wall Art,52,467066.0800000001,8982.04,0,1,0.0,584.0,14.0,329.0,3357.28,8982.04
SKU0025,2025-10-06,Decor,Wall Art,57,511976.2800000001,8982.04,0,0,460.0,460.0,14.0,329.0,3357.28,8982.04
SKU0025,2025-10-13,Decor,Wall Art,67,601796.68,8982.04,0,0,396.0,0.0,14.0,329.0,3357.28,8982.04
SKU0025,2025-10-20,Decor,Wall Art,98,750836.52,7665.314285714286,7,0,340.0,0.0,14.0,329.0,3357.28,8982.04
SKU0025,2025-10-27,Decor,Wall Art,97,797826.52,8348.44,3,0,267.0,0.0,14.0,329.0,3357.28,8982.04
SKU0025,2025-11-03,Decor,Wall Art,89,799401.56,8982.04,0,0,180.0,537.0,14.0,329.0,3357.28,8982.04
SKU0025,2025-11-10,Decor,Wall Art,95,853293.8,8982.04,0,1,102.0,412.0,14.0,329.0,3357.28,8982.04
SKU0025,2025-11-17,Decor,Wall Art,91,817365.6400000001,8982.04,0,0,440.0,426.0,14.0,329.0,3357.28,8982.04
SKU0025,2025-11-24,Decor,Wall Art,169,1324456.19,7840.281428571428,6,0,333.0,0.0,14.0,329.0,3357.28,8982.04
SKU0025,2025-12-01,Decor,Wall Art,58,520958.32000000007,8982.04,0,0,213.0,632.0,14.0,329.0,3357.28,8982.04
SKU0025,2025-12-08,Decor,Wall Art,102,916168.08,8982.04,0,0,93.0,0.0,14.0,329.0,3357.28,8982.04
SKU0025,2025-12-15,Decor,Wall Art,104,934132.16,8982.04,0,0,0.0,0.0,14.0,329.0,3357.28,8982.04
SKU0025,2025-12-22,Decor,Wall Art,78,700599.1200000001,8982.04,0,1,0.0,0.0,14.0,329.0,3357.28,8982.04
SKU0026,2024-12-02,Furniture,Tables,506,1622089.26,3205.71,0,0,3278.0,2369.0,10.0,1312.0,1340.57,3205.71
SKU0026,2024-12-09,Furniture,Tables,481,1541946.51,3205.71,0,0,2750.0,0.0,10.0,1312.0,1340.57,3205.71
SKU0026,2024-12-16,Furniture,Tables,544,1743906.24,3205.71,0,0,2220.0,0.0,10.0,1312.0,1340.57,3205.71
SKU0026,2024-12-23,Furniture,Tables,663,2125385.73,3205.71,0,1,1712.0,0.0,10.0,1312.0,1340.57,3205.71
SKU0026,2024-12-30,Furniture,Tables,716,2295288.36,3205.71,0,1,1134.0,2345.0,10.0,1312.0,1340.57,3205.71
SKU0026,2025-01-06,Furniture,Tables,691,2215145.61,3205.71,0,0,551.0,2474.0,10.0,1312.0,1340.57,3205.71
SKU0026,2025-01-13,Furniture,Tables,1158,3080576.49,2746.285714285714,5,0,0.0,0.0,10.0,1312.0,1340.57,3205.71
SKU0026,2025-01-20,Furniture,Tables,1011,2908663.1100000003,2917.095714285714,3,1,0.0,0.0,10.0,1312.0,1340.57,3205.71
SKU0026,2025-01-27,Furniture,Tables,748,2397871.08,3205.71,0,0,0.0,0.0,10.0,1312.0,1340.57,3205.71
SKU0026,2025-02-03,Furniture,Tables,856,2744087.76,3205.71,0,0,0.0,1599.0,10.0,1312.0,1340.57,3205.71
SKU0026,2025-02-10,Furniture,Tables,831,2663945.01,3205.71,0,0,0.0,2421.0,10.0,1312.0,1340.57,3205.71
SKU0026,2025-02-17,Furniture,Tables,753,2413899.63,3205.71,0,0,0.0,1589.0,10.0,1312.0,1340.57,3205.71
SKU0026,2025-02-24,Furniture,Tables,781,2503659.51,3205.71,0,0,0.0,2158.0,10.0,1312.0,1340.57,3205.71
SKU0026,2025-03-03,Furniture,Tables,662,2122180.02,3205.71,0,0,0.0,1837.0,10.0,1312.0,1340.57,3205.71
SKU0026,2025-03-10,Furniture,Tables,878,2814613.38,3205.71,0,0,1687.0,1687.0,10.0,1312.0,1340.57,3205.71
SKU0026,2025-03-17,Furniture,Tables,854,2737676.3400000003,3205.71,0,0,1014.0,2338.0,10.0,1312.0,1340.57,3205.71
SKU0026,2025-03-24,Furniture,Tables,842,2699207.82,3205.71,0,0,111.0,0.0,10.0,1312.0,1340.57,3205.71
SKU0026,2025-03-31,Furniture,Tables,815,2612653.65,3205.71,0,0,2213.0,2213.0,10.0,1312.0,1340.57,3205.71
SKU0026,2025-04-07,Furniture,Tables,939,3010161.69,3205.71,0,0,1480.0,0.0,10.0,1312.0,1340.57,3205.71
SKU0026,2025-04-14,Furniture,Tables,876,2808201.96,3205.71,0,0,559.0,1901.0,10.0,1312.0,1340.57,3205.71
SKU0026,2025-04-21,Furniture,Tables,776,2487630.96,3205.71,0,0,0.0,0.0,10.0,1312.0,1340.57,3205.71
SKU0026,2025-04-28,Furniture,Tables,884,2833847.64,3205.71,0,0,0.0,0.0,10.0,1312.0,1340.57,3205.71
SKU0026,2025-05-05,Furniture,Tables,867,2779350.57,3205.71,0,0,0.0,0.0,10.0,1312.0,1340.57,3205.71
SKU0026,2025-05-12,Furniture,Tables,873,2798584.83,3205.71,0,0,0.0,0.0,10.0,1312.0,1340.57,3205.71
SKU0026,2025-05-19,Furniture,Tables,792,2538922.3200000003,3205.71,0,0,0.0,0.0,10.0,1312.0,1340.57,3205.71
SKU0026,2025-05-26,Furniture,Tables,985,2920267.1,3101.377142857142,1,0,0.0,2134.0,10.0,1312.0,1340.57,3205.71
SKU0026,2025-06-02,Furniture,Tables,1416,3648923.69,2606.394285714286,7,0,0.0,0.0,10.0,1312.0,1340.57,3205.71
SKU0026,2025-06-09,Furniture,Tables,643,2061271.53,3205.71,0,0,0.0,0.0,10.0,1312.0,1340.57,3205.71
SKU0026,2025-06-16,Furniture,Tables,713,2285671.23,3205.71,0,0,2471.0,2471.0,10.0,1312.0,1340.57,3205.71
SKU0026,2025-06-23,Furniture,Tables,716,2295288.36,3205.71,0,0,1469.0,0.0,10.0,1312.0,1340.57,3205.71
SKU0026,2025-06-30,Furniture,Tables,648,2077300.08,3205.71,0,0,720.0,0.0,10.0,1312.0,1340.57,3205.71
SKU0026,2025-07-07,Furniture,Tables,634,2032420.14,3205.71,0,0,93.0,0.0,10.0,1312.0,1340.57,3205.71
SKU0026,2025-07-14,Furniture,Tables,604,1936248.84,3205.71,0,0,0.0,1881.0,10.0,1312.0,1340.57,3205.71
SKU0026,2025-07-21,Furniture,Tables,561,1798403.31,3205.71,0,0,0.0,0.0,10.0,1312.0,1340.57,3205.71
SKU0026,2025-07-28,Furniture,Tables,565,1811226.15,3205.71,0,0,1769.0,1769.0,10.0,1312.0,1340.57,3205.71
SKU0026,2025-08-04,Furniture,Tables,577,1849694.67,3205.71,0,0,1116.0,2471.0,10.0,1312.0,1340.57,3205.71
SKU0026,2025-08-11,Furniture,Tables,543,1740700.53,3205.71,0,1,627.0,2340.0,10.0,1312.0,1340.57,3205.71
SKU0026,2025-08-18,Furniture,Tables,439,1407306.69,3205.71,0,0,104.0,1658.0,10.0,1312.0,1340.57,3205.71
SKU0026,2025-08-25,Furniture,Tables,450,1442569.5,3205.71,0,0,0.0,2287.0,10.0,1312.0,1340.57,3205.71
SKU0026,2025-09-01,Furniture,Tables,463,1484243.73,3205.71,0,0,0.0,0.0,10.0,1312.0,1340.57,3205.71
SKU0026,2025-09-08,Furniture,Tables,451,1445775.21,3205.71,0,0,0.0,2475.0,10.0,1312.0,1340.57,3205.71
SKU0026,2025-09-15,Furniture,Tables,426,1365632.46,3205.71,0,0,0.0,2288.0,10.0,1312.0,1340.57,3205.71
SKU0026,2025-09-22,Furniture,Tables,464,1487449.44,3205.71,0,0,0.0,1612.0,10.0,1312.0,1340.57,3205.71
SKU0026,2025-09-29,Furniture,Tables,459,1471420.89,3205.71,0,1,0.0,0.0,10.0,1312.0,1340.57,3205.71
SKU0026,2025-10-06,Furniture,Tables,425,1362426.75,3205.71,0,0,0.0,1982.0,10.0,1312.0,1340.57,3205.71
SKU0026,2025-10-13,Furniture,Tables,411,1317546.81,3205.71,0,0,0.0,0.0,10.0,1312.0,1340.57,3205.71
SKU0026,2025-10-20,Furniture,Tables,971,2633457.63,2720.062857142857,7,0,0.0,0.0,10.0,1312.0,1340.57,3205.71
SKU0026,2025-10-27,Furniture,Tables,736,2190894.49,3007.058571428571,3,0,0.0,0.0,10.0,1312.0,1340.57,3205.71
SKU0026,2025-11-03,Furniture,Tables,528,1692614.88,3205.71,0,0,0.0,1769.0,10.0,1312.0,1340.57,3205.71
SKU0026,2025-11-10,Furniture,Tables,562,1801609.02,3205.71,0,1,0.0,0.0,10.0,1312.0,1340.57,3205.71
SKU0026,2025-11-17,Furniture,Tables,630,2019597.3,3205.71,0,0,0.0,0.0,10.0,1312.0,1340.57,3205.71
SKU0026,2025-11-24,Furniture,Tables,1013,2765176.7,2768.988571428571,6,0,0.0,0.0,10.0,1312.0,1340.57,3205.71
SKU0026,2025-12-01,Furniture,Tables,653,2093328.63,3205.71,0,0,0.0,2365.0,10.0,1312.0,1340.57,3205.71
SKU0026,2025-12-08,Furniture,Tables,622,1993951.62,3205.71,0,0,1883.0,1883.0,10.0,1312.0,1340.57,3205.71
SKU0026,2025-12-15,Furniture,Tables,673,2157442.83,3205.71,0,0,3497.0,2428.0,10.0,1312.0,1340.57,3205.71
SKU0026,2025-12-22,Furniture,Tables,772,2474808.12,3205.71,0,1,2771.0,0.0,10.0,1312.0,1340.57,3205.71
SKU0027,2025-03-31,Furniture,Tables,67,126936.19,1894.57,0,0,,,,,1151.79,1894.57
SKU0027,2025-04-07,Furniture,Tables,102,193246.14,1894.57,0,0,191.0,464.0,14.0,261.0,1151.79,1894.57
SKU0027,2025-04-14,Furniture,Tables,147,278501.79,1894.57,0,0,92.0,513.0,14.0,261.0,1151.79,1894.57
SKU0027,2025-04-21,Furniture,Tables,129,244399.53,1894.57,0,0,0.0,0.0,14.0,261.0,1151.79,1894.57
SKU0027,2025-04-28,Furniture,Tables,128,242504.96,1894.57,0,0,0.0,0.0,14.0,261.0,1151.79,1894.57
SKU0027,2025-05-05,Furniture,Tables,141,267134.37,1894.57,0,0,0.0,0.0,14.0,261.0,1151.79,1894.57
SKU0027,2025-05-12,Furniture,Tables,130,246294.1,1894.57,0,0,0.0,0.0,14.0,261.0,1151.79,1894.57
SKU0027,2025-05-19,Furniture,Tables,103,195140.71,1894.57,0,0,0.0,0.0,14.0,261.0,1151.79,1894.57
SKU0027,2025-05-26,Furniture,Tables,139,247342.35,1841.4042857142856,1,0,0.0,457.0,14.0,261.0,1151.79,1894.57
SKU0027,2025-06-02,Furniture,Tables,209,322029.35,1531.0671428571427,7,0,0.0,433.0,14.0,261.0,1151.79,1894.57
SKU0027,2025-06-09,Furniture,Tables,109,206508.13,1894.57,0,0,0.0,0.0,14.0,261.0,1151.79,1894.57
SKU0027,2025-06-16,Furniture,Tables,109,206508.13,1894.57,0,0,338.0,338.0,14.0,261.0,1151.79,1894.57
SKU0027,2025-06-23,Furniture,Tables,111,210297.27,1894.57,0,0,195.0,410.0,14.0,261.0,1151.79,1894.57
SKU0027,2025-06-30,Furniture,Tables,106,200824.42,1894.57,0,0,59.0,0.0,14.0,261.0,1151.79,1894.57
SKU0027,2025-07-07,Furniture,Tables,87,164827.59,1894.57,0,0,0.0,0.0,14.0,261.0,1151.79,1894.57
SKU0027,2025-07-14,Furniture,Tables,80,151565.6,1894.57,0,0,0.0,0.0,14.0,261.0,1151.79,1894.57
SKU0027,2025-07-21,Furniture,Tables,78,147776.46,1894.57,0,0,0.0,0.0,14.0,261.0,1151.79,1894.57
SKU0027,2025-07-28,Furniture,Tables,85,161038.45,1894.57,0,0,0.0,0.0,14.0,261.0,1151.79,1894.57
SKU0027,2025-08-04,Furniture,Tables,81,153460.16999999998,1894.57,0,0,0.0,374.0,14.0,261.0,1151.79,1894.57
SKU0027,2025-08-11,Furniture,Tables,94,178089.58000000002,1894.57,0,1,0.0,434.0,14.0,261.0,1151.79,1894.57
SKU0027,2025-08-18,Furniture,Tables,70,132619.9,1894.57,0,0,0.0,0.0,14.0,261.0,1151.79,1894.57
SKU0027,2025-08-25,Furniture,Tables,65,123147.05,1894.57,0,0,327.0,327.0,14.0,261.0,1151.79,1894.57
SKU0027,2025-09-01,Furniture,Tables,74,140198.18,1894.57,0,0,754.0,507.0,14.0,261.0,1151.79,1894.57
SKU0027,2025-09-08,Furniture,Tables,63,119357.91,1894.57,0,0,676.0,0.0,14.0,261.0,1151.79,1894.57
SKU0027,2025-09-15,Furniture,Tables,69,130725.33,1894.57,0,0,605.0,0.0,14.0,261.0,1151.79,1894.57
SKU0027,2025-09-22,Furniture,Tables,72,136409.04,1894.57,0,0,535.0,0.0,14.0,261.0,1151.79,1894.57
SKU0027,2025-09-29,Furniture,Tables,86,162933.02000000002,1894.57,0,1,466.0,0.0,14.0,261.0,1151.79,1894.57
SKU0027,2025-10-06,Furniture,Tables,98,185667.86,1894.57,0,0,387.0,0.0,14.0,261.0,1151.79,1894.57
SKU0027,2025-10-13,Furniture,Tables,54,102306.78,1894.57,0,0,299.0,0.0,14.0,261.0,1151.79,1894.57
SKU0027,2025-10-20,Furniture,Tables,138,216751.44,1581.277142857143,7,0,230.0,0.0,14.0,261.0,1151.79,1894.57
SKU0027,2025-10-27,Furniture,Tables,121,203522.83,1740.847142857143,3,0,524.0,391.0,14.0,261.0,1151.79,1894.57
SKU0027,2025-11-03,Furniture,Tables,63,119357.91,1894.57,0,0,430.0,0.0,14.0,261.0,1151.79,1894.57
SKU0027,2025-11-10,Furniture,Tables,77,145881.88999999998,1894.57,0,1,347.0,0.0,14.0,261.0,1151.79,1894.57
SKU0027,2025-11-17,Furniture,Tables,69,130725.33,1894.57,0,0,258.0,462.0,14.0,261.0,1151.79,1894.57
SKU0027,2025-11-24,Furniture,Tables,169,272307.84,1619.0985714285714,6,0,182.0,0.0,14.0,261.0,1151.79,1894.57
SKU0027,2025-12-01,Furniture,Tables,100,189457.0,1894.57,0,0,605.0,521.0,14.0,261.0,1151.79,1894.57
SKU0027,2025-12-08,Furniture,Tables,97,183773.29,1894.57,0,0,485.0,0.0,14.0,261.0,1151.79,1894.57
SKU0027,2025-12-15,Furniture,Tables,104,197035.28,1894.57,0,0,371.0,0.0,14.0,261.0,1151.79,1894.57
SKU0027,2025-12-22,Furniture,Tables,110,208402.7,1894.57,0,1,266.0,0.0,14.0,261.0,1151.79,1894.57
SKU0028,2025-02-03,Small Appliances,Climate,76,307212.52,4042.27,0,0,,,,,1473.41,4042.27
SKU0028,2025-02-10,Small Appliances,Climate,223,901426.21,4042.27,0,0,384.0,0.0,10.0,376.0,1473.41,4042.27
SKU0028,2025-02-17,Small Appliances,Climate,235,949933.45,4042.27,0,0,186.0,599.0,10.0,376.0,1473.41,4042.27
SKU0028,2025-02-24,Small Appliances,Climate,231,933764.37,4042.27,0,0,0.0,0.0,10.0,376.0,1473.41,4042.27
SKU0028,2025-03-03,Small Appliances,Climate,294,1188427.38,4042.27,0,0,0.0,0.0,10.0,376.0,1473.41,4042.27
SKU0028,2025-03-10,Small Appliances,Climate,230,929722.1,4042.27,0,0,636.0,636.0,10.0,376.0,1473.41,4042.27
SKU0028,2025-03-17,Small Appliances,Climate,260,1050990.2,4042.27,0,0,360.0,0.0,10.0,376.0,1473.41,4042.27
SKU0028,2025-03-24,Small Appliances,Climate,262,1059074.74,4042.27,0,0,120.0,503.0,10.0,376.0,1473.41,4042.27
SKU0028,2025-03-31,Small Appliances,Climate,240,970144.8,4042.27,0,0,629.0,629.0,10.0,376.0,1473.41,4042.27
SKU0028,2025-04-07,Small Appliances,Climate,251,1014609.77,4042.27,0,0,409.0,0.0,10.0,376.0,1473.41,4042.27
SKU0028,2025-04-14,Small Appliances,Climate,283,1143962.41,4042.27,0,0,175.0,0.0,10.0,376.0,1473.41,4042.27
SKU0028,2025-04-21,Small Appliances,Climate,230,929722.1,4042.27,0,0,0.0,474.0,10.0,376.0,1473.41,4042.27
SKU0028,2025-04-28,Small Appliances,Climate,324,1309695.48,4042.27,0,0,0.0,467.0,10.0,376.0,1473.41,4042.27
SKU0028,2025-05-05,Small Appliances,Climate,248,1002482.96,4042.27,0,0,0.0,0.0,10.0,376.0,1473.41,4042.27
SKU0028,2025-05-12,Small Appliances,Climate,252,1018652.04,4042.27,0,0,0.0,653.0,10.0,376.0,1473.41,4042.27
SKU0028,2025-05-19,Small Appliances,Climate,244,986313.88,4042.27,0,0,0.0,561.0,10.0,376.0,1473.41,4042.27
SKU0028,2025-05-26,Small Appliances,Climate,209,794065.25,3907.96,1,0,0.0,460.0,10.0,376.0,1473.41,4042.27
SKU0028,2025-06-02,Small Appliances,Climate,376,1278223.73,3418.405714285714,7,0,0.0,0.0,10.0,376.0,1473.41,4042.27
SKU0028,2025-06-09,Small Appliances,Climate,240,970144.8,4042.27,0,0,0.0,0.0,10.0,376.0,1473.41,4042.27
SKU0028,2025-06-16,Small Appliances,Climate,246,994398.42,4042.27,0,0,0.0,654.0,10.0,376.0,1473.41,4042.27
SKU0028,2025-06-23,Small Appliances,Climate,212,856961.24,4042.27,0,0,0.0,0.0,10.0,376.0,1473.41,4042.27
SKU0028,2025-06-30,Small Appliances,Climate,164,662932.28,4042.27,0,0,0.0,625.0,10.0,376.0,1473.41,4042.27
SKU0028,2025-07-07,Small Appliances,Climate,206,832707.62,4042.27,0,0,0.0,0.0,10.0,376.0,1473.41,4042.27
SKU0028,2025-07-14,Small Appliances,Climate,183,739735.41,4042.27,0,0,0.0,0.0,10.0,376.0,1473.41,4042.27
SKU0028,2025-07-21,Small Appliances,Climate,179,723566.33,4042.27,0,0,0.0,706.0,10.0,376.0,1473.41,4042.27
SKU0028,2025-07-28,Small Appliances,Climate,191,772073.57,4042.27,0,0,0.0,607.0,10.0,376.0,1473.41,4042.27
SKU0028,2025-08-04,Small Appliances,Climate,178,719524.06,4042.27,0,0,0.0,548.0,10.0,376.0,1473.41,4042.27
SKU0028,2025-08-11,Small Appliances,Climate,139,561875.53,4042.27,0,1,0.0,569.0,10.0,376.0,1473.41,4042.27
SKU0028,2025-08-18,Small Appliances,Climate,158,638678.66,4042.27,0,0,0.0,0.0,10.0,376.0,1473.41,4042.27
SKU0028,2025-08-25,Small Appliances,Climate,133,537621.91,4042.27,0,0,0.0,549.0,10.0,376.0,1473.41,4042.27
SKU0028,2025-09-01,Small Appliances,Climate,120,485072.4,4042.27,0,0,545.0,545.0,10.0,376.0,1473.41,4042.27
SKU0028,2025-09-08,Small Appliances,Climate,148,598255.96,4042.27,0,0,434.0,0.0,10.0,376.0,1473.41,4042.27
SKU0028,2025-09-15,Small Appliances,Climate,113,456776.51,4042.27,0,0,294.0,478.0,10.0,376.0,1473.41,4042.27
SKU0028,2025-09-22,Small Appliances,Climate,114,460818.78,4042.27,0,0,179.0,646.0,10.0,376.0,1473.41,4042.27
SKU0028,2025-09-29,Small Appliances,Climate,129,521452.83,4042.27,0,1,628.0,588.0,10.0,376.0,1473.41,4042.27
SKU0028,2025-10-06,Small Appliances,Climate,121,489114.67,4042.27,0,0,496.0,0.0,10.0,376.0,1473.41,4042.27
SKU0028,2025-10-13,Small Appliances,Climate,136,549748.72,4042.27,0,0,370.0,734.0,10.0,376.0,1473.41,4042.27
SKU0028,2025-10-20,Small Appliances,Climate,224,762517.0599999999,3391.38,7,0,255.0,0.0,10.0,376.0,1473.41,4042.27
SKU0028,2025-10-27,Small Appliances,Climate,194,726267.54,3777.598571428571,3,0,76.0,0.0,10.0,376.0,1473.41,4042.27
SKU0028,2025-11-03,Small Appliances,Climate,147,594213.69,4042.27,0,0,0.0,0.0,10.0,376.0,1473.41,4042.27
SKU0028,2025-11-10,Small Appliances,Climate,141,569960.0700000001,4042.27,0,1,0.0,723.0,10.0,376.0,1473.41,4042.27
SKU0028,2025-11-17,Small Appliances,Climate,155,626551.85,4042.27,0,0,0.0,674.0,10.0,376.0,1473.41,4042.27
SKU0028,2025-11-24,Small Appliances,Climate,289,954682.74,3330.288571428572,6,0,0.0,0.0,10.0,376.0,1473.41,4042.27
SKU0028,2025-12-01,Small Appliances,Climate,174,703354.98,4042.27,0,0,591.0,591.0,10.0,376.0,1473.41,4042.27
SKU0028,2025-12-08,Small Appliances,Climate,183,739735.41,4042.27,0,0,408.0,0.0,10.0,376.0,1473.41,4042.27
SKU0028,2025-12-15,Small Appliances,Climate,176,711439.52,4042.27,0,0,193.0,0.0,10.0,376.0,1473.41,4042.27
SKU0028,2025-12-22,Small Appliances,Climate,194,784200.38,4042.27,0,1,0.0,600.0,10.0,376.0,1473.41,4042.27
SKU0029,2025-04-07,Furniture,Storage,62,93215.14,1503.47,0,0,,,,,909.05,1503.47
SKU0029,2025-04-14,Furniture,Storage,330,496145.1,1503.47,0,0,1583.0,1249.0,14.0,741.0,909.05,1503.47
SKU0029,2025-04-21,Furniture,Storage,352,529221.4400000001,1503.47,0,0,1224.0,0.0,14.0,741.0,909.05,1503.47
SKU0029,2025-04-28,Furniture,Storage,344,517193.68,1503.47,0,0,869.0,0.0,14.0,741.0,909.05,1503.47
SKU0029,2025-05-05,Furniture,Storage,329,494641.63,1503.47,0,0,535.0,1033.0,14.0,741.0,909.05,1503.47
SKU0029,2025-05-12,Furniture,Storage,323,485620.81,1503.47,0,0,207.0,1024.0,14.0,741.0,909.05,1503.47
SKU0029,2025-05-19,Furniture,Storage,317,476599.99,1503.47,0,0,0.0,0.0,14.0,741.0,909.05,1503.47
SKU0029,2025-05-26,Furniture,Storage,354,514241.7,1478.2785714285717,1,0,1142.0,1142.0,14.0,741.0,909.05,1503.47
SKU0029,2025-06-02,Furniture,Storage,767,951265.59,1236.0571428571427,7,0,799.0,0.0,14.0,741.0,909.05,1503.47
SKU0029,2025-06-09,Furniture,Storage,309,464572.23,1503.47,0,0,358.0,0.0,14.0,741.0,909.05,1503.47
SKU0029,2025-06-16,Furniture,Storage,231,347301.57,1503.47,0,0,0.0,1307.0,14.0,741.0,909.05,1503.47
SKU0029,2025-06-23,Furniture,Storage,287,431495.89,1503.47,0,0,0.0,904.0,14.0,741.0,909.05,1503.47
SKU0029,2025-06-30,Furniture,Storage,275,413454.25,1503.47,0,0,0.0,1394.0,14.0,741.0,909.05,1503.47
SKU0029,2025-07-07,Furniture,Storage,243,365343.21,1503.47,0,0,0.0,0.0,14.0,741.0,909.05,1503.47
SKU0029,2025-07-14,Furniture,Storage,218,327756.46,1503.47,0,0,0.0,1275.0,14.0,741.0,909.05,1503.47
SKU0029,2025-07-21,Furniture,Storage,275,413454.25,1503.47,0,0,0.0,1409.0,14.0,741.0,909.05,1503.47
SKU0029,2025-07-28,Furniture,Storage,280,420971.6,1503.47,0,0,0.0,1204.0,14.0,741.0,909.05,1503.47
SKU0029,2025-08-04,Furniture,Storage,233,350308.51,1503.47,0,0,0.0,0.0,14.0,741.0,909.05,1503.47
SKU0029,2025-08-11,Furniture,Storage,218,327756.46,1503.47,0,1,0.0,0.0,14.0,741.0,909.05,1503.47
SKU0029,2025-08-18,Furniture,Storage,210,315728.7,1503.47,0,0,0.0,0.0,14.0,741.0,909.05,1503.47
SKU0029,2025-08-25,Furniture,Storage,192,288666.24,1503.47,0,0,0.0,1011.0,14.0,741.0,909.05,1503.47
SKU0029,2025-09-01,Furniture,Storage,222,333770.34,1503.47,0,0,0.0,1280.0,14.0,741.0,909.05,1503.47
SKU0029,2025-09-08,Furniture,Storage,201,302197.47000000003,1503.47,0,0,990.0,990.0,14.0,741.0,909.05,1503.47
SKU0029,2025-09-15,Furniture,Storage,188,282652.36,1503.47,0,0,821.0,0.0,14.0,741.0,909.05,1503.47
SKU0029,2025-09-22,Furniture,Storage,198,297687.06,1503.47,0,0,652.0,1349.0,14.0,741.0,909.05,1503.47
SKU0029,2025-09-29,Furniture,Storage,217,326252.99,1503.47,0,1,456.0,0.0,14.0,741.0,909.05,1503.47
SKU0029,2025-10-06,Furniture,Storage,174,261603.78,1503.47,0,0,287.0,0.0,14.0,741.0,909.05,1503.47
SKU0029,2025-10-13,Furniture,Storage,184,276638.48,1503.47,0,0,71.0,935.0,14.0,741.0,909.05,1503.47
SKU0029,2025-10-20,Furniture,Storage,490,592524.71,1211.2571428571428,7,0,1155.0,1155.0,14.0,741.0,909.05,1503.47
SKU0029,2025-10-27,Furniture,Storage,287,395597.11,1407.3685714285714,3,0,874.0,0.0,14.0,741.0,909.05,1503.47
SKU0029,2025-11-03,Furniture,Storage,215,323246.05,1503.47,0,0,574.0,0.0,14.0,741.0,909.05,1503.47
SKU0029,2025-11-10,Furniture,Storage,236,354818.92,1503.47,0,1,1248.0,953.0,14.0,741.0,909.05,1503.47
SKU0029,2025-11-17,Furniture,Storage,232,348805.04000000004,1503.47,0,0,915.0,0.0,14.0,741.0,909.05,1503.47
SKU0029,2025-11-24,Furniture,Storage,479,603874.6,1281.037142857143,6,0,717.0,0.0,14.0,741.0,909.05,1503.47
SKU0029,2025-12-01,Furniture,Storage,275,413454.25,1503.47,0,0,420.0,896.0,14.0,741.0,909.05,1503.47
SKU0029,2025-12-08,Furniture,Storage,316,475096.52,1503.47,0,0,90.0,0.0,14.0,741.0,909.05,1503.47
SKU0029,2025-12-15,Furniture,Storage,286,429992.42,1503.47,0,0,0.0,1381.0,14.0,741.0,909.05,1503.47
SKU0029,2025-12-22,Furniture,Storage,367,551773.49,1503.47,0,1,0.0,1190.0,14.0,741.0,909.05,1503.47
SKU0030,2025-03-17,Small Appliances,Kitchen,65,285558.0,4393.2,0,0,,,,,2219.78,4393.2
SKU0030,2025-03-24,Small Appliances,Kitchen,281,1234489.2,4393.2,0,0,549.0,485.0,10.0,358.0,2219.78,4393.2
SKU0030,2025-03-31,Small Appliances,Kitchen,229,1006042.8,4393.2,0,0,306.0,568.0,10.0,358.0,2219.78,4393.2
SKU0030,2025-04-07,Small Appliances,Kitchen,251,1102693.2,4393.2,0,0,546.0,518.0,10.0,358.0,2219.78,4393.2
SKU0030,2025-04-14,Small Appliances,Kitchen,259,1137838.7999999998,4393.2,0,0,261.0,0.0,10.0,358.0,2219.78,4393.2
SKU0030,2025-04-21,Small Appliances,Kitchen,260,1142232.0,4393.2,0,0,15.0,498.0,10.0,358.0,2219.78,4393.2
SKU0030,2025-04-28,Small Appliances,Kitchen,261,1146625.2,4393.2,0,0,0.0,0.0,10.0,358.0,2219.78,4393.2
SKU0030,2025-05-05,Small Appliances,Kitchen,234,1028008.8,4393.2,0,0,0.0,682.0,10.0,358.0,2219.78,4393.2
SKU0030,2025-05-12,Small Appliances,Kitchen,235,1032402.0,4393.2,0,0,0.0,0.0,10.0,358.0,2219.78,4393.2
SKU0030,2025-05-19,Small Appliances,Kitchen,225,988470.0,4393.2,0,0,0.0,0.0,10.0,358.0,2219.78,4393.2
SKU0030,2025-05-26,Small Appliances,Kitchen,272,1163576.79,4328.244285714286,1,0,609.0,609.0,10.0,358.0,2219.78,4393.2
SKU0030,2025-06-02,Small Appliances,Kitchen,524,1859817.82,3557.238571428571,7,0,824.0,479.0,10.0,358.0,2219.78,4393.2
SKU0030,2025-06-09,Small Appliances,Kitchen,244,1071940.8,4393.2,0,0,465.0,0.0,10.0,358.0,2219.78,4393.2
SKU0030,2025-06-16,Small Appliances,Kitchen,176,773203.2,4393.2,0,0,186.0,611.0,10.0,358.0,2219.78,4393.2
SKU0030,2025-06-23,Small Appliances,Kitchen,197,865460.3999999999,4393.2,0,0,0.0,675.0,10.0,358.0,2219.78,4393.2
SKU0030,2025-06-30,Small Appliances,Kitchen,180,790776.0,4393.2,0,0,0.0,648.0,10.0,358.0,2219.78,4393.2
SKU0030,2025-07-07,Small Appliances,Kitchen,177,777596.4,4393.2,0,0,0.0,697.0,10.0,358.0,2219.78,4393.2
SKU0030,2025-07-14,Small Appliances,Kitchen,180,790776.0,4393.2,0,0,0.0,0.0,10.0,358.0,2219.78,4393.2
SKU0030,2025-07-21,Small Appliances,Kitchen,179,786382.7999999999,4393.2,0,0,0.0,0.0,10.0,358.0,2219.78,4393.2
SKU0030,2025-07-28,Small Appliances,Kitchen,163,716091.6,4393.2,0,0,0.0,598.0,10.0,358.0,2219.78,4393.2
SKU0030,2025-08-04,Small Appliances,Kitchen,162,711698.3999999999,4393.2,0,0,0.0,534.0,10.0,358.0,2219.78,4393.2
SKU0030,2025-08-11,Small Appliances,Kitchen,135,593082.0,4393.2,0,1,0.0,533.0,10.0,358.0,2219.78,4393.2
SKU0030,2025-08-18,Small Appliances,Kitchen,118,518397.6,4393.2,0,0,613.0,613.0,10.0,358.0,2219.78,4393.2
SKU0030,2025-08-25,Small Appliances,Kitchen,146,641407.2,4393.2,0,0,473.0,0.0,10.0,358.0,2219.78,4393.2
SKU0030,2025-09-01,Small Appliances,Kitchen,137,601868.4,4393.2,0,0,350.0,667.0,10.0,358.0,2219.78,4393.2
SKU0030,2025-09-08,Small Appliances,Kitchen,134,588688.8,4393.2,0,0,197.0,0.0,10.0,358.0,2219.78,4393.2
SKU0030,2025-09-15,Small Appliances,Kitchen,109,478858.79999999993,4393.2,0,0,77.0,518.0,10.0,358.0,2219.78,4393.2
SKU0030,2025-09-22,Small Appliances,Kitchen,102,448106.4,4393.2,0,0,437.0,437.0,10.0,358.0,2219.78,4393.2
SKU0030,2025-09-29,Small Appliances,Kitchen,138,606261.6,4393.2,0,1,312.0,522.0,10.0,358.0,2219.78,4393.2
SKU0030,2025-10-06,Small Appliances,Kitchen,120,527184.0,4393.2,0,0,209.0,463.0,10.0,358.0,2219.78,4393.2
SKU0030,2025-10-13,Small Appliances,Kitchen,141,619441.2,4393.2,0,0,95.0,0.0,10.0,358.0,2219.78,4393.2
SKU0030,2025-10-20,Small Appliances,Kitchen,296,1076864.3,3625.881428571429,7,0,0.0,644.0,10.0,358.0,2219.78,4393.2
SKU0030,2025-10-27,Small Appliances,Kitchen,173,690483.92,4044.788571428572,3,0,0.0,0.0,10.0,358.0,2219.78,4393.2
SKU0030,2025-11-03,Small Appliances,Kitchen,93,408567.6,4393.2,0,0,0.0,0.0,10.0,358.0,2219.78,4393.2
SKU0030,2025-11-10,Small Appliances,Kitchen,140,615048.0,4393.2,0,1,0.0,0.0,10.0,358.0,2219.78,4393.2
SKU0030,2025-11-17,Small Appliances,Kitchen,130,571116.0,4393.2,0,0,0.0,608.0,10.0,358.0,2219.78,4393.2
SKU0030,2025-11-24,Small Appliances,Kitchen,308,1111696.96,3694.7042857142856,6,0,0.0,0.0,10.0,358.0,2219.78,4393.2
SKU0030,2025-12-01,Small Appliances,Kitchen,167,733664.3999999999,4393.2,0,0,0.0,465.0,10.0,358.0,2219.78,4393.2
SKU0030,2025-12-08,Small Appliances,Kitchen,170,746844.0,4393.2,0,0,0.0,0.0,10.0,358.0,2219.78,4393.2
SKU0030,2025-12-15,Small Appliances,Kitchen,161,707305.2,4393.2,0,0,0.0,0.0,10.0,358.0,2219.78,4393.2
SKU0030,2025-12-22,Small Appliances,Kitchen,179,786382.7999999999,4393.2,0,1,0.0,636.0,10.0,358.0,2219.78,4393.2
SKU0031,2024-02-12,Furniture,Storage,19,111448.87,5865.73,0,0,,,,,3063.12,5865.73
SKU0031,2024-02-19,Furniture,Storage,95,557244.35,5865.7300000000005,0,0,188.0,0.0,7.0,93.0,3063.12,5865.73
SKU0031,2024-02-26,Furniture,Storage,93,545512.89,5865.7300000000005,0,0,90.0,185.0,7.0,93.0,3063.12,5865.73
SKU0031,2024-03-04,Furniture,Storage,83,486855.59,5865.7300000000005,0,0,9.0,0.0,7.0,93.0,3063.12,5865.73
SKU0031,2024-03-11,Furniture,Storage,90,527915.7,5865.7300000000005,0,0,0.0,0.0,7.0,93.0,3063.12,5865.73
SKU0031,2024-03-18,Furniture,Storage,101,592438.73,5865.7300000000005,0,0,0.0,136.0,7.0,93.0,3063.12,5865.73
SKU0031,2024-03-25,Furniture,Storage,105,615901.6499999999,5865.7300000000005,0,0,0.0,0.0,7.0,93.0,3063.12,5865.73
SKU0031,2024-04-01,Furniture,Storage,79,463392.6699999999,5865.7300000000005,0,0,0.0,0.0,7.0,93.0,3063.12,5865.73
SKU0031,2024-04-08,Furniture,Storage,93,545512.89,5865.7300000000005,0,0,0.0,0.0,7.0,93.0,3063.12,5865.73
SKU0031,2024-04-15,Furniture,Storage,82,480989.86,5865.7300000000005,0,0,0.0,137.0,7.0,93.0,3063.12,5865.73
SKU0031,2024-04-22,Furniture,Storage,88,516184.23999999993,5865.7300000000005,0,0,0.0,0.0,7.0,93.0,3063.12,5865.73
SKU0031,2024-04-29,Furniture,Storage,89,522049.97,5865.7300000000005,0,0,0.0,0.0,7.0,93.0,3063.12,5865.73
SKU0031,2024-05-06,Furniture,Storage,70,410601.1,5865.7300000000005,0,0,0.0,134.0,7.0,93.0,3063.12,5865.73
SKU0031,2024-05-13,Furniture,Storage,94,551378.62,5865.7300000000005,0,0,0.0,0.0,7.0,93.0,3063.12,5865.73
SKU0031,2024-05-20,Furniture,Storage,84,492721.32,5865.7300000000005,0,0,0.0,158.0,7.0,93.0,3063.12,5865.73
SKU0031,2024-05-27,Furniture,Storage,101,556703.79,5650.602857142857,2,0,166.0,166.0,7.0,93.0,3063.12,5865.73
SKU0031,2024-06-03,Furniture,Storage,149,737228.37,4991.2014285714295,6,0,189.0,118.0,7.0,93.0,3063.12,5865.73
SKU0031,2024-06-10,Furniture,Storage,72,422332.56,5865.7300000000005,0,0,73.0,167.0,7.0,93.0,3063.12,5865.73
SKU0031,2024-06-17,Furniture,Storage,67,393003.91,5865.7300000000005,0,0,0.0,0.0,7.0,93.0,3063.12,5865.73
SKU0031,2024-06-24,Furniture,Storage,56,328480.88,5865.7300000000005,0,0,0.0,179.0,7.0,93.0,3063.12,5865.73
SKU0031,2024-07-01,Furniture,Storage,61,357809.53,5865.7300000000005,0,0,0.0,0.0,7.0,93.0,3063.12,5865.73
SKU0031,2024-07-08,Furniture,Storage,59,346078.06999999995,5865.7300000000005,0,0,0.0,151.0,7.0,93.0,3063.12,5865.73
SKU0031,2024-07-15,Furniture,Storage,62,363675.26,5865.7300000000005,0,0,167.0,167.0,7.0,93.0,3063.12,5865.73
SKU0031,2024-07-22,Furniture,Storage,55,322615.15,5865.7300000000005,0,0,102.0,0.0,7.0,93.0,3063.12,5865.73
SKU0031,2024-07-29,Furniture,Storage,59,346078.06999999995,5865.7300000000005,0,0,47.0,0.0,7.0,93.0,3063.12,5865.73
SKU0031,2024-08-05,Furniture,Storage,36,211166.28,5865.7300000000005,0,0,0.0,149.0,7.0,93.0,3063.12,5865.73
SKU0031,2024-08-12,Furniture,Storage,72,422332.56,5865.7300000000005,0,1,0.0,0.0,7.0,93.0,3063.12,5865.73
SKU0031,2024-08-19,Furniture,Storage,55,322615.15,5865.7300000000005,0,0,0.0,0.0,7.0,93.0,3063.12,5865.73
SKU0031,2024-08-26,Furniture,Storage,57,334346.61,5865.7300000000005,0,0,0.0,0.0,7.0,93.0,3063.12,5865.73
SKU0031,2024-09-02,Furniture,Storage,36,211166.28,5865.7300000000005,0,0,0.0,0.0,7.0,93.0,3063.12,5865.73
SKU0031,2024-09-09,Furniture,Storage,53,310883.69,5865.7300000000005,0,0,168.0,168.0,7.0,93.0,3063.12,5865.73
SKU0031,2024-09-16,Furniture,Storage,45,263957.85,5865.7300000000005,0,0,112.0,0.0,7.0,93.0,3063.12,5865.73
SKU0031,2024-09-23,Furniture,Storage,41,240494.93,5865.7300000000005,0,0,245.0,184.0,7.0,93.0,3063.12,5865.73
SKU0031,2024-09-30,Furniture,Storage,45,263957.85,5865.7300000000005,0,1,208.0,0.0,7.0,93.0,3063.12,5865.73
SKU0031,2024-10-07,Furniture,Storage,41,240494.93,5865.7300000000005,0,0,161.0,0.0,7.0,93.0,3063.12,5865.73
SKU0031,2024-10-14,Furniture,Storage,36,205415.55,5774.448571428571,1,0,112.0,0.0,7.0,93.0,3063.12,5865.73
SKU0031,2024-10-21,Furniture,Storage,91,418197.58,4592.165714285714,7,0,74.0,0.0,7.0,93.0,3063.12,5865.73
SKU0031,2024-10-28,Furniture,Storage,49,262365.35,5590.395714285713,2,0,192.0,175.0,7.0,93.0,3063.12,5865.73
SKU0031,2024-11-04,Furniture,Storage,52,305017.96,5865.7300000000005,0,0,136.0,0.0,7.0,93.0,3063.12,5865.73
SKU0031,2024-11-11,Furniture,Storage,58,340212.34,5865.7300000000005,0,1,72.0,158.0,7.0,93.0,3063.12,5865.73
SKU0031,2024-11-18,Furniture,Storage,53,310883.68999999994,5865.7300000000005,0,0,8.0,0.0,7.0,93.0,3063.12,5865.73
SKU0031,2024-11-25,Furniture,Storage,98,488124.58,5030.792857142857,6,0,152.0,152.0,7.0,93.0,3063.12,5865.73
SKU0031,2024-12-02,Furniture,Storage,41,240494.93,5865.7300000000005,0,0,95.0,0.0,7.0,93.0,3063.12,5865.73
SKU0031,2024-12-09,Furniture,Storage,73,428198.29,5865.7300000000005,0,0,41.0,0.0,7.0,93.0,3063.12,5865.73
SKU0031,2024-12-16,Furniture,Storage,71,416466.83,5865.7300000000005,0,0,0.0,0.0,7.0,93.0,3063.12,5865.73
SKU0031,2024-12-23,Furniture,Storage,67,393003.91,5865.7300000000005,0,1,0.0,0.0,7.0,93.0,3063.12,5865.73
SKU0031,2024-12-30,Furniture,Storage,72,422332.56,5865.7300000000005,0,1,123.0,123.0,7.0,93.0,3063.12,5865.73
SKU0031,2025-01-06,Furniture,Storage,53,310883.69,5865.7300000000005,0,0,53.0,0.0,7.0,93.0,3063.12,5865.73
SKU0031,2025-01-13,Furniture,Storage,111,558238.58,5109.684285714286,5,0,0.0,144.0,7.0,93.0,3063.12,5865.73
SKU0031,2025-01-20,Furniture,Storage,117,608446.17,5405.397142857143,3,1,0.0,154.0,7.0,93.0,3063.12,5865.73
SKU0031,2025-01-27,Furniture,Storage,89,522049.97,5865.7300000000005,0,0,144.0,144.0,7.0,93.0,3063.12,5865.73
SKU0031,2025-02-03,Furniture,Storage,62,363675.26,5865.7300000000005,0,0,62.0,158.0,7.0,93.0,3063.12,5865.73
SKU0031,2025-02-10,Furniture,Storage,80,469258.4,5865.7300000000005,0,0,0.0,0.0,7.0,93.0,3063.12,5865.73
SKU0031,2025-02-17,Furniture,Storage,80,469258.4,5865.7300000000005,0,0,0.0,0.0,7.0,93.0,3063.12,5865.73
SKU0031,2025-02-24,Furniture,Storage,74,434064.02,5865.7300000000005,0,0,0.0,134.0,7.0,93.0,3063.12,5865.73
SKU0031,2025-03-03,Furniture,Storage,100,586573.0,5865.7300000000005,0,0,0.0,0.0,7.0,93.0,3063.12,5865.73
SKU0031,2025-03-10,Furniture,Storage,88,516184.24,5865.7300000000005,0,0,0.0,171.0,7.0,93.0,3063.12,5865.73
SKU0031,2025-03-17,Furniture,Storage,85,498587.04999999993,5865.7300000000005,0,0,184.0,0.0,7.0,93.0,3063.12,5865.73
SKU0031,2025-03-24,Furniture,Storage,100,586573.0,5865.7300000000005,0,0,110.0,0.0,7.0,93.0,3063.12,5865.73
SKU0031,2025-03-31,Furniture,Storage,85,498587.04999999993,5865.7300000000005,0,0,24.0,0.0,7.0,93.0,3063.12,5865.73
SKU0031,2025-04-07,Furniture,Storage,67,393003.91,5865.7300000000005,0,0,0.0,0.0,7.0,93.0,3063.12,5865.73
SKU0031,2025-04-14,Furniture,Storage,90,527915.7,5865.7300000000005,0,0,0.0,169.0,7.0,93.0,3063.12,5865.73
SKU0031,2025-04-21,Furniture,Storage,89,522049.97,5865.7300000000005,0,0,0.0,139.0,7.0,93.0,3063.12,5865.73
SKU0031,2025-04-28,Furniture,Storage,75,439929.75,5865.7300000000005,0,0,0.0,0.0,7.0,93.0,3063.12,5865.73
SKU0031,2025-05-05,Furniture,Storage,101,592438.73,5865.7300000000005,0,0,0.0,0.0,7.0,93.0,3063.12,5865.73
SKU0031,2025-05-12,Furniture,Storage,94,551378.62,5865.7300000000005,0,0,0.0,148.0,7.0,93.0,3063.12,5865.73
SKU0031,2025-05-19,Furniture,Storage,66,387138.18,5865.7300000000005,0,0,0.0,182.0,7.0,93.0,3063.12,5865.73
SKU0031,2025-05-26,Furniture,Storage,89,493964.87,5731.991428571428,1,0,0.0,0.0,7.0,93.0,3063.12,5865.73
SKU0031,2025-06-02,Furniture,Storage,203,974606.93,4795.808571428572,7,0,0.0,128.0,7.0,93.0,3063.12,5865.73
SKU0031,2025-06-09,Furniture,Storage,88,516184.23999999993,5865.7300000000005,0,0,0.0,0.0,7.0,93.0,3063.12,5865.73
SKU0031,2025-06-16,Furniture,Storage,77,451661.21,5865.7300000000005,0,0,0.0,0.0,7.0,93.0,3063.12,5865.73
SKU0031,2025-06-23,Furniture,Storage,68,398869.64,5865.7300000000005,0,0,0.0,161.0,7.0,93.0,3063.12,5865.73
SKU0031,2025-06-30,Furniture,Storage,68,398869.64,5865.7300000000005,0,0,0.0,123.0,7.0,93.0,3063.12,5865.73
SKU0031,2025-07-07,Furniture,Storage,67,393003.91,5865.7300000000005,0,0,0.0,0.0,7.0,93.0,3063.12,5865.73
SKU0031,2025-07-14,Furniture,Storage,58,340212.34,5865.7300000000005,0,0,0.0,175.0,7.0,93.0,3063.12,5865.73
SKU0031,2025-07-21,Furniture,Storage,52,305017.96,5865.7300000000005,0,0,0.0,0.0,7.0,93.0,3063.12,5865.73
SKU0031,2025-07-28,Furniture,Storage,55,322615.15,5865.7300000000005,0,0,0.0,141.0,7.0,93.0,3063.12,5865.73
SKU0031,2025-08-04,Furniture,Storage,42,246360.66,5865.7300000000005,0,0,0.0,0.0,7.0,93.0,3063.12,5865.73
SKU0031,2025-08-11,Furniture,Storage,53,310883.69,5865.7300000000005,0,1,0.0,138.0,7.0,93.0,3063.12,5865.73
SKU0031,2025-08-18,Furniture,Storage,46,269823.58,5865.7300000000005,0,0,0.0,0.0,7.0,93.0,3063.12,5865.73
SKU0031,2025-08-25,Furniture,Storage,42,246360.66,5865.7300000000005,0,0,0.0,0.0,7.0,93.0,3063.12,5865.73
SKU0031,2025-09-01,Furniture,Storage,42,246360.66,5865.7300000000005,0,0,0.0,0.0,7.0,93.0,3063.12,5865.73
SKU0031,2025-09-08,Furniture,Storage,70,410601.1,5865.7300000000005,0,0,0.0,183.0,7.0,93.0,3063.12,5865.73
SKU0031,2025-09-15,Furniture,Storage,53,310883.69,5865.7300000000005,0,0,0.0,174.0,7.0,93.0,3063.12,5865.73
SKU0031,2025-09-22,Furniture,Storage,50,293286.5,5865.7300000000005,0,0,0.0,115.0,7.0,93.0,3063.12,5865.73
SKU0031,2025-09-29,Furniture,Storage,41,240494.93,5865.7300000000005,0,1,0.0,117.0,7.0,93.0,3063.12,5865.73
SKU0031,2025-10-06,Furniture,Storage,43,252226.39,5865.7300000000005,0,0,0.0,0.0,7.0,93.0,3063.12,5865.73
SKU0031,2025-10-13,Furniture,Storage,38,222897.74,5865.7300000000005,0,0,0.0,0.0,7.0,93.0,3063.12,5865.73
SKU0031,2025-10-20,Furniture,Storage,96,463921.18000000005,4854.661428571429,7,0,0.0,164.0,7.0,93.0,3063.12,5865.73
SKU0031,2025-10-27,Furniture,Storage,73,392968.74,5460.452857142857,3,0,0.0,112.0,7.0,93.0,3063.12,5865.73
SKU0031,2025-11-03,Furniture,Storage,62,363675.26,5865.7300000000005,0,0,0.0,0.0,7.0,93.0,3063.12,5865.73
SKU0031,2025-11-10,Furniture,Storage,52,305017.96,5865.7300000000005,0,1,126.0,126.0,7.0,93.0,3063.12,5865.73
SKU0031,2025-11-17,Furniture,Storage,67,393003.91,5865.7300000000005,0,0,62.0,167.0,7.0,93.0,3063.12,5865.73
SKU0031,2025-11-24,Furniture,Storage,119,584888.66,4989.927142857143,6,0,0.0,0.0,7.0,93.0,3063.12,5865.73
SKU0031,2025-12-01,Furniture,Storage,52,305017.96,5865.7300000000005,0,0,0.0,0.0,7.0,93.0,3063.12,5865.73
SKU0031,2025-12-08,Furniture,Storage,60,351943.8,5865.7300000000005,0,0,135.0,135.0,7.0,93.0,3063.12,5865.73
SKU0031,2025-12-15,Furniture,Storage,60,351943.8,5865.7300000000005,0,0,218.0,148.0,7.0,93.0,3063.12,5865.73
SKU0031,2025-12-22,Furniture,Storage,66,387138.17999999993,5865.7300000000005,0,1,140.0,0.0,7.0,93.0,3063.12,5865.73
SKU0032,2025-02-17,Furniture,Seating,535,842079.3,1573.98,0,0,,,,,867.15,1573.98
SKU0032,2025-02-24,Furniture,Seating,653,1027808.94,1573.98,0,0,1162.0,3753.0,21.0,2341.0,867.15,1573.98
SKU0032,2025-03-03,Furniture,Seating,755,1188354.9,1573.98,0,0,561.0,0.0,21.0,2341.0,867.15,1573.98
SKU0032,2025-03-10,Furniture,Seating,799,1257610.02,1573.98,0,0,4306.0,4306.0,21.0,2341.0,867.15,1573.98
SKU0032,2025-03-17,Furniture,Seating,745,1172615.1,1573.98,0,0,3580.0,0.0,21.0,2341.0,867.15,1573.98
SKU0032,2025-03-24,Furniture,Seating,824,1296959.52,1573.98,0,0,2888.0,0.0,21.0,2341.0,867.15,1573.98
SKU0032,2025-03-31,Furniture,Seating,804,1265479.9200000002,1573.98,0,0,2033.0,0.0,21.0,2341.0,867.15,1573.98
SKU0032,2025-04-07,Furniture,Seating,690,1086046.2,1573.98,0,0,1183.0,0.0,21.0,2341.0,867.15,1573.98
SKU0032,2025-04-14,Furniture,Seating,667,1049844.66,1573.98,0,0,437.0,3113.0,21.0,2341.0,867.15,1573.98
SKU0032,2025-04-21,Furniture,Seating,742,1167893.16,1573.98,0,0,0.0,0.0,21.0,2341.0,867.15,1573.98
SKU0032,2025-04-28,Furniture,Seating,630,991607.4,1573.98,0,0,0.0,0.0,21.0,2341.0,867.15,1573.98
SKU0032,2025-05-05,Furniture,Seating,686,1079750.28,1573.98,0,0,4064.0,4064.0,21.0,2341.0,867.15,1573.98
SKU0032,2025-05-12,Furniture,Seating,752,1183632.96,1573.98,0,0,3447.0,0.0,21.0,2341.0,867.15,1573.98
SKU0032,2025-05-19,Furniture,Seating,695,1093916.1,1573.98,0,0,2755.0,0.0,21.0,2341.0,867.15,1573.98
SKU0032,2025-05-26,Furniture,Seating,787,1196108.4,1543.3885714285714,1,0,2095.0,0.0,21.0,2341.0,867.15,1573.98
SKU0032,2025-06-02,Furniture,Seating,1324,1731049.11,1293.3771428571429,7,0,5084.0,3704.0,21.0,2341.0,867.15,1573.98
SKU0032,2025-06-09,Furniture,Seating,574,903464.52,1573.98,0,0,4260.0,0.0,21.0,2341.0,867.15,1573.98
SKU0032,2025-06-16,Furniture,Seating,569,895594.62,1573.98,0,0,3480.0,0.0,21.0,2341.0,867.15,1573.98
SKU0032,2025-06-23,Furniture,Seating,530,834209.4,1573.98,0,0,2742.0,0.0,21.0,2341.0,867.15,1573.98
SKU0032,2025-06-30,Furniture,Seating,602,947535.96,1573.98,0,0,6625.0,4574.0,21.0,2341.0,867.15,1573.98
SKU0032,2025-07-07,Furniture,Seating,560,881428.8,1573.98,0,0,5977.0,0.0,21.0,2341.0,867.15,1573.98
SKU0032,2025-07-14,Furniture,Seating,522,821617.5599999999,1573.98,0,0,5444.0,0.0,21.0,2341.0,867.15,1573.98
SKU0032,2025-07-21,Furniture,Seating,536,843653.28,1573.98,0,0,4929.0,0.0,21.0,2341.0,867.15,1573.98
SKU0032,2025-07-28,Furniture,Seating,479,753936.42,1573.98,0,0,4455.0,0.0,21.0,2341.0,867.15,1573.98
SKU0032,2025-08-04,Furniture,Seating,401,631165.98,1573.98,0,0,3957.0,0.0,21.0,2341.0,867.15,1573.98
SKU0032,2025-08-11,Furniture,Seating,479,753936.42,1573.98,0,1,3416.0,0.0,21.0,2341.0,867.15,1573.98
SKU0032,2025-08-18,Furniture,Seating,505,794859.9,1573.98,0,0,3002.0,0.0,21.0,2341.0,867.15,1573.98
SKU0032,2025-08-25,Furniture,Seating,466,733474.68,1573.98,0,0,2482.0,0.0,21.0,2341.0,867.15,1573.98
SKU0032,2025-09-01,Furniture,Seating,412,648479.76,1573.98,0,0,2084.0,0.0,21.0,2341.0,867.15,1573.98
SKU0032,2025-09-08,Furniture,Seating,316,497377.68,1573.98,0,0,1668.0,3048.0,21.0,2341.0,867.15,1573.98
SKU0032,2025-09-15,Furniture,Seating,402,632739.96,1573.98,0,0,1199.0,4066.0,21.0,2341.0,867.15,1573.98
SKU0032,2025-09-22,Furniture,Seating,355,558762.9,1573.98,0,0,819.0,0.0,21.0,2341.0,867.15,1573.98
SKU0032,2025-09-29,Furniture,Seating,436,686255.28,1573.98,0,1,453.0,0.0,21.0,2341.0,867.15,1573.98
SKU0032,2025-10-06,Furniture,Seating,445,700421.1,1573.98,0,0,11.0,3421.0,21.0,2341.0,867.15,1573.98
SKU0032,2025-10-13,Furniture,Seating,427,672089.46,1573.98,0,0,0.0,3360.0,21.0,2341.0,867.15,1573.98
SKU0032,2025-10-20,Furniture,Seating,823,1032423.26,1247.7457142857145,7,0,0.0,2890.0,21.0,2341.0,867.15,1573.98
SKU0032,2025-10-27,Furniture,Seating,553,785925.56,1464.1985714285713,3,0,3497.0,3497.0,21.0,2341.0,867.15,1573.98
SKU0032,2025-11-03,Furniture,Seating,476,749214.48,1573.98,0,0,2931.0,0.0,21.0,2341.0,867.15,1573.98
SKU0032,2025-11-10,Furniture,Seating,495,779120.1,1573.98,0,1,2413.0,0.0,21.0,2341.0,867.15,1573.98
SKU0032,2025-11-17,Furniture,Seating,451,709864.98,1573.98,0,0,6214.0,4310.0,21.0,2341.0,867.15,1573.98
SKU0032,2025-11-24,Furniture,Seating,844,1110282.72,1336.3457142857144,6,0,5772.0,0.0,21.0,2341.0,867.15,1573.98
SKU0032,2025-12-01,Furniture,Seating,505,794859.9,1573.98,0,0,5247.0,0.0,21.0,2341.0,867.15,1573.98
SKU0032,2025-12-08,Furniture,Seating,487,766528.26,1573.98,0,0,4679.0,0.0,21.0,2341.0,867.15,1573.98
SKU0032,2025-12-15,Furniture,Seating,571,898742.5800000001,1573.98,0,0,4139.0,0.0,21.0,2341.0,867.15,1573.98
SKU0032,2025-12-22,Furniture,Seating,583,917630.34,1573.98,0,1,3529.0,0.0,21.0,2341.0,867.15,1573.98
SKU0033,2024-06-03,Furniture,Seating,328,2396885.27,7444.128333333334,5,0,,,,,3176.4,8786.53
SKU0033,2024-06-10,Furniture,Seating,192,1687013.7600000002,8786.53,0,0,144.0,1165.0,21.0,666.0,3176.4,8786.53
SKU0033,2024-06-17,Furniture,Seating,184,1616721.5200000005,8786.53,0,0,0.0,0.0,21.0,666.0,3176.4,8786.53
SKU0033,2024-06-24,Furniture,Seating,151,1326766.03,8786.53,0,0,0.0,0.0,21.0,666.0,3176.4,8786.53
SKU0033,2024-07-01,Furniture,Seating,168,1476137.04,8786.53,0,0,0.0,0.0,21.0,666.0,3176.4,8786.53
SKU0033,2024-07-08,Furniture,Seating,182,1599148.4600000002,8786.53,0,0,0.0,865.0,21.0,666.0,3176.4,8786.53
SKU0033,2024-07-15,Furniture,Seating,152,1335552.56,8786.53,0,0,891.0,891.0,21.0,666.0,3176.4,8786.53
SKU0033,2024-07-22,Furniture,Seating,130,1142248.9,8786.53,0,0,743.0,0.0,21.0,666.0,3176.4,8786.53
SKU0033,2024-07-29,Furniture,Seating,146,1282833.38,8786.53,0,0,589.0,1082.0,21.0,666.0,3176.4,8786.53
SKU0033,2024-08-05,Furniture,Seating,136,1194968.08,8786.53,0,0,448.0,0.0,21.0,666.0,3176.4,8786.53
SKU0033,2024-08-12,Furniture,Seating,116,1019237.48,8786.53,0,1,290.0,0.0,21.0,666.0,3176.4,8786.53
SKU0033,2024-08-19,Furniture,Seating,120,1054383.6,8786.53,0,0,176.0,0.0,21.0,666.0,3176.4,8786.53
SKU0033,2024-08-26,Furniture,Seating,108,948945.24,8786.53,0,0,48.0,875.0,21.0,666.0,3176.4,8786.53
SKU0033,2024-09-02,Furniture,Seating,116,1019237.48,8786.53,0,0,0.0,0.0,21.0,666.0,3176.4,8786.53
SKU0033,2024-09-09,Furniture,Seating,110,966518.3,8786.53,0,0,0.0,0.0,21.0,666.0,3176.4,8786.53
SKU0033,2024-09-16,Furniture,Seating,119,1045597.07,8786.53,0,0,1220.0,1220.0,21.0,666.0,3176.4,8786.53
SKU0033,2024-09-23,Furniture,Seating,103,905012.59,8786.53,0,0,1097.0,0.0,21.0,666.0,3176.4,8786.53
SKU0033,2024-09-30,Furniture,Seating,110,966518.3,8786.53,0,1,997.0,0.0,21.0,666.0,3176.4,8786.53
SKU0033,2024-10-07,Furniture,Seating,105,922585.65,8786.53,0,0,905.0,0.0,21.0,666.0,3176.4,8786.53
SKU0033,2024-10-14,Furniture,Seating,143,1173269.75,8473.732857142857,1,0,795.0,0.0,21.0,666.0,3176.4,8786.53
SKU0033,2024-10-21,Furniture,Seating,235,1763146.01,7441.594285714286,7,0,691.0,0.0,21.0,666.0,3176.4,8786.53
SKU0033,2024-10-28,Furniture,Seating,136,1114594.71,8452.898571428572,2,0,1547.0,1014.0,21.0,666.0,3176.4,8786.53
SKU0033,2024-11-04,Furniture,Seating,115,1010450.95,8786.53,0,0,1409.0,0.0,21.0,666.0,3176.4,8786.53
SKU0033,2024-11-11,Furniture,Seating,129,1133462.37,8786.53,0,1,1236.0,0.0,21.0,666.0,3176.4,8786.53
SKU0033,2024-11-18,Furniture,Seating,117,1028024.01,8786.53,0,0,1079.0,0.0,21.0,666.0,3176.4,8786.53
SKU0033,2024-11-25,Furniture,Seating,304,2317712.64,7671.264285714285,6,0,940.0,0.0,21.0,666.0,3176.4,8786.53
SKU0033,2024-12-02,Furniture,Seating,123,1080743.19,8786.53,0,0,759.0,0.0,21.0,666.0,3176.4,8786.53
SKU0033,2024-12-09,Furniture,Seating,133,1168608.4900000002,8786.53,0,0,568.0,1212.0,21.0,666.0,3176.4,8786.53
SKU0033,2024-12-16,Furniture,Seating,167,1467350.5100000002,8786.53,0,0,389.0,843.0,21.0,666.0,3176.4,8786.53
SKU0033,2024-12-23,Furniture,Seating,218,1915463.5400000005,8786.53,0,1,1164.0,973.0,21.0,666.0,3176.4,8786.53
SKU0033,2024-12-30,Furniture,Seating,161,1414631.33,8786.53,0,1,1015.0,0.0,21.0,666.0,3176.4,8786.53
SKU0033,2025-01-06,Furniture,Seating,170,1493710.1,8786.53,0,0,844.0,0.0,21.0,666.0,3176.4,8786.53
SKU0033,2025-01-13,Furniture,Seating,320,2417737.22,7743.794285714285,5,0,675.0,0.0,21.0,666.0,3176.4,8786.53
SKU0033,2025-01-20,Furniture,Seating,245,1913689.93,8055.104285714287,3,1,491.0,0.0,21.0,666.0,3176.4,8786.53
SKU0033,2025-01-27,Furniture,Seating,203,1783665.59,8786.53,0,0,270.0,1284.0,21.0,666.0,3176.4,8786.53
SKU0033,2025-02-03,Furniture,Seating,203,1783665.59,8786.53,0,0,46.0,1239.0,21.0,666.0,3176.4,8786.53
SKU0033,2025-02-10,Furniture,Seating,233,2047261.49,8786.53,0,0,932.0,932.0,21.0,666.0,3176.4,8786.53
SKU0033,2025-02-17,Furniture,Seating,248,2179059.4400000004,8786.53,0,0,696.0,0.0,21.0,666.0,3176.4,8786.53
SKU0033,2025-02-24,Furniture,Seating,199,1748519.4700000002,8786.53,0,0,474.0,1137.0,21.0,666.0,3176.4,8786.53
SKU0033,2025-03-03,Furniture,Seating,214,1880317.42,8786.53,0,0,269.0,0.0,21.0,666.0,3176.4,8786.53
SKU0033,2025-03-10,Furniture,Seating,250,2196632.5,8786.53,0,0,60.0,1030.0,21.0,666.0,3176.4,8786.53
SKU0033,2025-03-17,Furniture,Seating,209,1836384.7700000005,8786.53,0,0,0.0,0.0,21.0,666.0,3176.4,8786.53
SKU0033,2025-03-24,Furniture,Seating,245,2152699.85,8786.53,0,0,0.0,0.0,21.0,666.0,3176.4,8786.53
SKU0033,2025-03-31,Furniture,Seating,223,1959396.19,8786.53,0,0,807.0,807.0,21.0,666.0,3176.4,8786.53
SKU0033,2025-04-07,Furniture,Seating,215,1889103.95,8786.53,0,0,607.0,0.0,21.0,666.0,3176.4,8786.53
SKU0033,2025-04-14,Furniture,Seating,206,1810025.18,8786.53,0,0,350.0,0.0,21.0,666.0,3176.4,8786.53
SKU0033,2025-04-21,Furniture,Seating,245,2152699.85,8786.53,0,0,1007.0,844.0,21.0,666.0,3176.4,8786.53
SKU0033,2025-04-28,Furniture,Seating,176,1546429.28,8786.53,0,0,786.0,0.0,21.0,666.0,3176.4,8786.53
SKU0033,2025-05-05,Furniture,Seating,193,1695800.29,8786.53,0,0,561.0,0.0,21.0,666.0,3176.4,8786.53
SKU0033,2025-05-12,Furniture,Seating,195,1713373.35,8786.53,0,0,363.0,863.0,21.0,666.0,3176.4,8786.53
SKU0033,2025-05-19,Furniture,Seating,202,1774879.06,8786.53,0,0,154.0,1181.0,21.0,666.0,3176.4,8786.53
SKU0033,2025-05-26,Furniture,Seating,259,2158450.47,8524.787142857143,1,0,0.0,0.0,21.0,666.0,3176.4,8786.53
SKU0033,2025-06-02,Furniture,Seating,445,3289088.94,7345.962857142857,7,0,0.0,905.0,21.0,666.0,3176.4,8786.53
SKU0033,2025-06-09,Furniture,Seating,174,1528856.2200000002,8786.53,0,0,0.0,0.0,21.0,666.0,3176.4,8786.53
SKU0033,2025-06-16,Furniture,Seating,190,1669440.7000000002,8786.53,0,0,0.0,0.0,21.0,666.0,3176.4,8786.53
SKU0033,2025-06-23,Furniture,Seating,165,1449777.4500000002,8786.53,0,0,0.0,0.0,21.0,666.0,3176.4,8786.53
SKU0033,2025-06-30,Furniture,Seating,166,1458563.9800000002,8786.53,0,0,0.0,852.0,21.0,666.0,3176.4,8786.53
SKU0033,2025-07-07,Furniture,Seating,158,1388271.7400000002,8786.53,0,0,0.0,1277.0,21.0,666.0,3176.4,8786.53
SKU0033,2025-07-14,Furniture,Seating,154,1353125.62,8786.53,0,0,0.0,0.0,21.0,666.0,3176.4,8786.53
SKU0033,2025-07-21,Furniture,Seating,147,1291619.91,8786.53,0,0,1130.0,1130.0,21.0,666.0,3176.4,8786.53
SKU0033,2025-07-28,Furniture,Seating,155,1361912.15,8786.53,0,0,964.0,0.0,21.0,666.0,3176.4,8786.53
SKU0033,2025-08-04,Furniture,Seating,137,1203754.61,8786.53,0,0,831.0,0.0,21.0,666.0,3176.4,8786.53
SKU0033,2025-08-11,Furniture,Seating,143,1256473.79,8786.53,0,1,691.0,0.0,21.0,666.0,3176.4,8786.53
SKU0033,2025-08-18,Furniture,Seating,150,1317979.5,8786.53,0,0,558.0,0.0,21.0,666.0,3176.4,8786.53
SKU0033,2025-08-25,Furniture,Seating,118,1036810.5400000002,8786.53,0,0,414.0,0.0,21.0,666.0,3176.4,8786.53
SKU0033,2025-09-01,Furniture,Seating,103,905012.59,8786.53,0,0,265.0,0.0,21.0,666.0,3176.4,8786.53
SKU0033,2025-09-08,Furniture,Seating,96,843506.8800000001,8786.53,0,0,129.0,0.0,21.0,666.0,3176.4,8786.53
SKU0033,2025-09-15,Furniture,Seating,104,913799.12,8786.53,0,0,3.0,0.0,21.0,666.0,3176.4,8786.53
SKU0033,2025-09-22,Furniture,Seating,117,1028024.01,8786.53,0,0,0.0,916.0,21.0,666.0,3176.4,8786.53
SKU0033,2025-09-29,Furniture,Seating,121,1063170.13,8786.53,0,1,0.0,1198.0,21.0,666.0,3176.4,8786.53
SKU0033,2025-10-06,Furniture,Seating,110,966518.3,8786.53,0,0,0.0,1166.0,21.0,666.0,3176.4,8786.53
SKU0033,2025-10-13,Furniture,Seating,113,992877.89,8786.53,0,0,0.0,973.0,21.0,666.0,3176.4,8786.53
SKU0033,2025-10-20,Furniture,Seating,238,1723056.32,7226.54,7,0,0.0,1188.0,21.0,666.0,3176.4,8786.53
SKU0033,2025-10-27,Furniture,Seating,162,1282074.82,8041.648571428572,3,0,893.0,893.0,21.0,666.0,3176.4,8786.53
SKU0033,2025-11-03,Furniture,Seating,123,1080743.19,8786.53,0,0,716.0,0.0,21.0,666.0,3176.4,8786.53
SKU0033,2025-11-10,Furniture,Seating,136,1194968.08,8786.53,0,1,556.0,1315.0,21.0,666.0,3176.4,8786.53
SKU0033,2025-11-17,Furniture,Seating,124,1089529.7200000002,8786.53,0,0,407.0,1098.0,21.0,666.0,3176.4,8786.53
SKU0033,2025-11-24,Furniture,Seating,275,1970504.18,7281.784285714285,6,0,276.0,1280.0,21.0,666.0,3176.4,8786.53
SKU0033,2025-12-01,Furniture,Seating,157,1379485.21,8786.53,0,0,96.0,0.0,21.0,666.0,3176.4,8786.53
SKU0033,2025-12-08,Furniture,Seating,172,1511283.16,8786.53,0,0,0.0,0.0,21.0,666.0,3176.4,8786.53
SKU0033,2025-12-15,Furniture,Seating,138,1212541.14,8786.53,0,0,0.0,829.0,21.0,666.0,3176.4,8786.53
SKU0033,2025-12-22,Furniture,Seating,168,1476137.04,8786.53,0,1,0.0,0.0,21.0,666.0,3176.4,8786.53
SKU0034,2024-04-22,Furniture,Seating,25,47524.25,1900.97,0,0,,,,,787.74,1900.97
SKU0034,2024-04-29,Furniture,Seating,38,72236.86,1900.97,0,0,89.0,0.0,10.0,71.0,787.74,1900.97
SKU0034,2024-05-06,Furniture,Seating,49,93147.53,1900.97,0,0,48.0,0.0,10.0,71.0,787.74,1900.97
SKU0034,2024-05-13,Furniture,Seating,31,58930.07,1900.97,0,0,8.0,112.0,10.0,71.0,787.74,1900.97
SKU0034,2024-05-20,Furniture,Seating,31,58930.07,1900.97,0,0,0.0,105.0,10.0,71.0,787.74,1900.97
SKU0034,2024-05-27,Furniture,Seating,55,93679.71,1801.7242857142855,2,0,0.0,0.0,10.0,71.0,787.74,1900.97
SKU0034,2024-06-03,Furniture,Seating,80,126136.6,1602.6714285714286,6,0,0.0,0.0,10.0,71.0,787.74,1900.97
SKU0034,2024-06-10,Furniture,Seating,35,66533.95,1900.97,0,0,0.0,123.0,10.0,71.0,787.74,1900.97
SKU0034,2024-06-17,Furniture,Seating,33,62732.01,1900.97,0,0,0.0,0.0,10.0,71.0,787.74,1900.97
SKU0034,2024-06-24,Furniture,Seating,41,77939.77,1900.97,0,0,0.0,114.0,10.0,71.0,787.74,1900.97
SKU0034,2024-07-01,Furniture,Seating,27,51326.19,1900.97,0,0,0.0,0.0,10.0,71.0,787.74,1900.97
SKU0034,2024-07-08,Furniture,Seating,30,57029.1,1900.97,0,0,0.0,129.0,10.0,71.0,787.74,1900.97
SKU0034,2024-07-15,Furniture,Seating,30,57029.1,1900.97,0,0,0.0,121.0,10.0,71.0,787.74,1900.97
SKU0034,2024-07-22,Furniture,Seating,22,41821.34,1900.97,0,0,118.0,118.0,10.0,71.0,787.74,1900.97
SKU0034,2024-07-29,Furniture,Seating,24,45623.28,1900.97,0,0,90.0,0.0,10.0,71.0,787.74,1900.97
SKU0034,2024-08-05,Furniture,Seating,28,53227.16,1900.97,0,0,59.0,0.0,10.0,71.0,787.74,1900.97
SKU0034,2024-08-12,Furniture,Seating,25,47524.25,1900.97,0,1,33.0,126.0,10.0,71.0,787.74,1900.97
SKU0034,2024-08-19,Furniture,Seating,26,49425.22,1900.97,0,0,9.0,103.0,10.0,71.0,787.74,1900.97
SKU0034,2024-08-26,Furniture,Seating,31,58930.07,1900.97,0,0,0.0,0.0,10.0,71.0,787.74,1900.97
SKU0034,2024-09-02,Furniture,Seating,24,45623.28,1900.97,0,0,0.0,0.0,10.0,71.0,787.74,1900.97
SKU0034,2024-09-09,Furniture,Seating,22,41821.34,1900.97,0,0,0.0,0.0,10.0,71.0,787.74,1900.97
SKU0034,2024-09-16,Furniture,Seating,21,39920.37,1900.97,0,0,0.0,130.0,10.0,71.0,787.74,1900.97
SKU0034,2024-09-23,Furniture,Seating,21,39920.37,1900.97,0,0,0.0,85.0,10.0,71.0,787.74,1900.97
SKU0034,2024-09-30,Furniture,Seating,23,43722.31,1900.97,0,1,0.0,0.0,10.0,71.0,787.74,1900.97
SKU0034,2024-10-07,Furniture,Seating,20,38019.4,1900.97,0,0,0.0,134.0,10.0,71.0,787.74,1900.97
SKU0034,2024-10-14,Furniture,Seating,24,42988.98,1838.2485714285715,1,0,0.0,0.0,10.0,71.0,787.74,1900.97
SKU0034,2024-10-21,Furniture,Seating,48,75672.64,1572.814285714286,7,0,0.0,0.0,10.0,71.0,787.74,1900.97
SKU0034,2024-10-28,Furniture,Seating,24,43223.98,1802.5228571428568,2,0,0.0,0.0,10.0,71.0,787.74,1900.97
SKU0034,2024-11-04,Furniture,Seating,34,64632.98,1900.97,0,0,96.0,96.0,10.0,71.0,787.74,1900.97
SKU0034,2024-11-11,Furniture,Seating,29,55128.130000000005,1900.97,0,1,64.0,0.0,10.0,71.0,787.74,1900.97
SKU0034,2024-11-18,Furniture,Seating,30,57029.1,1900.97,0,0,112.0,86.0,10.0,71.0,787.74,1900.97
SKU0034,2024-11-25,Furniture,Seating,60,95556.72,1591.814285714286,6,0,82.0,0.0,10.0,71.0,787.74,1900.97
SKU0034,2024-12-02,Furniture,Seating,43,81741.71,1900.97,0,0,184.0,139.0,10.0,71.0,787.74,1900.97
SKU0034,2024-12-09,Furniture,Seating,27,51326.19,1900.97,0,0,150.0,0.0,10.0,71.0,787.74,1900.97
SKU0034,2024-12-16,Furniture,Seating,34,64632.98,1900.97,0,0,113.0,0.0,10.0,71.0,787.74,1900.97
SKU0034,2024-12-23,Furniture,Seating,38,72236.86,1900.97,0,1,73.0,0.0,10.0,71.0,787.74,1900.97
SKU0034,2024-12-30,Furniture,Seating,37,70335.89,1900.97,0,1,36.0,134.0,10.0,71.0,787.74,1900.97
SKU0034,2025-01-06,Furniture,Seating,40,76038.8,1900.97,0,0,0.0,0.0,10.0,71.0,787.74,1900.97
SKU0034,2025-01-13,Furniture,Seating,78,125570.64,1667.0342857142855,5,0,0.0,0.0,10.0,71.0,787.74,1900.97
SKU0034,2025-01-20,Furniture,Seating,67,115432.48,1761.8814285714286,3,1,94.0,94.0,10.0,71.0,787.74,1900.97
SKU0034,2025-01-27,Furniture,Seating,52,98850.44,1900.97,0,0,139.0,102.0,10.0,71.0,787.74,1900.97
SKU0034,2025-02-03,Furniture,Seating,55,104553.35,1900.97,0,0,73.0,0.0,10.0,71.0,787.74,1900.97
SKU0034,2025-02-10,Furniture,Seating,49,93147.53,1900.97,0,0,108.0,106.0,10.0,71.0,787.74,1900.97
SKU0034,2025-02-17,Furniture,Seating,57,108355.29,1900.97,0,0,52.0,86.0,10.0,71.0,787.74,1900.97
SKU0034,2025-02-24,Furniture,Seating,52,98850.44,1900.97,0,0,138.0,132.0,10.0,71.0,787.74,1900.97
SKU0034,2025-03-03,Furniture,Seating,44,83642.68000000001,1900.97,0,0,79.0,0.0,10.0,71.0,787.74,1900.97
SKU0034,2025-03-10,Furniture,Seating,45,85543.65,1900.97,0,0,131.0,98.0,10.0,71.0,787.74,1900.97
SKU0034,2025-03-17,Furniture,Seating,57,108355.29,1900.97,0,0,79.0,0.0,10.0,71.0,787.74,1900.97
SKU0034,2025-03-24,Furniture,Seating,39,74137.83,1900.97,0,0,30.0,0.0,10.0,71.0,787.74,1900.97
SKU0034,2025-03-31,Furniture,Seating,53,100751.41,1900.97,0,0,0.0,123.0,10.0,71.0,787.74,1900.97
SKU0034,2025-04-07,Furniture,Seating,53,100751.41,1900.97,0,0,0.0,101.0,10.0,71.0,787.74,1900.97
SKU0034,2025-04-14,Furniture,Seating,55,104553.35,1900.97,0,0,0.0,87.0,10.0,71.0,787.74,1900.97
SKU0034,2025-04-21,Furniture,Seating,44,83642.68000000001,1900.97,0,0,120.0,120.0,10.0,71.0,787.74,1900.97
SKU0034,2025-04-28,Furniture,Seating,53,100751.41,1900.97,0,0,62.0,0.0,10.0,71.0,787.74,1900.97
SKU0034,2025-05-05,Furniture,Seating,43,81741.70999999999,1900.97,0,0,8.0,0.0,10.0,71.0,787.74,1900.97
SKU0034,2025-05-12,Furniture,Seating,46,87444.62,1900.97,0,0,0.0,100.0,10.0,71.0,787.74,1900.97
SKU0034,2025-05-19,Furniture,Seating,43,81741.71,1900.97,0,0,0.0,118.0,10.0,71.0,787.74,1900.97
SKU0034,2025-05-26,Furniture,Seating,53,93234.18,1837.8,1,0,0.0,0.0,10.0,71.0,787.74,1900.97
SKU0034,2025-06-02,Furniture,Seating,77,123050.89,1590.1742857142856,7,0,0.0,0.0,10.0,71.0,787.74,1900.97
SKU0034,2025-06-09,Furniture,Seating,40,76038.8,1900.97,0,0,0.0,128.0,10.0,71.0,787.74,1900.97
SKU0034,2025-06-16,Furniture,Seating,51,96949.47,1900.97,0,0,0.0,0.0,10.0,71.0,787.74,1900.97
SKU0034,2025-06-23,Furniture,Seating,42,79840.74,1900.97,0,0,0.0,0.0,10.0,71.0,787.74,1900.97
SKU0034,2025-06-30,Furniture,Seating,31,58930.07,1900.97,0,0,118.0,118.0,10.0,71.0,787.74,1900.97
SKU0034,2025-07-07,Furniture,Seating,30,57029.1,1900.97,0,0,79.0,0.0,10.0,71.0,787.74,1900.97
SKU0034,2025-07-14,Furniture,Seating,48,91246.56,1900.97,0,0,45.0,0.0,10.0,71.0,787.74,1900.97
SKU0034,2025-07-21,Furniture,Seating,31,58930.07,1900.97,0,0,3.0,0.0,10.0,71.0,787.74,1900.97
SKU0034,2025-07-28,Furniture,Seating,31,58930.07,1900.97,0,0,117.0,117.0,10.0,71.0,787.74,1900.97
SKU0034,2025-08-04,Furniture,Seating,24,45623.28,1900.97,0,0,84.0,0.0,10.0,71.0,787.74,1900.97
SKU0034,2025-08-11,Furniture,Seating,36,68434.92,1900.97,0,1,52.0,110.0,10.0,71.0,787.74,1900.97
SKU0034,2025-08-18,Furniture,Seating,29,55128.130000000005,1900.97,0,0,26.0,0.0,10.0,71.0,787.74,1900.97
SKU0034,2025-08-25,Furniture,Seating,34,64632.98,1900.97,0,0,108.0,108.0,10.0,71.0,787.74,1900.97
SKU0034,2025-09-01,Furniture,Seating,37,70335.89,1900.97,0,0,81.0,0.0,10.0,71.0,787.74,1900.97
SKU0034,2025-09-08,Furniture,Seating,30,57029.100000000006,1900.97,0,0,52.0,0.0,10.0,71.0,787.74,1900.97
SKU0034,2025-09-15,Furniture,Seating,24,45623.28,1900.97,0,0,21.0,0.0,10.0,71.0,787.74,1900.97
SKU0034,2025-09-22,Furniture,Seating,20,38019.4,1900.97,0,0,0.0,119.0,10.0,71.0,787.74,1900.97
SKU0034,2025-09-29,Furniture,Seating,18,34217.46,1900.97,0,1,0.0,139.0,10.0,71.0,787.74,1900.97
SKU0034,2025-10-06,Furniture,Seating,32,60831.04,1900.97,0,0,140.0,140.0,10.0,71.0,787.74,1900.97
SKU0034,2025-10-13,Furniture,Seating,22,41821.34,1900.97,0,0,118.0,0.0,10.0,71.0,787.74,1900.97
SKU0034,2025-10-20,Furniture,Seating,40,65433.060000000005,1629.0585714285714,7,0,94.0,0.0,10.0,71.0,787.74,1900.97
SKU0034,2025-10-27,Furniture,Seating,35,56895.92,1738.564285714286,3,0,64.0,0.0,10.0,71.0,787.74,1900.97
SKU0034,2025-11-03,Furniture,Seating,37,70335.89,1900.97,0,0,32.0,119.0,10.0,71.0,787.74,1900.97
SKU0034,2025-11-10,Furniture,Seating,30,57029.100000000006,1900.97,0,1,0.0,0.0,10.0,71.0,787.74,1900.97
SKU0034,2025-11-17,Furniture,Seating,30,57029.100000000006,1900.97,0,0,0.0,0.0,10.0,71.0,787.74,1900.97
SKU0034,2025-11-24,Furniture,Seating,71,116273.44,1681.3514285714284,6,0,0.0,0.0,10.0,71.0,787.74,1900.97
SKU0034,2025-12-01,Furniture,Seating,42,79840.74,1900.97,0,0,0.0,0.0,10.0,71.0,787.74,1900.97
SKU0034,2025-12-08,Furniture,Seating,31,58930.07,1900.97,0,0,0.0,0.0,10.0,71.0,787.74,1900.97
SKU0034,2025-12-15,Furniture,Seating,36,68434.92,1900.97,0,0,0.0,127.0,10.0,71.0,787.74,1900.97
SKU0034,2025-12-22,Furniture,Seating,40,76038.8,1900.97,0,1,0.0,139.0,10.0,71.0,787.74,1900.97
SKU0035,2024-10-14,Decor,Lighting,139,350179.01,2569.5975,1,0,,,,,1039.17,2665.42
SKU0035,2024-10-21,Decor,Lighting,482,1046159.06,2163.2214285714285,7,0,535.0,1091.0,10.0,766.0,1039.17,2665.42
SKU0035,2024-10-28,Decor,Lighting,376,915565.76,2500.414285714286,2,0,108.0,1351.0,10.0,766.0,1039.17,2665.42
SKU0035,2024-11-04,Decor,Lighting,341,908908.22,2665.4200000000005,0,0,0.0,1321.0,10.0,766.0,1039.17,2665.42
SKU0035,2024-11-11,Decor,Lighting,259,690343.78,2665.4200000000005,0,1,0.0,0.0,10.0,766.0,1039.17,2665.42
SKU0035,2024-11-18,Decor,Lighting,302,804956.8400000001,2665.4200000000005,0,0,1123.0,1123.0,10.0,766.0,1039.17,2665.42
SKU0035,2024-11-25,Decor,Lighting,533,1202771.91,2272.595714285714,6,0,879.0,0.0,10.0,766.0,1039.17,2665.42
SKU0035,2024-12-02,Decor,Lighting,276,735655.92,2665.4200000000005,0,0,564.0,0.0,10.0,766.0,1039.17,2665.42
SKU0035,2024-12-09,Decor,Lighting,311,828945.6200000001,2665.4200000000005,0,0,275.0,0.0,10.0,766.0,1039.17,2665.42
SKU0035,2024-12-16,Decor,Lighting,371,988870.82,2665.4200000000005,0,0,0.0,1295.0,10.0,766.0,1039.17,2665.42
SKU0035,2024-12-23,Decor,Lighting,338,900911.96,2665.4200000000005,0,1,0.0,0.0,10.0,766.0,1039.17,2665.42
SKU0035,2024-12-30,Decor,Lighting,372,991536.24,2665.4200000000005,0,1,1488.0,1488.0,10.0,766.0,1039.17,2665.42
SKU0035,2025-01-06,Decor,Lighting,384,1023521.28,2665.4200000000005,0,0,1146.0,0.0,10.0,766.0,1039.17,2665.42
SKU0035,2025-01-13,Decor,Lighting,628,1441843.23,2357.3228571428576,5,0,776.0,0.0,10.0,766.0,1039.17,2665.42
SKU0035,2025-01-20,Decor,Lighting,550,1336943.4,2465.69,3,1,257.0,1522.0,10.0,766.0,1039.17,2665.42
SKU0035,2025-01-27,Decor,Lighting,482,1284732.44,2665.4200000000005,0,0,0.0,0.0,10.0,766.0,1039.17,2665.42
SKU0035,2025-02-03,Decor,Lighting,421,1122141.82,2665.4200000000005,0,0,0.0,1089.0,10.0,766.0,1039.17,2665.42
SKU0035,2025-02-10,Decor,Lighting,478,1274070.76,2665.4200000000005,0,0,0.0,1011.0,10.0,766.0,1039.17,2665.42
SKU0035,2025-02-17,Decor,Lighting,487,1298059.54,2665.4200000000005,0,0,1198.0,1198.0,10.0,766.0,1039.17,2665.42
SKU0035,2025-02-24,Decor,Lighting,583,1553939.86,2665.4200000000005,0,0,736.0,1459.0,10.0,766.0,1039.17,2665.42
SKU0035,2025-03-03,Decor,Lighting,503,1340706.26,2665.4200000000005,0,0,1691.0,1410.0,10.0,766.0,1039.17,2665.42
SKU0035,2025-03-10,Decor,Lighting,508,1354033.36,2665.4200000000005,0,0,1132.0,0.0,10.0,766.0,1039.17,2665.42
SKU0035,2025-03-17,Decor,Lighting,559,1489969.78,2665.4200000000005,0,0,677.0,0.0,10.0,766.0,1039.17,2665.42
SKU0035,2025-03-24,Decor,Lighting,548,1460650.16,2665.4200000000005,0,0,113.0,0.0,10.0,766.0,1039.17,2665.42
SKU0035,2025-03-31,Decor,Lighting,526,1402010.92,2665.4200000000005,0,0,0.0,0.0,10.0,766.0,1039.17,2665.42
SKU0035,2025-04-07,Decor,Lighting,501,1335375.42,2665.4200000000005,0,0,0.0,0.0,10.0,766.0,1039.17,2665.42
SKU0035,2025-04-14,Decor,Lighting,451,1202104.4200000002,2665.4200000000005,0,0,0.0,0.0,10.0,766.0,1039.17,2665.42
SKU0035,2025-04-21,Decor,Lighting,521,1388683.82,2665.4200000000005,0,0,0.0,0.0,10.0,766.0,1039.17,2665.42
SKU0035,2025-04-28,Decor,Lighting,478,1274070.76,2665.4200000000005,0,0,0.0,0.0,10.0,766.0,1039.17,2665.42
SKU0035,2025-05-05,Decor,Lighting,482,1284732.44,2665.4200000000005,0,0,0.0,1338.0,10.0,766.0,1039.17,2665.42
SKU0035,2025-05-12,Decor,Lighting,457,1218096.94,2665.4200000000005,0,0,0.0,1337.0,10.0,766.0,1039.17,2665.42
SKU0035,2025-05-19,Decor,Lighting,427,1138134.34,2665.4200000000005,0,0,1203.0,1203.0,10.0,766.0,1039.17,2665.42
SKU0035,2025-05-26,Decor,Lighting,515,1285189.38,2590.117142857143,1,0,710.0,0.0,10.0,766.0,1039.17,2665.42
SKU0035,2025-06-02,Decor,Lighting,869,1874724.41,2159.8942857142856,7,0,253.0,0.0,10.0,766.0,1039.17,2665.42
SKU0035,2025-06-09,Decor,Lighting,457,1218096.94,2665.4200000000005,0,0,1324.0,1324.0,10.0,766.0,1039.17,2665.42
SKU0035,2025-06-16,Decor,Lighting,365,972878.3,2665.4200000000005,0,0,807.0,0.0,10.0,766.0,1039.17,2665.42
SKU0035,2025-06-23,Decor,Lighting,465,1239420.3,2665.4200000000005,0,0,1367.0,1188.0,10.0,766.0,1039.17,2665.42
SKU0035,2025-06-30,Decor,Lighting,444,1183446.48,2665.4200000000005,0,0,848.0,0.0,10.0,766.0,1039.17,2665.42
SKU0035,2025-07-07,Decor,Lighting,380,1012859.6,2665.4200000000005,0,0,1624.0,1272.0,10.0,766.0,1039.17,2665.42
SKU0035,2025-07-14,Decor,Lighting,377,1004863.34,2665.4200000000005,0,0,1258.0,0.0,10.0,766.0,1039.17,2665.42
SKU0035,2025-07-21,Decor,Lighting,376,1002197.92,2665.4200000000005,0,0,808.0,0.0,10.0,766.0,1039.17,2665.42
SKU0035,2025-07-28,Decor,Lighting,362,964882.04,2665.4200000000005,0,0,412.0,0.0,10.0,766.0,1039.17,2665.42
SKU0035,2025-08-04,Decor,Lighting,341,908908.22,2665.4200000000005,0,0,87.0,0.0,10.0,766.0,1039.17,2665.42
SKU0035,2025-08-11,Decor,Lighting,299,796960.5800000001,2665.4200000000005,0,1,0.0,0.0,10.0,766.0,1039.17,2665.42
SKU0035,2025-08-18,Decor,Lighting,324,863596.0800000001,2665.4200000000005,0,0,0.0,1478.0,10.0,766.0,1039.17,2665.42
SKU0035,2025-08-25,Decor,Lighting,296,788964.3200000001,2665.4200000000005,0,0,0.0,0.0,10.0,766.0,1039.17,2665.42
SKU0035,2025-09-01,Decor,Lighting,270,719663.4,2665.4200000000005,0,0,0.0,1308.0,10.0,766.0,1039.17,2665.42
SKU0035,2025-09-08,Decor,Lighting,263,701005.4600000001,2665.4200000000005,0,0,0.0,987.0,10.0,766.0,1039.17,2665.42
SKU0035,2025-09-15,Decor,Lighting,291,775637.22,2665.4200000000005,0,0,0.0,0.0,10.0,766.0,1039.17,2665.42
SKU0035,2025-09-22,Decor,Lighting,352,938227.84,2665.4200000000005,0,0,0.0,1088.0,10.0,766.0,1039.17,2665.42
SKU0035,2025-09-29,Decor,Lighting,273,727659.66,2665.4200000000005,0,1,1422.0,1422.0,10.0,766.0,1039.17,2665.42
SKU0035,2025-10-06,Decor,Lighting,222,591723.24,2665.4200000000005,0,0,1167.0,0.0,10.0,766.0,1039.17,2665.42
SKU0035,2025-10-13,Decor,Lighting,254,677016.6799999999,2665.4200000000005,0,0,907.0,0.0,10.0,766.0,1039.17,2665.42
SKU0035,2025-10-20,Decor,Lighting,608,1382517.9,2270.8414285714284,7,0,621.0,1162.0,10.0,766.0,1039.17,2665.42
SKU0035,2025-10-27,Decor,Lighting,403,962424.26,2479.634285714286,3,0,1822.0,1527.0,10.0,766.0,1039.17,2665.42
SKU0035,2025-11-03,Decor,Lighting,250,666355.0,2665.4200000000005,0,0,1417.0,0.0,10.0,766.0,1039.17,2665.42
SKU0035,2025-11-10,Decor,Lighting,304,810287.68,2665.4200000000005,0,1,1059.0,0.0,10.0,766.0,1039.17,2665.42
SKU0035,2025-11-17,Decor,Lighting,327,871592.3400000001,2665.4200000000005,0,0,728.0,1314.0,10.0,766.0,1039.17,2665.42
SKU0035,2025-11-24,Decor,Lighting,610,1375260.63,2271.684285714286,6,0,448.0,1239.0,10.0,766.0,1039.17,2665.42
SKU0035,2025-12-01,Decor,Lighting,333,887584.86,2665.4200000000005,0,0,72.0,0.0,10.0,766.0,1039.17,2665.42
SKU0035,2025-12-08,Decor,Lighting,399,1063502.58,2665.4200000000005,0,0,0.0,0.0,10.0,766.0,1039.17,2665.42
SKU0035,2025-12-15,Decor,Lighting,420,1119476.4,2665.4200000000005,0,0,0.0,1091.0,10.0,766.0,1039.17,2665.42
SKU0035,2025-12-22,Decor,Lighting,456,1215431.52,2665.4200000000005,0,1,0.0,0.0,10.0,766.0,1039.17,2665.42
SKU0036,2024-02-26,Furniture,Tables,71,550368.5700000001,7751.67,0,0,,,,,3731.98,7751.67
SKU0036,2024-03-04,Furniture,Tables,127,984462.09,7751.67,0,0,280.0,658.0,14.0,330.0,3731.98,7751.67
SKU0036,2024-03-11,Furniture,Tables,171,1325535.57,7751.67,0,0,767.0,638.0,14.0,330.0,3731.98,7751.67
SKU0036,2024-03-18,Furniture,Tables,196,1519327.32,7751.67,0,0,600.0,0.0,14.0,330.0,3731.98,7751.67
SKU0036,2024-03-25,Furniture,Tables,170,1317783.9,7751.67,0,0,418.0,0.0,14.0,330.0,3731.98,7751.67
SKU0036,2024-04-01,Furniture,Tables,181,1403052.27,7751.67,0,0,262.0,569.0,14.0,330.0,3731.98,7751.67
SKU0036,2024-04-08,Furniture,Tables,156,1209260.52,7751.67,0,0,100.0,0.0,14.0,330.0,3731.98,7751.67
SKU0036,2024-04-15,Furniture,Tables,177,1372045.59,7751.67,0,0,0.0,566.0,14.0,330.0,3731.98,7751.67
SKU0036,2024-04-22,Furniture,Tables,169,1310032.23,7751.67,0,0,0.0,621.0,14.0,330.0,3731.98,7751.67
SKU0036,2024-04-29,Furniture,Tables,136,1054227.12,7751.67,0,0,0.0,0.0,14.0,330.0,3731.98,7751.67
SKU0036,2024-05-06,Furniture,Tables,148,1147247.16,7751.67,0,0,0.0,598.0,14.0,330.0,3731.98,7751.67
SKU0036,2024-05-13,Furniture,Tables,154,1193757.18,7751.67,0,0,0.0,0.0,14.0,330.0,3731.98,7751.67
SKU0036,2024-05-20,Furniture,Tables,157,1217012.19,7751.67,0,0,0.0,431.0,14.0,330.0,3731.98,7751.67
SKU0036,2024-05-27,Furniture,Tables,175,1219189.12,7304.765714285714,2,0,0.0,454.0,14.0,330.0,3731.98,7751.67
SKU0036,2024-06-03,Furniture,Tables,257,1708486.38,6723.008571428572,6,0,0.0,0.0,14.0,330.0,3731.98,7751.67
SKU0036,2024-06-10,Furniture,Tables,111,860435.3700000001,7751.67,0,0,0.0,535.0,14.0,330.0,3731.98,7751.67
SKU0036,2024-06-17,Furniture,Tables,123,953455.41,7751.67,0,0,0.0,0.0,14.0,330.0,3731.98,7751.67
SKU0036,2024-06-24,Furniture,Tables,101,782918.67,7751.67,0,0,0.0,0.0,14.0,330.0,3731.98,7751.67
SKU0036,2024-07-01,Furniture,Tables,100,775167.0,7751.67,0,0,0.0,0.0,14.0,330.0,3731.98,7751.67
SKU0036,2024-07-08,Furniture,Tables,119,922448.73,7751.67,0,0,588.0,588.0,14.0,330.0,3731.98,7751.67
SKU0036,2024-07-15,Furniture,Tables,113,875938.71,7751.67,0,0,468.0,0.0,14.0,330.0,3731.98,7751.67
SKU0036,2024-07-22,Furniture,Tables,116,899193.72,7751.67,0,0,346.0,0.0,14.0,330.0,3731.98,7751.67
SKU0036,2024-07-29,Furniture,Tables,108,837180.36,7751.67,0,0,241.0,643.0,14.0,330.0,3731.98,7751.67
SKU0036,2024-08-05,Furniture,Tables,113,875938.71,7751.67,0,0,121.0,549.0,14.0,330.0,3731.98,7751.67
SKU0036,2024-08-12,Furniture,Tables,74,573623.5800000001,7751.67,0,1,0.0,0.0,14.0,330.0,3731.98,7751.67
SKU0036,2024-08-19,Furniture,Tables,99,767415.3300000001,7751.67,0,0,0.0,0.0,14.0,330.0,3731.98,7751.67
SKU0036,2024-08-26,Furniture,Tables,90,697650.3,7751.67,0,0,0.0,0.0,14.0,330.0,3731.98,7751.67
SKU0036,2024-09-02,Furniture,Tables,90,697650.3,7751.67,0,0,0.0,541.0,14.0,330.0,3731.98,7751.67
SKU0036,2024-09-09,Furniture,Tables,89,689898.63,7751.67,0,0,0.0,0.0,14.0,330.0,3731.98,7751.67
SKU0036,2024-09-16,Furniture,Tables,85,658891.95,7751.67,0,0,0.0,0.0,14.0,330.0,3731.98,7751.67
SKU0036,2024-09-23,Furniture,Tables,80,620133.6,7751.67,0,0,0.0,0.0,14.0,330.0,3731.98,7751.67
SKU0036,2024-09-30,Furniture,Tables,86,666643.62,7751.67,0,1,0.0,0.0,14.0,330.0,3731.98,7751.67
SKU0036,2024-10-07,Furniture,Tables,66,511610.22,7751.67,0,0,0.0,530.0,14.0,330.0,3731.98,7751.67
SKU0036,2024-10-14,Furniture,Tables,73,536988.93,7555.187142857142,1,0,0.0,0.0,14.0,330.0,3731.98,7751.67
SKU0036,2024-10-21,Furniture,Tables,174,1126070.52,6472.947142857142,7,0,0.0,0.0,14.0,330.0,3731.98,7751.67
SKU0036,2024-10-28,Furniture,Tables,115,826303.01,7362.967142857144,2,0,0.0,450.0,14.0,330.0,3731.98,7751.67
SKU0036,2024-11-04,Furniture,Tables,76,589126.92,7751.67,0,0,0.0,557.0,14.0,330.0,3731.98,7751.67
SKU0036,2024-11-11,Furniture,Tables,84,651140.28,7751.67,0,1,406.0,406.0,14.0,330.0,3731.98,7751.67
SKU0036,2024-11-18,Furniture,Tables,82,635636.94,7751.67,0,0,802.0,490.0,14.0,330.0,3731.98,7751.67
SKU0036,2024-11-25,Furniture,Tables,198,1269976.99,6521.325714285714,6,0,714.0,0.0,14.0,330.0,3731.98,7751.67
SKU0036,2024-12-02,Furniture,Tables,90,697650.3,7751.67,0,0,599.0,0.0,14.0,330.0,3731.98,7751.67
SKU0036,2024-12-09,Furniture,Tables,102,790670.3400000001,7751.67,0,0,491.0,0.0,14.0,330.0,3731.98,7751.67
SKU0036,2024-12-16,Furniture,Tables,96,744160.32,7751.67,0,0,383.0,0.0,14.0,330.0,3731.98,7751.67
SKU0036,2024-12-23,Furniture,Tables,122,945703.74,7751.67,0,1,766.0,508.0,14.0,330.0,3731.98,7751.67
SKU0036,2024-12-30,Furniture,Tables,134,1038723.78,7751.67,0,1,663.0,0.0,14.0,330.0,3731.98,7751.67
SKU0036,2025-01-06,Furniture,Tables,122,945703.74,7751.67,0,0,548.0,0.0,14.0,330.0,3731.98,7751.67
SKU0036,2025-01-13,Furniture,Tables,251,1671939.28,6810.02,5,0,421.0,0.0,14.0,330.0,3731.98,7751.67
SKU0036,2025-01-20,Furniture,Tables,223,1578502.9500000002,7224.471428571429,3,1,266.0,428.0,14.0,330.0,3731.98,7751.67
SKU0036,2025-01-27,Furniture,Tables,131,1015468.77,7751.67,0,0,73.0,622.0,14.0,330.0,3731.98,7751.67
SKU0036,2025-02-03,Furniture,Tables,133,1030972.11,7751.67,0,0,0.0,0.0,14.0,330.0,3731.98,7751.67
SKU0036,2025-02-10,Furniture,Tables,157,1217012.19,7751.67,0,0,0.0,0.0,14.0,330.0,3731.98,7751.67
SKU0036,2025-02-17,Furniture,Tables,165,1279025.55,7751.67,0,0,0.0,600.0,14.0,330.0,3731.98,7751.67
SKU0036,2025-02-24,Furniture,Tables,144,1116240.48,7751.67,0,0,473.0,473.0,14.0,330.0,3731.98,7751.67
SKU0036,2025-03-03,Furniture,Tables,144,1116240.48,7751.67,0,0,772.0,444.0,14.0,330.0,3731.98,7751.67
SKU0036,2025-03-10,Furniture,Tables,189,1465065.63,7751.67,0,0,639.0,0.0,14.0,330.0,3731.98,7751.67
SKU0036,2025-03-17,Furniture,Tables,161,1248018.87,7751.67,0,0,498.0,0.0,14.0,330.0,3731.98,7751.67
SKU0036,2025-03-24,Furniture,Tables,165,1279025.55,7751.67,0,0,365.0,0.0,14.0,330.0,3731.98,7751.67
SKU0036,2025-03-31,Furniture,Tables,163,1263522.21,7751.67,0,0,180.0,0.0,14.0,330.0,3731.98,7751.67
SKU0036,2025-04-07,Furniture,Tables,165,1279025.55,7751.67,0,0,610.0,592.0,14.0,330.0,3731.98,7751.67
SKU0036,2025-04-14,Furniture,Tables,169,1310032.23,7751.67,0,0,452.0,0.0,14.0,330.0,3731.98,7751.67
SKU0036,2025-04-21,Furniture,Tables,158,1224763.86,7751.67,0,0,290.0,605.0,14.0,330.0,3731.98,7751.67
SKU0036,2025-04-28,Furniture,Tables,142,1100737.14,7751.67,0,0,155.0,0.0,14.0,330.0,3731.98,7751.67
SKU0036,2025-05-05,Furniture,Tables,177,1372045.59,7751.67,0,0,0.0,424.0,14.0,330.0,3731.98,7751.67
SKU0036,2025-05-12,Furniture,Tables,140,1085233.8,7751.67,0,0,0.0,0.0,14.0,330.0,3731.98,7751.67
SKU0036,2025-05-19,Furniture,Tables,172,1333287.24,7751.67,0,0,0.0,418.0,14.0,330.0,3731.98,7751.67
SKU0036,2025-05-26,Furniture,Tables,173,1257548.35,7565.307142857143,1,0,0.0,0.0,14.0,330.0,3731.98,7751.67
SKU0036,2025-06-02,Furniture,Tables,283,1820337.61,6327.515714285714,7,0,0.0,0.0,14.0,330.0,3731.98,7751.67
SKU0036,2025-06-09,Furniture,Tables,156,1209260.52,7751.67,0,0,0.0,0.0,14.0,330.0,3731.98,7751.67
SKU0036,2025-06-16,Furniture,Tables,120,930200.4,7751.67,0,0,657.0,657.0,14.0,330.0,3731.98,7751.67
SKU0036,2025-06-23,Furniture,Tables,153,1186005.51,7751.67,0,0,499.0,0.0,14.0,330.0,3731.98,7751.67
SKU0036,2025-06-30,Furniture,Tables,110,852683.7000000001,7751.67,0,0,320.0,0.0,14.0,330.0,3731.98,7751.67
SKU0036,2025-07-07,Furniture,Tables,103,798422.01,7751.67,0,0,189.0,0.0,14.0,330.0,3731.98,7751.67
SKU0036,2025-07-14,Furniture,Tables,117,906945.39,7751.67,0,0,66.0,0.0,14.0,330.0,3731.98,7751.67
SKU0036,2025-07-21,Furniture,Tables,110,852683.7,7751.67,0,0,0.0,0.0,14.0,330.0,3731.98,7751.67
SKU0036,2025-07-28,Furniture,Tables,111,860435.37,7751.67,0,0,0.0,399.0,14.0,330.0,3731.98,7751.67
SKU0036,2025-08-04,Furniture,Tables,104,806173.68,7751.67,0,0,0.0,0.0,14.0,330.0,3731.98,7751.67
SKU0036,2025-08-11,Furniture,Tables,102,790670.3400000001,7751.67,0,1,0.0,611.0,14.0,330.0,3731.98,7751.67
SKU0036,2025-08-18,Furniture,Tables,95,736408.65,7751.67,0,0,0.0,509.0,14.0,330.0,3731.98,7751.67
SKU0036,2025-08-25,Furniture,Tables,82,635636.94,7751.67,0,0,0.0,0.0,14.0,330.0,3731.98,7751.67
SKU0036,2025-09-01,Furniture,Tables,70,542616.9,7751.67,0,0,0.0,490.0,14.0,330.0,3731.98,7751.67
SKU0036,2025-09-08,Furniture,Tables,71,550368.57,7751.67,0,0,0.0,586.0,14.0,330.0,3731.98,7751.67
SKU0036,2025-09-15,Furniture,Tables,74,573623.58,7751.67,0,0,0.0,0.0,14.0,330.0,3731.98,7751.67
SKU0036,2025-09-22,Furniture,Tables,68,527113.56,7751.67,0,0,0.0,0.0,14.0,330.0,3731.98,7751.67
SKU0036,2025-09-29,Furniture,Tables,71,550368.5700000001,7751.67,0,1,0.0,464.0,14.0,330.0,3731.98,7751.67
SKU0036,2025-10-06,Furniture,Tables,69,534865.23,7751.67,0,0,0.0,655.0,14.0,330.0,3731.98,7751.67
SKU0036,2025-10-13,Furniture,Tables,68,527113.56,7751.67,0,0,645.0,645.0,14.0,330.0,3731.98,7751.67
SKU0036,2025-10-20,Furniture,Tables,160,1001889.19,6241.56,7,0,564.0,0.0,14.0,330.0,3731.98,7751.67
SKU0036,2025-10-27,Furniture,Tables,134,932291.25,7211.562857142858,3,0,459.0,0.0,14.0,330.0,3731.98,7751.67
SKU0036,2025-11-03,Furniture,Tables,64,496106.88,7751.67,0,0,361.0,0.0,14.0,330.0,3731.98,7751.67
SKU0036,2025-11-10,Furniture,Tables,83,643388.61,7751.67,0,1,245.0,588.0,14.0,330.0,3731.98,7751.67
SKU0036,2025-11-17,Furniture,Tables,88,682146.96,7751.67,0,0,733.0,594.0,14.0,330.0,3731.98,7751.67
SKU0036,2025-11-24,Furniture,Tables,171,1068891.0,6350.428571428572,6,0,659.0,0.0,14.0,330.0,3731.98,7751.67
SKU0036,2025-12-01,Furniture,Tables,94,728656.98,7751.67,0,0,560.0,0.0,14.0,330.0,3731.98,7751.67
SKU0036,2025-12-08,Furniture,Tables,83,643388.6100000001,7751.67,0,0,454.0,0.0,14.0,330.0,3731.98,7751.67
SKU0036,2025-12-15,Furniture,Tables,100,775167.0,7751.67,0,0,339.0,0.0,14.0,330.0,3731.98,7751.67
SKU0036,2025-12-22,Furniture,Tables,135,1046475.45,7751.67,0,1,228.0,0.0,14.0,330.0,3731.98,7751.67
SKU0037,2025-04-21,Decor,Wall Art,205,755400.4,3684.88,0,0,,,,,1359.85,3684.88
SKU0037,2025-04-28,Decor,Wall Art,208,766455.04,3684.88,0,0,248.0,467.0,14.0,364.0,1359.85,3684.88
SKU0037,2025-05-05,Decor,Wall Art,212,781194.56,3684.88,0,0,53.0,490.0,14.0,364.0,1359.85,3684.88
SKU0037,2025-05-12,Decor,Wall Art,200,736976.0,3684.88,0,0,0.0,0.0,14.0,364.0,1359.85,3684.88
SKU0037,2025-05-19,Decor,Wall Art,124,456925.12,3684.88,0,0,0.0,681.0,14.0,364.0,1359.85,3684.88
SKU0037,2025-05-26,Decor,Wall Art,193,687647.12,3608.468571428571,1,0,0.0,692.0,14.0,364.0,1359.85,3684.88
SKU0037,2025-06-02,Decor,Wall Art,244,732729.76,3018.94,7,0,0.0,0.0,14.0,364.0,1359.85,3684.88
SKU0037,2025-06-09,Decor,Wall Art,181,666963.28,3684.88,0,0,0.0,0.0,14.0,364.0,1359.85,3684.88
SKU0037,2025-06-16,Decor,Wall Art,141,519568.08,3684.88,0,0,611.0,611.0,14.0,364.0,1359.85,3684.88
SKU0037,2025-06-23,Decor,Wall Art,172,633799.36,3684.88,0,0,421.0,0.0,14.0,364.0,1359.85,3684.88
SKU0037,2025-06-30,Decor,Wall Art,168,619059.84,3684.88,0,0,259.0,0.0,14.0,364.0,1359.85,3684.88
SKU0037,2025-07-07,Decor,Wall Art,146,537992.48,3684.88,0,0,101.0,671.0,14.0,364.0,1359.85,3684.88
SKU0037,2025-07-14,Decor,Wall Art,116,427446.08,3684.88,0,0,0.0,0.0,14.0,364.0,1359.85,3684.88
SKU0037,2025-07-21,Decor,Wall Art,116,427446.08,3684.88,0,0,0.0,568.0,14.0,364.0,1359.85,3684.88
SKU0037,2025-07-28,Decor,Wall Art,125,460610.0,3684.88,0,0,0.0,483.0,14.0,364.0,1359.85,3684.88
SKU0037,2025-08-04,Decor,Wall Art,132,486404.16,3684.88,0,0,0.0,0.0,14.0,364.0,1359.85,3684.88
SKU0037,2025-08-11,Decor,Wall Art,120,442185.6,3684.88,0,1,0.0,627.0,14.0,364.0,1359.85,3684.88
SKU0037,2025-08-18,Decor,Wall Art,132,486404.16,3684.88,0,0,0.0,0.0,14.0,364.0,1359.85,3684.88
SKU0037,2025-08-25,Decor,Wall Art,118,434815.84,3684.88,0,0,0.0,560.0,14.0,364.0,1359.85,3684.88
SKU0037,2025-09-01,Decor,Wall Art,91,335324.08,3684.88,0,0,441.0,441.0,14.0,364.0,1359.85,3684.88
SKU0037,2025-09-08,Decor,Wall Art,92,339008.96,3684.88,0,0,317.0,0.0,14.0,364.0,1359.85,3684.88
SKU0037,2025-09-15,Decor,Wall Art,98,361118.24,3684.88,0,0,230.0,555.0,14.0,364.0,1359.85,3684.88
SKU0037,2025-09-22,Decor,Wall Art,97,357433.36,3684.88,0,0,118.0,0.0,14.0,364.0,1359.85,3684.88
SKU0037,2025-09-29,Decor,Wall Art,104,383227.52,3684.88,0,1,35.0,0.0,14.0,364.0,1359.85,3684.88
SKU0037,2025-10-06,Decor,Wall Art,100,368488.0,3684.88,0,0,0.0,720.0,14.0,364.0,1359.85,3684.88
SKU0037,2025-10-13,Decor,Wall Art,96,353748.48,3684.88,0,0,551.0,551.0,14.0,364.0,1359.85,3684.88
SKU0037,2025-10-20,Decor,Wall Art,172,521324.71,3053.0457142857144,7,0,451.0,0.0,14.0,364.0,1359.85,3684.88
SKU0037,2025-10-27,Decor,Wall Art,122,422515.21,3452.4814285714283,3,0,860.0,535.0,14.0,364.0,1359.85,3684.88
SKU0037,2025-11-03,Decor,Wall Art,115,423761.2,3684.88,0,0,732.0,0.0,14.0,364.0,1359.85,3684.88
SKU0037,2025-11-10,Decor,Wall Art,127,467979.76,3684.88,0,1,618.0,0.0,14.0,364.0,1359.85,3684.88
SKU0037,2025-11-17,Decor,Wall Art,124,456925.12,3684.88,0,0,477.0,0.0,14.0,364.0,1359.85,3684.88
SKU0037,2025-11-24,Decor,Wall Art,207,632296.69,3085.002857142857,6,0,367.0,0.0,14.0,364.0,1359.85,3684.88
SKU0037,2025-12-01,Decor,Wall Art,114,420076.32,3684.88,0,0,754.0,520.0,14.0,364.0,1359.85,3684.88
SKU0037,2025-12-08,Decor,Wall Art,134,493773.92,3684.88,0,0,627.0,0.0,14.0,364.0,1359.85,3684.88
SKU0037,2025-12-15,Decor,Wall Art,125,460610.0,3684.88,0,0,491.0,0.0,14.0,364.0,1359.85,3684.88
SKU0037,2025-12-22,Decor,Wall Art,144,530622.72,3684.88,0,1,371.0,0.0,14.0,364.0,1359.85,3684.88
SKU0038,2024-02-19,Decor,Lighting,452,778728.2,1722.85,0,0,,,,,819.26,1722.85
SKU0038,2024-02-26,Decor,Lighting,776,1336931.6,1722.85,0,0,4773.0,3320.0,14.0,1755.0,819.26,1722.85
SKU0038,2024-03-04,Decor,Lighting,806,1388617.1,1722.85,0,0,4019.0,0.0,14.0,1755.0,819.26,1722.85
SKU0038,2024-03-11,Decor,Lighting,776,1336931.6,1722.85,0,0,3212.0,0.0,14.0,1755.0,819.26,1722.85
SKU0038,2024-03-18,Decor,Lighting,797,1373111.45,1722.85,0,0,2531.0,0.0,14.0,1755.0,819.26,1722.85
SKU0038,2024-03-25,Decor,Lighting,860,1481651.0,1722.85,0,0,1688.0,0.0,14.0,1755.0,819.26,1722.85
SKU0038,2024-04-01,Decor,Lighting,833,1435134.0499999998,1722.85,0,0,810.0,2756.0,14.0,1755.0,819.26,1722.85
SKU0038,2024-04-08,Decor,Lighting,850,1464422.5,1722.85,0,0,0.0,2910.0,14.0,1755.0,819.26,1722.85
SKU0038,2024-04-15,Decor,Lighting,994,1712512.9,1722.85,0,0,0.0,0.0,14.0,1755.0,819.26,1722.85
SKU0038,2024-04-22,Decor,Lighting,824,1419628.4,1722.85,0,0,0.0,2160.0,14.0,1755.0,819.26,1722.85
SKU0038,2024-04-29,Decor,Lighting,874,1505770.9,1722.85,0,0,0.0,3109.0,14.0,1755.0,819.26,1722.85
SKU0038,2024-05-06,Decor,Lighting,914,1574684.9,1722.85,0,0,0.0,2129.0,14.0,1755.0,819.26,1722.85
SKU0038,2024-05-13,Decor,Lighting,847,1459253.95,1722.85,0,0,0.0,0.0,14.0,1755.0,819.26,1722.85
SKU0038,2024-05-20,Decor,Lighting,812,1398954.2,1722.85,0,0,0.0,0.0,14.0,1755.0,819.26,1722.85
SKU0038,2024-05-27,Decor,Lighting,964,1589505.4,1665.5128571428572,2,0,0.0,2291.0,14.0,1755.0,819.26,1722.85
SKU0038,2024-06-03,Decor,Lighting,1063,1556805.4,1481.0585714285714,6,0,0.0,2331.0,14.0,1755.0,819.26,1722.85
SKU0038,2024-06-10,Decor,Lighting,844,1454085.4,1722.85,0,0,0.0,2765.0,14.0,1755.0,819.26,1722.85
SKU0038,2024-06-17,Decor,Lighting,638,1099178.3,1722.85,0,0,0.0,0.0,14.0,1755.0,819.26,1722.85
SKU0038,2024-06-24,Decor,Lighting,623,1073335.5499999998,1722.85,0,0,0.0,2941.0,14.0,1755.0,819.26,1722.85
SKU0038,2024-07-01,Decor,Lighting,709,1221500.65,1722.85,0,0,0.0,0.0,14.0,1755.0,819.26,1722.85
SKU0038,2024-07-08,Decor,Lighting,580,999253.0,1722.85,0,0,0.0,3384.0,14.0,1755.0,819.26,1722.85
SKU0038,2024-07-15,Decor,Lighting,568,978578.8,1722.85,0,0,0.0,0.0,14.0,1755.0,819.26,1722.85
SKU0038,2024-07-22,Decor,Lighting,681,1173260.85,1722.85,0,0,3238.0,3238.0,14.0,1755.0,819.26,1722.85
SKU0038,2024-07-29,Decor,Lighting,571,983747.35,1722.85,0,0,2680.0,0.0,14.0,1755.0,819.26,1722.85
SKU0038,2024-08-05,Decor,Lighting,561,966518.85,1722.85,0,0,2090.0,0.0,14.0,1755.0,819.26,1722.85
SKU0038,2024-08-12,Decor,Lighting,490,844196.5,1722.85,0,1,1421.0,0.0,14.0,1755.0,819.26,1722.85
SKU0038,2024-08-19,Decor,Lighting,454,782173.8999999999,1722.85,0,0,930.0,0.0,14.0,1755.0,819.26,1722.85
SKU0038,2024-08-26,Decor,Lighting,467,804570.95,1722.85,0,0,448.0,3071.0,14.0,1755.0,819.26,1722.85
SKU0038,2024-09-02,Decor,Lighting,435,749439.75,1722.85,0,0,0.0,0.0,14.0,1755.0,819.26,1722.85
SKU0038,2024-09-09,Decor,Lighting,417,718428.45,1722.85,0,0,0.0,2716.0,14.0,1755.0,819.26,1722.85
SKU0038,2024-09-16,Decor,Lighting,477,821799.45,1722.85,0,0,0.0,0.0,14.0,1755.0,819.26,1722.85
SKU0038,2024-09-23,Decor,Lighting,523,901050.55,1722.85,0,0,0.0,3114.0,14.0,1755.0,819.26,1722.85
SKU0038,2024-09-30,Decor,Lighting,421,725319.85,1722.85,0,1,2489.0,2489.0,14.0,1755.0,819.26,1722.85
SKU0038,2024-10-07,Decor,Lighting,492,847642.2,1722.85,0,0,2098.0,0.0,14.0,1755.0,819.26,1722.85
SKU0038,2024-10-14,Decor,Lighting,479,786242.75,1676.4185714285716,1,0,1656.0,0.0,14.0,1755.0,819.26,1722.85
SKU0038,2024-10-21,Decor,Lighting,791,1156624.17,1466.195714285714,7,0,1165.0,0.0,14.0,1755.0,819.26,1722.85
SKU0038,2024-10-28,Decor,Lighting,518,839366.02,1652.7771428571427,2,0,544.0,3203.0,14.0,1755.0,819.26,1722.85
SKU0038,2024-11-04,Decor,Lighting,447,770113.95,1722.85,0,0,0.0,3447.0,14.0,1755.0,819.26,1722.85
SKU0038,2024-11-11,Decor,Lighting,536,923447.6,1722.85,0,1,2118.0,2118.0,14.0,1755.0,819.26,1722.85
SKU0038,2024-11-18,Decor,Lighting,602,1037155.7,1722.85,0,0,1558.0,0.0,14.0,1755.0,819.26,1722.85
SKU0038,2024-11-25,Decor,Lighting,902,1262985.6,1424.0442857142857,6,0,1059.0,0.0,14.0,1755.0,819.26,1722.85
SKU0038,2024-12-02,Decor,Lighting,642,1106069.7,1722.85,0,0,364.0,2554.0,14.0,1755.0,819.26,1722.85
SKU0038,2024-12-09,Decor,Lighting,636,1095732.6,1722.85,0,0,0.0,0.0,14.0,1755.0,819.26,1722.85
SKU0038,2024-12-16,Decor,Lighting,614,1057829.9,1722.85,0,0,0.0,3467.0,14.0,1755.0,819.26,1722.85
SKU0038,2024-12-23,Decor,Lighting,632,1088841.2,1722.85,0,1,0.0,0.0,14.0,1755.0,819.26,1722.85
SKU0038,2024-12-30,Decor,Lighting,540,930339.0,1722.85,0,1,0.0,3171.0,14.0,1755.0,819.26,1722.85
SKU0038,2025-01-06,Decor,Lighting,690,1188766.5,1722.85,0,0,0.0,0.0,14.0,1755.0,819.26,1722.85
SKU0038,2025-01-13,Decor,Lighting,1113,1594090.87,1481.2942857142857,5,0,0.0,2974.0,14.0,1755.0,819.26,1722.85
SKU0038,2025-01-20,Decor,Lighting,1049,1595607.87,1557.9314285714286,3,1,0.0,0.0,14.0,1755.0,819.26,1722.85
SKU0038,2025-01-27,Decor,Lighting,736,1268017.6,1722.85,0,0,0.0,2389.0,14.0,1755.0,819.26,1722.85
SKU0038,2025-02-03,Decor,Lighting,821,1414459.85,1722.85,0,0,0.0,2175.0,14.0,1755.0,819.26,1722.85
SKU0038,2025-02-10,Decor,Lighting,870,1498879.5,1722.85,0,0,0.0,3250.0,14.0,1755.0,819.26,1722.85
SKU0038,2025-02-17,Decor,Lighting,760,1309366.0,1722.85,0,0,0.0,0.0,14.0,1755.0,819.26,1722.85
SKU0038,2025-02-24,Decor,Lighting,858,1478205.2999999998,1722.85,0,0,0.0,0.0,14.0,1755.0,819.26,1722.85
SKU0038,2025-03-03,Decor,Lighting,818,1409291.2999999998,1722.85,0,0,3306.0,3306.0,14.0,1755.0,819.26,1722.85
SKU0038,2025-03-10,Decor,Lighting,765,1317980.25,1722.85,0,0,2463.0,0.0,14.0,1755.0,819.26,1722.85
SKU0038,2025-03-17,Decor,Lighting,837,1442025.45,1722.85,0,0,1679.0,0.0,14.0,1755.0,819.26,1722.85
SKU0038,2025-03-24,Decor,Lighting,859,1479928.15,1722.85,0,0,3387.0,2461.0,14.0,1755.0,819.26,1722.85
SKU0038,2025-03-31,Decor,Lighting,865,1490265.25,1722.85,0,0,2539.0,0.0,14.0,1755.0,819.26,1722.85
SKU0038,2025-04-07,Decor,Lighting,917,1579853.45,1722.85,0,0,1692.0,3186.0,14.0,1755.0,819.26,1722.85
SKU0038,2025-04-14,Decor,Lighting,837,1442025.45,1722.85,0,0,813.0,0.0,14.0,1755.0,819.26,1722.85
SKU0038,2025-04-21,Decor,Lighting,831,1431688.35,1722.85,0,0,34.0,0.0,14.0,1755.0,819.26,1722.85
SKU0038,2025-04-28,Decor,Lighting,801,1380002.85,1722.85,0,0,0.0,2755.0,14.0,1755.0,819.26,1722.85
SKU0038,2025-05-05,Decor,Lighting,994,1712512.9,1722.85,0,0,0.0,0.0,14.0,1755.0,819.26,1722.85
SKU0038,2025-05-12,Decor,Lighting,824,1419628.4,1722.85,0,0,0.0,0.0,14.0,1755.0,819.26,1722.85
SKU0038,2025-05-19,Decor,Lighting,721,1242174.85,1722.85,0,0,3326.0,3326.0,14.0,1755.0,819.26,1722.85
SKU0038,2025-05-26,Decor,Lighting,926,1506626.87,1664.9685714285713,1,0,2410.0,0.0,14.0,1755.0,819.26,1722.85
SKU0038,2025-06-02,Decor,Lighting,1344,1999547.48,1477.0414285714287,7,0,3977.0,2362.0,14.0,1755.0,819.26,1722.85
SKU0038,2025-06-09,Decor,Lighting,715,1231837.75,1722.85,0,0,2887.0,0.0,14.0,1755.0,819.26,1722.85
SKU0038,2025-06-16,Decor,Lighting,620,1068167.0,1722.85,0,0,1841.0,0.0,14.0,1755.0,819.26,1722.85
SKU0038,2025-06-23,Decor,Lighting,699,1204272.15,1722.85,0,0,927.0,0.0,14.0,1755.0,819.26,1722.85
SKU0038,2025-06-30,Decor,Lighting,774,1333485.9,1722.85,0,0,2725.0,2543.0,14.0,1755.0,819.26,1722.85
SKU0038,2025-07-07,Decor,Lighting,585,1007867.25,1722.85,0,0,1972.0,0.0,14.0,1755.0,819.26,1722.85
SKU0038,2025-07-14,Decor,Lighting,549,945844.65,1722.85,0,0,1292.0,0.0,14.0,1755.0,819.26,1722.85
SKU0038,2025-07-21,Decor,Lighting,518,892436.2999999999,1722.85,0,0,3919.0,3188.0,14.0,1755.0,819.26,1722.85
SKU0038,2025-07-28,Decor,Lighting,563,969964.55,1722.85,0,0,3282.0,0.0,14.0,1755.0,819.26,1722.85
SKU0038,2025-08-04,Decor,Lighting,499,859702.1499999999,1722.85,0,0,2762.0,0.0,14.0,1755.0,819.26,1722.85
SKU0038,2025-08-11,Decor,Lighting,541,932061.85,1722.85,0,1,2232.0,0.0,14.0,1755.0,819.26,1722.85
SKU0038,2025-08-18,Decor,Lighting,465,801125.25,1722.85,0,0,1769.0,0.0,14.0,1755.0,819.26,1722.85
SKU0038,2025-08-25,Decor,Lighting,503,866593.55,1722.85,0,0,1197.0,0.0,14.0,1755.0,819.26,1722.85
SKU0038,2025-09-01,Decor,Lighting,416,716705.6,1722.85,0,0,683.0,0.0,14.0,1755.0,819.26,1722.85
SKU0038,2025-09-08,Decor,Lighting,473,814908.0499999999,1722.85,0,0,214.0,0.0,14.0,1755.0,819.26,1722.85
SKU0038,2025-09-15,Decor,Lighting,451,777005.35,1722.85,0,0,0.0,2771.0,14.0,1755.0,819.26,1722.85
SKU0038,2025-09-22,Decor,Lighting,378,651237.2999999999,1722.85,0,0,2428.0,2428.0,14.0,1755.0,819.26,1722.85
SKU0038,2025-09-29,Decor,Lighting,405,697754.25,1722.85,0,1,1983.0,0.0,14.0,1755.0,819.26,1722.85
SKU0038,2025-10-06,Decor,Lighting,357,615057.45,1722.85,0,0,3722.0,2214.0,14.0,1755.0,819.26,1722.85
SKU0038,2025-10-13,Decor,Lighting,440,758054.0,1722.85,0,0,3329.0,0.0,14.0,1755.0,819.26,1722.85
SKU0038,2025-10-20,Decor,Lighting,685,974924.38,1419.0085714285713,7,0,2922.0,0.0,14.0,1755.0,819.26,1722.85
SKU0038,2025-10-27,Decor,Lighting,513,818102.14,1605.9428571428568,3,0,2520.0,0.0,14.0,1755.0,819.26,1722.85
SKU0038,2025-11-03,Decor,Lighting,479,825245.1499999999,1722.85,0,0,1978.0,0.0,14.0,1755.0,819.26,1722.85
SKU0038,2025-11-10,Decor,Lighting,467,804570.95,1722.85,0,1,1479.0,0.0,14.0,1755.0,819.26,1722.85
SKU0038,2025-11-17,Decor,Lighting,455,783896.75,1722.85,0,0,1005.0,3500.0,14.0,1755.0,819.26,1722.85
SKU0038,2025-11-24,Decor,Lighting,854,1201185.47,1435.188571428571,6,0,524.0,2827.0,14.0,1755.0,819.26,1722.85
SKU0038,2025-12-01,Decor,Lighting,511,880376.35,1722.85,0,0,31.0,0.0,14.0,1755.0,819.26,1722.85
SKU0038,2025-12-08,Decor,Lighting,547,942398.95,1722.85,0,0,0.0,0.0,14.0,1755.0,819.26,1722.85
SKU0038,2025-12-15,Decor,Lighting,645,1111238.25,1722.85,0,0,0.0,0.0,14.0,1755.0,819.26,1722.85
SKU0038,2025-12-22,Decor,Lighting,562,968241.7,1722.85,0,1,0.0,0.0,14.0,1755.0,819.26,1722.85
SKU0039,2025-02-03,Small Appliances,Cleaning,191,985164.63,5157.93,0,0,,,,,2029.31,5157.93
SKU0039,2025-02-10,Small Appliances,Cleaning,325,1676327.2500000002,5157.93,0,0,353.0,988.0,10.0,509.0,2029.31,5157.93
SKU0039,2025-02-17,Small Appliances,Cleaning,307,1583484.5100000002,5157.93,0,0,4.0,0.0,10.0,509.0,2029.31,5157.93
SKU0039,2025-02-24,Small Appliances,Cleaning,315,1624747.9500000002,5157.93,0,0,0.0,0.0,10.0,509.0,2029.31,5157.93
SKU0039,2025-03-03,Small Appliances,Cleaning,341,1758854.13,5157.93,0,0,0.0,0.0,10.0,509.0,2029.31,5157.93
SKU0039,2025-03-10,Small Appliances,Cleaning,384,1980645.12,5157.93,0,0,0.0,0.0,10.0,509.0,2029.31,5157.93
SKU0039,2025-03-17,Small Appliances,Cleaning,347,1789801.71,5157.93,0,0,0.0,877.0,10.0,509.0,2029.31,5157.93
SKU0039,2025-03-24,Small Appliances,Cleaning,373,1923907.89,5157.93,0,0,0.0,876.0,10.0,509.0,2029.31,5157.93
SKU0039,2025-03-31,Small Appliances,Cleaning,333,1717590.69,5157.93,0,0,0.0,0.0,10.0,509.0,2029.31,5157.93
SKU0039,2025-04-07,Small Appliances,Cleaning,321,1655695.53,5157.93,0,0,0.0,787.0,10.0,509.0,2029.31,5157.93
SKU0039,2025-04-14,Small Appliances,Cleaning,302,1557694.86,5157.93,0,0,0.0,0.0,10.0,509.0,2029.31,5157.93
SKU0039,2025-04-21,Small Appliances,Cleaning,303,1562852.79,5157.93,0,0,0.0,966.0,10.0,509.0,2029.31,5157.93
SKU0039,2025-04-28,Small Appliances,Cleaning,353,1820749.29,5157.93,0,0,0.0,873.0,10.0,509.0,2029.31,5157.93
SKU0039,2025-05-05,Small Appliances,Cleaning,303,1562852.79,5157.93,0,0,0.0,645.0,10.0,509.0,2029.31,5157.93
SKU0039,2025-05-12,Small Appliances,Cleaning,292,1506115.56,5157.93,0,0,0.0,973.0,10.0,509.0,2029.31,5157.93
SKU0039,2025-05-19,Small Appliances,Cleaning,335,1727906.5500000005,5157.93,0,0,671.0,671.0,10.0,509.0,2029.31,5157.93
SKU0039,2025-05-26,Small Appliances,Cleaning,375,1852074.51,5058.475714285714,1,0,309.0,0.0,10.0,509.0,2029.31,5157.93
SKU0039,2025-06-02,Small Appliances,Cleaning,505,2146503.64,4271.581428571429,7,0,894.0,894.0,10.0,509.0,2029.31,5157.93
SKU0039,2025-06-09,Small Appliances,Cleaning,298,1537063.14,5157.93,0,0,566.0,0.0,10.0,509.0,2029.31,5157.93
SKU0039,2025-06-16,Small Appliances,Cleaning,275,1418430.75,5157.93,0,0,223.0,0.0,10.0,509.0,2029.31,5157.93
SKU0039,2025-06-23,Small Appliances,Cleaning,273,1408114.89,5157.93,0,0,0.0,0.0,10.0,509.0,2029.31,5157.93
SKU0039,2025-06-30,Small Appliances,Cleaning,237,1222429.41,5157.93,0,0,0.0,761.0,10.0,509.0,2029.31,5157.93
SKU0039,2025-07-07,Small Appliances,Cleaning,234,1206955.62,5157.93,0,0,0.0,975.0,10.0,509.0,2029.31,5157.93
SKU0039,2025-07-14,Small Appliances,Cleaning,241,1243061.13,5157.93,0,0,0.0,0.0,10.0,509.0,2029.31,5157.93
SKU0039,2025-07-21,Small Appliances,Cleaning,267,1377167.31,5157.93,0,0,837.0,837.0,10.0,509.0,2029.31,5157.93
SKU0039,2025-07-28,Small Appliances,Cleaning,221,1139902.53,5157.93,0,0,580.0,0.0,10.0,509.0,2029.31,5157.93
SKU0039,2025-08-04,Small Appliances,Cleaning,192,990322.56,5157.93,0,0,316.0,0.0,10.0,509.0,2029.31,5157.93
SKU0039,2025-08-11,Small Appliances,Cleaning,209,1078007.37,5157.93,0,1,107.0,904.0,10.0,509.0,2029.31,5157.93
SKU0039,2025-08-18,Small Appliances,Cleaning,195,1005796.35,5157.93,0,0,0.0,954.0,10.0,509.0,2029.31,5157.93
SKU0039,2025-08-25,Small Appliances,Cleaning,184,949059.12,5157.93,0,0,0.0,732.0,10.0,509.0,2029.31,5157.93
SKU0039,2025-09-01,Small Appliances,Cleaning,199,1026428.07,5157.93,0,0,0.0,977.0,10.0,509.0,2029.31,5157.93
SKU0039,2025-09-08,Small Appliances,Cleaning,130,670530.9,5157.93,0,0,0.0,793.0,10.0,509.0,2029.31,5157.93
SKU0039,2025-09-15,Small Appliances,Cleaning,163,840742.59,5157.93,0,0,624.0,624.0,10.0,509.0,2029.31,5157.93
SKU0039,2025-09-22,Small Appliances,Cleaning,211,1088323.23,5157.93,0,0,1169.0,726.0,10.0,509.0,2029.31,5157.93
SKU0039,2025-09-29,Small Appliances,Cleaning,164,845900.52,5157.93,0,1,1012.0,0.0,10.0,509.0,2029.31,5157.93
SKU0039,2025-10-06,Small Appliances,Cleaning,174,897479.8200000001,5157.93,0,0,862.0,0.0,10.0,509.0,2029.31,5157.93
SKU0039,2025-10-13,Small Appliances,Cleaning,219,1129586.6700000002,5157.93,0,0,692.0,0.0,10.0,509.0,2029.31,5157.93
SKU0039,2025-10-20,Small Appliances,Cleaning,343,1429880.32,4208.871428571429,7,0,520.0,0.0,10.0,509.0,2029.31,5157.93
SKU0039,2025-10-27,Small Appliances,Cleaning,276,1305867.43,4795.824285714286,3,0,306.0,0.0,10.0,509.0,2029.31,5157.93
SKU0039,2025-11-03,Small Appliances,Cleaning,204,1052217.72,5157.93,0,0,95.0,0.0,10.0,509.0,2029.31,5157.93
SKU0039,2025-11-10,Small Appliances,Cleaning,251,1294640.43,5157.93,0,1,0.0,0.0,10.0,509.0,2029.31,5157.93
SKU0039,2025-11-17,Small Appliances,Cleaning,251,1294640.4300000002,5157.93,0,0,0.0,0.0,10.0,509.0,2029.31,5157.93
SKU0039,2025-11-24,Small Appliances,Cleaning,331,1483246.56,4493.012857142857,6,0,0.0,743.0,10.0,509.0,2029.31,5157.93
SKU0039,2025-12-01,Small Appliances,Cleaning,231,1191481.83,5157.93,0,0,0.0,776.0,10.0,509.0,2029.31,5157.93
SKU0039,2025-12-08,Small Appliances,Cleaning,239,1232745.27,5157.93,0,0,0.0,688.0,10.0,509.0,2029.31,5157.93
SKU0039,2025-12-15,Small Appliances,Cleaning,251,1294640.4300000002,5157.93,0,0,0.0,0.0,10.0,509.0,2029.31,5157.93
SKU0039,2025-12-22,Small Appliances,Cleaning,294,1516431.4200000002,5157.93,0,1,758.0,758.0,10.0,509.0,2029.31,5157.93
SKU0040,2025-01-27,Small Appliances,Kitchen,15,38948.25,2596.55,0,0,,,,,1160.77,2596.55
SKU0040,2025-02-03,Small Appliances,Kitchen,74,192144.7,2596.55,0,0,397.0,268.0,14.0,175.0,1160.77,2596.55
SKU0040,2025-02-10,Small Appliances,Kitchen,93,241479.15,2596.55,0,0,325.0,0.0,14.0,175.0,1160.77,2596.55
SKU0040,2025-02-17,Small Appliances,Kitchen,84,218110.2,2596.55,0,0,231.0,0.0,14.0,175.0,1160.77,2596.55
SKU0040,2025-02-24,Small Appliances,Kitchen,85,220706.75,2596.55,0,0,159.0,0.0,14.0,175.0,1160.77,2596.55
SKU0040,2025-03-03,Small Appliances,Kitchen,97,251865.35000000003,2596.55,0,0,416.0,329.0,14.0,175.0,1160.77,2596.55
SKU0040,2025-03-10,Small Appliances,Kitchen,68,176565.40000000002,2596.55,0,0,338.0,0.0,14.0,175.0,1160.77,2596.55
SKU0040,2025-03-17,Small Appliances,Kitchen,89,231092.95,2596.55,0,0,260.0,0.0,14.0,175.0,1160.77,2596.55
SKU0040,2025-03-24,Small Appliances,Kitchen,93,241479.15,2596.55,0,0,165.0,256.0,14.0,175.0,1160.77,2596.55
SKU0040,2025-03-31,Small Appliances,Kitchen,93,241479.15,2596.55,0,0,81.0,217.0,14.0,175.0,1160.77,2596.55
SKU0040,2025-04-07,Small Appliances,Kitchen,85,220706.75,2596.55,0,0,0.0,273.0,14.0,175.0,1160.77,2596.55
SKU0040,2025-04-14,Small Appliances,Kitchen,87,225899.85,2596.55,0,0,0.0,280.0,14.0,175.0,1160.77,2596.55
SKU0040,2025-04-21,Small Appliances,Kitchen,91,236286.05,2596.55,0,0,0.0,212.0,14.0,175.0,1160.77,2596.55
SKU0040,2025-04-28,Small Appliances,Kitchen,92,238882.6,2596.55,0,0,0.0,0.0,14.0,175.0,1160.77,2596.55
SKU0040,2025-05-05,Small Appliances,Kitchen,93,241479.15,2596.55,0,0,0.0,0.0,14.0,175.0,1160.77,2596.55
SKU0040,2025-05-12,Small Appliances,Kitchen,88,228496.4,2596.55,0,0,287.0,287.0,14.0,175.0,1160.77,2596.55
SKU0040,2025-05-19,Small Appliances,Kitchen,86,223303.3,2596.55,0,0,199.0,0.0,14.0,175.0,1160.77,2596.55
SKU0040,2025-05-26,Small Appliances,Kitchen,76,191791.64,2530.524285714286,1,0,116.0,249.0,14.0,175.0,1160.77,2596.55
SKU0040,2025-06-02,Small Appliances,Kitchen,152,320107.04,2098.3614285714284,7,0,279.0,253.0,14.0,175.0,1160.77,2596.55
SKU0040,2025-06-09,Small Appliances,Kitchen,71,184355.05,2596.55,0,0,171.0,242.0,14.0,175.0,1160.77,2596.55
SKU0040,2025-06-16,Small Appliances,Kitchen,72,186951.6,2596.55,0,0,75.0,0.0,14.0,175.0,1160.77,2596.55
SKU0040,2025-06-23,Small Appliances,Kitchen,61,158389.55000000002,2596.55,0,0,0.0,0.0,14.0,175.0,1160.77,2596.55
SKU0040,2025-06-30,Small Appliances,Kitchen,65,168775.75,2596.55,0,0,294.0,294.0,14.0,175.0,1160.77,2596.55
SKU0040,2025-07-07,Small Appliances,Kitchen,61,158389.55000000002,2596.55,0,0,220.0,0.0,14.0,175.0,1160.77,2596.55
SKU0040,2025-07-14,Small Appliances,Kitchen,61,158389.55000000002,2596.55,0,0,165.0,0.0,14.0,175.0,1160.77,2596.55
SKU0040,2025-07-21,Small Appliances,Kitchen,57,148003.35,2596.55,0,0,101.0,281.0,14.0,175.0,1160.77,2596.55
SKU0040,2025-07-28,Small Appliances,Kitchen,40,103862.0,2596.55,0,0,296.0,260.0,14.0,175.0,1160.77,2596.55
SKU0040,2025-08-04,Small Appliances,Kitchen,59,153196.45,2596.55,0,0,239.0,0.0,14.0,175.0,1160.77,2596.55
SKU0040,2025-08-11,Small Appliances,Kitchen,51,132424.05000000002,2596.55,0,1,186.0,0.0,14.0,175.0,1160.77,2596.55
SKU0040,2025-08-18,Small Appliances,Kitchen,56,145406.80000000002,2596.55,0,0,130.0,315.0,14.0,175.0,1160.77,2596.55
SKU0040,2025-08-25,Small Appliances,Kitchen,40,103862.0,2596.55,0,0,72.0,309.0,14.0,175.0,1160.77,2596.55
SKU0040,2025-09-01,Small Appliances,Kitchen,34,88282.70000000001,2596.55,0,0,22.0,0.0,14.0,175.0,1160.77,2596.55
SKU0040,2025-09-08,Small Appliances,Kitchen,35,90879.25,2596.55,0,0,322.0,322.0,14.0,175.0,1160.77,2596.55
SKU0040,2025-09-15,Small Appliances,Kitchen,38,98668.9,2596.55,0,0,275.0,0.0,14.0,175.0,1160.77,2596.55
SKU0040,2025-09-22,Small Appliances,Kitchen,55,142810.25,2596.55,0,0,241.0,0.0,14.0,175.0,1160.77,2596.55
SKU0040,2025-09-29,Small Appliances,Kitchen,27,70106.85,2596.55,0,1,196.0,0.0,14.0,175.0,1160.77,2596.55
SKU0040,2025-10-06,Small Appliances,Kitchen,24,62317.2,2596.55,0,0,163.0,343.0,14.0,175.0,1160.77,2596.55
SKU0040,2025-10-13,Small Appliances,Kitchen,35,90879.25,2596.55,0,0,123.0,327.0,14.0,175.0,1160.77,2596.55
SKU0040,2025-10-20,Small Appliances,Kitchen,71,160531.54,2265.7542857142857,7,0,331.0,239.0,14.0,175.0,1160.77,2596.55
SKU0040,2025-10-27,Small Appliances,Kitchen,75,171607.24,2370.344285714286,3,0,288.0,0.0,14.0,175.0,1160.77,2596.55
SKU0040,2025-11-03,Small Appliances,Kitchen,51,132424.05000000002,2596.55,0,0,236.0,0.0,14.0,175.0,1160.77,2596.55
SKU0040,2025-11-10,Small Appliances,Kitchen,36,93475.8,2596.55,0,1,174.0,0.0,14.0,175.0,1160.77,2596.55
SKU0040,2025-11-17,Small Appliances,Kitchen,55,142810.25,2596.55,0,0,111.0,0.0,14.0,175.0,1160.77,2596.55
SKU0040,2025-11-24,Small Appliances,Kitchen,86,183662.94,2190.842857142857,6,0,65.0,0.0,14.0,175.0,1160.77,2596.55
SKU0040,2025-12-01,Small Appliances,Kitchen,53,137617.15000000002,2596.55,0,0,4.0,329.0,14.0,175.0,1160.77,2596.55
SKU0040,2025-12-08,Small Appliances,Kitchen,63,163582.65000000002,2596.55,0,0,0.0,0.0,14.0,175.0,1160.77,2596.55
SKU0040,2025-12-15,Small Appliances,Kitchen,62,160986.1,2596.55,0,0,0.0,0.0,14.0,175.0,1160.77,2596.55
SKU0040,2025-12-22,Small Appliances,Kitchen,49,127230.95,2596.55,0,1,0.0,0.0,14.0,175.0,1160.77,2596.55
SKU0041,2024-07-22,Decor,Wall Art,69,245366.76,3556.04,0,0,,,,,1684.48,3556.04
SKU0041,2024-07-29,Decor,Wall Art,126,448061.04,3556.04,0,0,172.0,0.0,14.0,397.0,1684.48,3556.04
SKU0041,2024-08-05,Decor,Wall Art,120,426724.8,3556.04,0,0,653.0,592.0,14.0,397.0,1684.48,3556.04
SKU0041,2024-08-12,Decor,Wall Art,122,433836.88,3556.04,0,1,547.0,0.0,14.0,397.0,1684.48,3556.04
SKU0041,2024-08-19,Decor,Wall Art,111,394720.44,3556.04,0,0,442.0,0.0,14.0,397.0,1684.48,3556.04
SKU0041,2024-08-26,Decor,Wall Art,110,391164.4,3556.04,0,0,328.0,717.0,14.0,397.0,1684.48,3556.04
SKU0041,2024-09-02,Decor,Wall Art,119,423168.76,3556.04,0,0,211.0,747.0,14.0,397.0,1684.48,3556.04
SKU0041,2024-09-09,Decor,Wall Art,104,369828.16,3556.04,0,0,105.0,0.0,14.0,397.0,1684.48,3556.04
SKU0041,2024-09-16,Decor,Wall Art,108,384052.32,3556.04,0,0,637.0,626.0,14.0,397.0,1684.48,3556.04
SKU0041,2024-09-23,Decor,Wall Art,76,270259.04,3556.04,0,0,548.0,0.0,14.0,397.0,1684.48,3556.04
SKU0041,2024-09-30,Decor,Wall Art,103,366272.12,3556.04,0,1,451.0,0.0,14.0,397.0,1684.48,3556.04
SKU0041,2024-10-07,Decor,Wall Art,101,359160.04,3556.04,0,0,343.0,600.0,14.0,397.0,1684.48,3556.04
SKU0041,2024-10-14,Decor,Wall Art,144,469588.32,3429.6071428571427,1,0,235.0,558.0,14.0,397.0,1684.48,3556.04
SKU0041,2024-10-21,Decor,Wall Art,247,708228.96,2878.4542857142856,7,0,119.0,0.0,14.0,397.0,1684.48,3556.04
SKU0041,2024-10-28,Decor,Wall Art,143,453255.97,3344.192857142857,2,0,665.0,665.0,14.0,397.0,1684.48,3556.04
SKU0041,2024-11-04,Decor,Wall Art,103,366272.12,3556.04,0,0,489.0,0.0,14.0,397.0,1684.48,3556.04
SKU0041,2024-11-11,Decor,Wall Art,119,423168.76,3556.04,0,1,324.0,609.0,14.0,397.0,1684.48,3556.04
SKU0041,2024-11-18,Decor,Wall Art,129,458729.16,3556.04,0,0,174.0,0.0,14.0,397.0,1684.48,3556.04
SKU0041,2024-11-25,Decor,Wall Art,230,688467.62,3034.5800000000004,6,0,33.0,592.0,14.0,397.0,1684.48,3556.04
SKU0041,2024-12-02,Decor,Wall Art,129,458729.16,3556.04,0,0,0.0,541.0,14.0,397.0,1684.48,3556.04
SKU0041,2024-12-09,Decor,Wall Art,133,472953.32,3556.04,0,0,0.0,485.0,14.0,397.0,1684.48,3556.04
SKU0041,2024-12-16,Decor,Wall Art,142,504957.68,3556.04,0,0,0.0,556.0,14.0,397.0,1684.48,3556.04
SKU0041,2024-12-23,Decor,Wall Art,151,536962.04,3556.04,0,1,676.0,676.0,14.0,397.0,1684.48,3556.04
SKU0041,2024-12-30,Decor,Wall Art,154,547630.16,3556.04,0,1,557.0,0.0,14.0,397.0,1684.48,3556.04
SKU0041,2025-01-06,Decor,Wall Art,157,558298.28,3556.04,0,0,406.0,0.0,14.0,397.0,1684.48,3556.04
SKU0041,2025-01-13,Decor,Wall Art,287,874066.5900000001,3140.2485714285717,5,0,265.0,533.0,14.0,397.0,1684.48,3556.04
SKU0041,2025-01-20,Decor,Wall Art,293,958834.19,3342.2771428571427,3,1,794.0,705.0,14.0,397.0,1684.48,3556.04
SKU0041,2025-01-27,Decor,Wall Art,171,608082.84,3556.04,0,0,557.0,0.0,14.0,397.0,1684.48,3556.04
SKU0041,2025-02-03,Decor,Wall Art,183,650755.32,3556.04,0,0,353.0,0.0,14.0,397.0,1684.48,3556.04
SKU0041,2025-02-10,Decor,Wall Art,177,629419.08,3556.04,0,0,134.0,770.0,14.0,397.0,1684.48,3556.04
SKU0041,2025-02-17,Decor,Wall Art,208,739656.3200000001,3556.04,0,0,0.0,703.0,14.0,397.0,1684.48,3556.04
SKU0041,2025-02-24,Decor,Wall Art,189,672091.5599999999,3556.04,0,0,531.0,531.0,14.0,397.0,1684.48,3556.04
SKU0041,2025-03-03,Decor,Wall Art,204,725432.1599999999,3556.04,0,0,334.0,548.0,14.0,397.0,1684.48,3556.04
SKU0041,2025-03-10,Decor,Wall Art,200,711208.0,3556.04,0,0,170.0,646.0,14.0,397.0,1684.48,3556.04
SKU0041,2025-03-17,Decor,Wall Art,185,657867.4,3556.04,0,0,0.0,0.0,14.0,397.0,1684.48,3556.04
SKU0041,2025-03-24,Decor,Wall Art,243,864117.72,3556.04,0,0,664.0,664.0,14.0,397.0,1684.48,3556.04
SKU0041,2025-03-31,Decor,Wall Art,194,689871.76,3556.04,0,0,477.0,0.0,14.0,397.0,1684.48,3556.04
SKU0041,2025-04-07,Decor,Wall Art,217,771660.6799999999,3556.04,0,0,303.0,587.0,14.0,397.0,1684.48,3556.04
SKU0041,2025-04-14,Decor,Wall Art,183,650755.32,3556.04,0,0,92.0,0.0,14.0,397.0,1684.48,3556.04
SKU0041,2025-04-21,Decor,Wall Art,224,796552.96,3556.04,0,0,0.0,715.0,14.0,397.0,1684.48,3556.04
SKU0041,2025-04-28,Decor,Wall Art,184,654311.36,3556.04,0,0,0.0,532.0,14.0,397.0,1684.48,3556.04
SKU0041,2025-05-05,Decor,Wall Art,185,657867.4,3556.04,0,0,0.0,0.0,14.0,397.0,1684.48,3556.04
SKU0041,2025-05-12,Decor,Wall Art,197,700539.8799999999,3556.04,0,0,679.0,679.0,14.0,397.0,1684.48,3556.04
SKU0041,2025-05-19,Decor,Wall Art,191,679203.64,3556.04,0,0,463.0,0.0,14.0,397.0,1684.48,3556.04
SKU0041,2025-05-26,Decor,Wall Art,205,694214.37,3454.658571428572,1,0,298.0,660.0,14.0,397.0,1684.48,3556.04
SKU0041,2025-06-02,Decor,Wall Art,395,1133797.35,2876.48,7,0,81.0,0.0,14.0,397.0,1684.48,3556.04
SKU0041,2025-06-09,Decor,Wall Art,171,608082.84,3556.04,0,0,781.0,781.0,14.0,397.0,1684.48,3556.04
SKU0041,2025-06-16,Decor,Wall Art,164,583190.5599999999,3556.04,0,0,553.0,0.0,14.0,397.0,1684.48,3556.04
SKU0041,2025-06-23,Decor,Wall Art,186,661423.44,3556.04,0,0,287.0,740.0,14.0,397.0,1684.48,3556.04
SKU0041,2025-06-30,Decor,Wall Art,133,472953.32,3556.04,0,0,58.0,782.0,14.0,397.0,1684.48,3556.04
SKU0041,2025-07-07,Decor,Wall Art,140,497845.6,3556.04,0,0,0.0,640.0,14.0,397.0,1684.48,3556.04
SKU0041,2025-07-14,Decor,Wall Art,134,476509.36,3556.04,0,0,0.0,0.0,14.0,397.0,1684.48,3556.04
SKU0041,2025-07-21,Decor,Wall Art,109,387608.36,3556.04,0,0,0.0,490.0,14.0,397.0,1684.48,3556.04
SKU0041,2025-07-28,Decor,Wall Art,147,522737.88,3556.04,0,0,0.0,0.0,14.0,397.0,1684.48,3556.04
SKU0041,2025-08-04,Decor,Wall Art,107,380496.28,3556.04,0,0,0.0,0.0,14.0,397.0,1684.48,3556.04
SKU0041,2025-08-11,Decor,Wall Art,123,437392.92,3556.04,0,1,0.0,0.0,14.0,397.0,1684.48,3556.04
SKU0041,2025-08-18,Decor,Wall Art,134,476509.36,3556.04,0,0,0.0,0.0,14.0,397.0,1684.48,3556.04
SKU0041,2025-08-25,Decor,Wall Art,100,355604.0,3556.04,0,0,0.0,0.0,14.0,397.0,1684.48,3556.04
SKU0041,2025-09-01,Decor,Wall Art,69,245366.76,3556.04,0,0,0.0,535.0,14.0,397.0,1684.48,3556.04
SKU0041,2025-09-08,Decor,Wall Art,96,341379.84,3556.04,0,0,580.0,580.0,14.0,397.0,1684.48,3556.04
SKU0041,2025-09-15,Decor,Wall Art,106,376940.24,3556.04,0,0,482.0,0.0,14.0,397.0,1684.48,3556.04
SKU0041,2025-09-22,Decor,Wall Art,95,337823.8,3556.04,0,0,392.0,0.0,14.0,397.0,1684.48,3556.04
SKU0041,2025-09-29,Decor,Wall Art,96,341379.84,3556.04,0,1,292.0,537.0,14.0,397.0,1684.48,3556.04
SKU0041,2025-10-06,Decor,Wall Art,88,312931.52,3556.04,0,0,202.0,0.0,14.0,397.0,1684.48,3556.04
SKU0041,2025-10-13,Decor,Wall Art,97,344935.88,3556.04,0,0,99.0,0.0,14.0,397.0,1684.48,3556.04
SKU0041,2025-10-20,Decor,Wall Art,230,667475.0599999999,2879.42,7,0,0.0,639.0,14.0,397.0,1684.48,3556.04
SKU0041,2025-10-27,Decor,Wall Art,152,467699.26,3221.0885714285714,3,0,0.0,580.0,14.0,397.0,1684.48,3556.04
SKU0041,2025-11-03,Decor,Wall Art,131,465841.24,3556.04,0,0,0.0,0.0,14.0,397.0,1684.48,3556.04
SKU0041,2025-11-10,Decor,Wall Art,112,398276.48,3556.04,0,1,0.0,628.0,14.0,397.0,1684.48,3556.04
SKU0041,2025-11-17,Decor,Wall Art,114,405388.56,3556.04,0,0,0.0,697.0,14.0,397.0,1684.48,3556.04
SKU0041,2025-11-24,Decor,Wall Art,218,652372.43,3048.8614285714284,6,0,0.0,0.0,14.0,397.0,1684.48,3556.04
SKU0041,2025-12-01,Decor,Wall Art,101,359160.04,3556.04,0,0,0.0,686.0,14.0,397.0,1684.48,3556.04
SKU0041,2025-12-08,Decor,Wall Art,132,469397.28,3556.04,0,0,0.0,0.0,14.0,397.0,1684.48,3556.04
SKU0041,2025-12-15,Decor,Wall Art,132,469397.28,3556.04,0,0,0.0,542.0,14.0,397.0,1684.48,3556.04
SKU0041,2025-12-22,Decor,Wall Art,132,469397.28,3556.04,0,1,0.0,544.0,14.0,397.0,1684.48,3556.04
SKU0042,2024-04-29,Decor,Rugs,337,988589.5,2933.5,0,0,,,,,1175.65,2933.5
SKU0042,2024-05-06,Decor,Rugs,595,1745432.5,2933.5,0,0,377.0,0.0,10.0,1071.0,1175.65,2933.5
SKU0042,2024-05-13,Decor,Rugs,711,2085718.5,2933.5,0,0,2065.0,2065.0,10.0,1071.0,1175.65,2933.5
SKU0042,2024-05-20,Decor,Rugs,586,1719031.0,2933.5,0,0,1461.0,0.0,10.0,1071.0,1175.65,2933.5
SKU0042,2024-05-27,Decor,Rugs,802,2157038.12,2791.738571428571,2,0,2904.0,2021.0,10.0,1071.0,1175.65,2933.5
SKU0042,2024-06-03,Decor,Rugs,890,2246881.25,2550.9700000000003,6,0,2176.0,0.0,10.0,1071.0,1175.65,2933.5
SKU0042,2024-06-10,Decor,Rugs,558,1636893.0,2933.5,0,0,1500.0,0.0,10.0,1071.0,1175.65,2933.5
SKU0042,2024-06-17,Decor,Rugs,444,1302474.0,2933.5,0,0,2585.0,1725.0,10.0,1071.0,1175.65,2933.5
SKU0042,2024-06-24,Decor,Rugs,529,1551821.5,2933.5,0,0,1852.0,0.0,10.0,1071.0,1175.65,2933.5
SKU0042,2024-07-01,Decor,Rugs,599,1757166.5,2933.5,0,0,1334.0,0.0,10.0,1071.0,1175.65,2933.5
SKU0042,2024-07-08,Decor,Rugs,462,1355277.0,2933.5,0,0,849.0,0.0,10.0,1071.0,1175.65,2933.5
SKU0042,2024-07-15,Decor,Rugs,459,1346476.5,2933.5,0,0,373.0,0.0,10.0,1071.0,1175.65,2933.5
SKU0042,2024-07-22,Decor,Rugs,416,1220336.0,2933.5,0,0,1884.0,1884.0,10.0,1071.0,1175.65,2933.5
SKU0042,2024-07-29,Decor,Rugs,469,1375811.5,2933.5,0,0,1463.0,0.0,10.0,1071.0,1175.65,2933.5
SKU0042,2024-08-05,Decor,Rugs,414,1214469.0,2933.5,0,0,1079.0,0.0,10.0,1071.0,1175.65,2933.5
SKU0042,2024-08-12,Decor,Rugs,438,1284873.0,2933.5,0,1,634.0,0.0,10.0,1071.0,1175.65,2933.5
SKU0042,2024-08-19,Decor,Rugs,466,1367011.0,2933.5,0,0,169.0,1989.0,10.0,1071.0,1175.65,2933.5
SKU0042,2024-08-26,Decor,Rugs,368,1079528.0,2933.5,0,0,0.0,1539.0,10.0,1071.0,1175.65,2933.5
SKU0042,2024-09-02,Decor,Rugs,390,1144065.0,2933.5,0,0,0.0,0.0,10.0,1071.0,1175.65,2933.5
SKU0042,2024-09-09,Decor,Rugs,329,965121.5,2933.5,0,0,0.0,0.0,10.0,1071.0,1175.65,2933.5
SKU0042,2024-09-16,Decor,Rugs,399,1170466.5,2933.5,0,0,0.0,0.0,10.0,1071.0,1175.65,2933.5
SKU0042,2024-09-23,Decor,Rugs,346,1014991.0,2933.5,0,0,0.0,0.0,10.0,1071.0,1175.65,2933.5
SKU0042,2024-09-30,Decor,Rugs,286,838981.0,2933.5,0,1,0.0,0.0,10.0,1071.0,1175.65,2933.5
SKU0042,2024-10-07,Decor,Rugs,356,1044326.0,2933.5,0,0,0.0,1295.0,10.0,1071.0,1175.65,2933.5
SKU0042,2024-10-14,Decor,Rugs,385,1068772.66,2863.655714285714,1,0,0.0,1638.0,10.0,1071.0,1175.65,2933.5
SKU0042,2024-10-21,Decor,Rugs,605,1441137.09,2389.07,7,0,0.0,1614.0,10.0,1071.0,1175.65,2933.5
SKU0042,2024-10-28,Decor,Rugs,438,1231656.88,2834.152857142857,2,0,1541.0,1541.0,10.0,1071.0,1175.65,2933.5
SKU0042,2024-11-04,Decor,Rugs,418,1226203.0,2933.5,0,0,1113.0,0.0,10.0,1071.0,1175.65,2933.5
SKU0042,2024-11-11,Decor,Rugs,429,1258471.5,2933.5,0,1,2021.0,1338.0,10.0,1071.0,1175.65,2933.5
SKU0042,2024-11-18,Decor,Rugs,437,1281939.5,2933.5,0,0,1535.0,0.0,10.0,1071.0,1175.65,2933.5
SKU0042,2024-11-25,Decor,Rugs,751,1875170.52,2517.337142857143,6,0,1099.0,0.0,10.0,1071.0,1175.65,2933.5
SKU0042,2024-12-02,Decor,Rugs,465,1364077.5,2933.5,0,0,559.0,0.0,10.0,1071.0,1175.65,2933.5
SKU0042,2024-12-09,Decor,Rugs,509,1493151.5,2933.5,0,0,36.0,0.0,10.0,1071.0,1175.65,2933.5
SKU0042,2024-12-16,Decor,Rugs,561,1645693.5,2933.5,0,0,1898.0,1898.0,10.0,1071.0,1175.65,2933.5
SKU0042,2024-12-23,Decor,Rugs,558,1636893.0,2933.5,0,1,1366.0,0.0,10.0,1071.0,1175.65,2933.5
SKU0042,2024-12-30,Decor,Rugs,551,1616358.5,2933.5,0,1,847.0,0.0,10.0,1071.0,1175.65,2933.5
SKU0042,2025-01-06,Decor,Rugs,614,1801169.0,2933.5,0,0,2045.0,1692.0,10.0,1071.0,1175.65,2933.5
SKU0042,2025-01-13,Decor,Rugs,855,2159451.31,2575.378571428572,5,0,1530.0,0.0,10.0,1071.0,1175.65,2933.5
SKU0042,2025-01-20,Decor,Rugs,843,2230517.82,2711.4485714285715,3,1,968.0,1816.0,10.0,1071.0,1175.65,2933.5
SKU0042,2025-01-27,Decor,Rugs,639,1874506.5,2933.5,0,0,294.0,0.0,10.0,1071.0,1175.65,2933.5
SKU0042,2025-02-03,Decor,Rugs,781,2291063.5,2933.5,0,0,0.0,0.0,10.0,1071.0,1175.65,2933.5
SKU0042,2025-02-10,Decor,Rugs,735,2156122.5,2933.5,0,0,0.0,0.0,10.0,1071.0,1175.65,2933.5
SKU0042,2025-02-17,Decor,Rugs,625,1833437.5,2933.5,0,0,0.0,2123.0,10.0,1071.0,1175.65,2933.5
SKU0042,2025-02-24,Decor,Rugs,728,2135588.0,2933.5,0,0,0.0,1552.0,10.0,1071.0,1175.65,2933.5
SKU0042,2025-03-03,Decor,Rugs,895,2625482.5,2933.5,0,0,0.0,0.0,10.0,1071.0,1175.65,2933.5
SKU0042,2025-03-10,Decor,Rugs,749,2197191.5,2933.5,0,0,0.0,1526.0,10.0,1071.0,1175.65,2933.5
SKU0042,2025-03-17,Decor,Rugs,827,2426004.5,2933.5,0,0,0.0,1997.0,10.0,1071.0,1175.65,2933.5
SKU0042,2025-03-24,Decor,Rugs,732,2147322.0,2933.5,0,0,0.0,1660.0,10.0,1071.0,1175.65,2933.5
SKU0042,2025-03-31,Decor,Rugs,816,2393736.0,2933.5,0,0,1477.0,1477.0,10.0,1071.0,1175.65,2933.5
SKU0042,2025-04-07,Decor,Rugs,863,2531610.5,2933.5,0,0,758.0,0.0,10.0,1071.0,1175.65,2933.5
SKU0042,2025-04-14,Decor,Rugs,885,2596147.5,2933.5,0,0,0.0,0.0,10.0,1071.0,1175.65,2933.5
SKU0042,2025-04-21,Decor,Rugs,826,2423071.0,2933.5,0,0,0.0,1908.0,10.0,1071.0,1175.65,2933.5
SKU0042,2025-04-28,Decor,Rugs,790,2317465.0,2933.5,0,0,0.0,1988.0,10.0,1071.0,1175.65,2933.5
SKU0042,2025-05-05,Decor,Rugs,745,2185457.5,2933.5,0,0,0.0,1587.0,10.0,1071.0,1175.65,2933.5
SKU0042,2025-05-12,Decor,Rugs,753,2208925.5,2933.5,0,0,0.0,1545.0,10.0,1071.0,1175.65,2933.5
SKU0042,2025-05-19,Decor,Rugs,721,2115053.5,2933.5,0,0,0.0,1856.0,10.0,1071.0,1175.65,2933.5
SKU0042,2025-05-26,Decor,Rugs,957,2674195.02,2869.2314285714283,1,0,2046.0,0.0,10.0,1071.0,1175.65,2933.5
SKU0042,2025-06-02,Decor,Rugs,1126,2776166.77,2465.7514285714287,7,0,1146.0,0.0,10.0,1071.0,1175.65,2933.5
SKU0042,2025-06-09,Decor,Rugs,708,2076918.0,2933.5,0,0,348.0,0.0,10.0,1071.0,1175.65,2933.5
SKU0042,2025-06-16,Decor,Rugs,599,1757166.5,2933.5,0,0,0.0,0.0,10.0,1071.0,1175.65,2933.5
SKU0042,2025-06-23,Decor,Rugs,618,1812903.0,2933.5,0,0,0.0,0.0,10.0,1071.0,1175.65,2933.5
SKU0042,2025-06-30,Decor,Rugs,519,1522486.5,2933.5,0,0,1646.0,1646.0,10.0,1071.0,1175.65,2933.5
SKU0042,2025-07-07,Decor,Rugs,562,1648627.0,2933.5,0,0,1006.0,1935.0,10.0,1071.0,1175.65,2933.5
SKU0042,2025-07-14,Decor,Rugs,551,1616358.5,2933.5,0,0,499.0,1830.0,10.0,1071.0,1175.65,2933.5
SKU0042,2025-07-21,Decor,Rugs,520,1525420.0,2933.5,0,0,0.0,1301.0,10.0,1071.0,1175.65,2933.5
SKU0042,2025-07-28,Decor,Rugs,564,1654494.0,2933.5,0,0,0.0,0.0,10.0,1071.0,1175.65,2933.5
SKU0042,2025-08-04,Decor,Rugs,494,1449149.0,2933.5,0,0,0.0,1354.0,10.0,1071.0,1175.65,2933.5
SKU0042,2025-08-11,Decor,Rugs,429,1258471.5,2933.5,0,1,0.0,1828.0,10.0,1071.0,1175.65,2933.5
SKU0042,2025-08-18,Decor,Rugs,405,1188067.5,2933.5,0,0,2021.0,2021.0,10.0,1071.0,1175.65,2933.5
SKU0042,2025-08-25,Decor,Rugs,477,1399279.5,2933.5,0,0,1533.0,0.0,10.0,1071.0,1175.65,2933.5
SKU0042,2025-09-01,Decor,Rugs,441,1293673.5,2933.5,0,0,2843.0,1788.0,10.0,1071.0,1175.65,2933.5
SKU0042,2025-09-08,Decor,Rugs,413,1211535.5,2933.5,0,0,2438.0,0.0,10.0,1071.0,1175.65,2933.5
SKU0042,2025-09-15,Decor,Rugs,398,1167533.0,2933.5,0,0,2043.0,0.0,10.0,1071.0,1175.65,2933.5
SKU0042,2025-09-22,Decor,Rugs,419,1229136.5,2933.5,0,0,1575.0,0.0,10.0,1071.0,1175.65,2933.5
SKU0042,2025-09-29,Decor,Rugs,451,1323008.5,2933.5,0,1,1109.0,0.0,10.0,1071.0,1175.65,2933.5
SKU0042,2025-10-06,Decor,Rugs,412,1208602.0,2933.5,0,0,661.0,0.0,10.0,1071.0,1175.65,2933.5
SKU0042,2025-10-13,Decor,Rugs,363,1064860.5,2933.5,0,0,219.0,1731.0,10.0,1071.0,1175.65,2933.5
SKU0042,2025-10-20,Decor,Rugs,703,1714841.43,2436.0914285714284,7,0,0.0,0.0,10.0,1071.0,1175.65,2933.5
SKU0042,2025-10-27,Decor,Rugs,461,1246540.41,2727.262857142857,3,0,0.0,0.0,10.0,1071.0,1175.65,2933.5
SKU0042,2025-11-03,Decor,Rugs,535,1569422.5,2933.5,0,0,0.0,0.0,10.0,1071.0,1175.65,2933.5
SKU0042,2025-11-10,Decor,Rugs,428,1255538.0,2933.5,0,1,0.0,1891.0,10.0,1071.0,1175.65,2933.5
SKU0042,2025-11-17,Decor,Rugs,513,1504885.5,2933.5,0,0,0.0,1443.0,10.0,1071.0,1175.65,2933.5
SKU0042,2025-11-24,Decor,Rugs,920,2277079.31,2510.9614285714283,6,0,0.0,1856.0,10.0,1071.0,1175.65,2933.5
SKU0042,2025-12-01,Decor,Rugs,483,1416880.5,2933.5,0,0,1392.0,1392.0,10.0,1071.0,1175.65,2933.5
SKU0042,2025-12-08,Decor,Rugs,591,1733698.5,2933.5,0,0,857.0,0.0,10.0,1071.0,1175.65,2933.5
SKU0042,2025-12-15,Decor,Rugs,633,1856905.5,2933.5,0,0,166.0,1547.0,10.0,1071.0,1175.65,2933.5
SKU0042,2025-12-22,Decor,Rugs,615,1804102.5,2933.5,0,1,0.0,1957.0,10.0,1071.0,1175.65,2933.5
SKU0043,2024-10-21,Furniture,Tables,49,90407.42,1847.465,4,0,,,,,840.84,2177.44
SKU0043,2024-10-28,Furniture,Tables,44,87220.36,2073.148571428572,2,0,89.0,0.0,14.0,138.0,840.84,2177.44
SKU0043,2024-11-04,Furniture,Tables,51,111049.44,2177.44,0,0,31.0,0.0,14.0,138.0,840.84,2177.44
SKU0043,2024-11-11,Furniture,Tables,50,108872.0,2177.44,0,1,0.0,232.0,14.0,138.0,840.84,2177.44
SKU0043,2024-11-18,Furniture,Tables,39,84920.16,2177.44,0,0,0.0,0.0,14.0,138.0,840.84,2177.44
SKU0043,2024-11-25,Furniture,Tables,82,155900.4,1927.5285714285717,6,0,221.0,221.0,14.0,138.0,840.84,2177.44
SKU0043,2024-12-02,Furniture,Tables,62,135001.28,2177.44,0,0,164.0,0.0,14.0,138.0,840.84,2177.44
SKU0043,2024-12-09,Furniture,Tables,58,126291.52,2177.44,0,0,350.0,245.0,14.0,138.0,840.84,2177.44
SKU0043,2024-12-16,Furniture,Tables,65,141533.6,2177.44,0,0,282.0,0.0,14.0,138.0,840.84,2177.44
SKU0043,2024-12-23,Furniture,Tables,50,108872.0,2177.44,0,1,219.0,0.0,14.0,138.0,840.84,2177.44
SKU0043,2024-12-30,Furniture,Tables,50,108872.0,2177.44,0,1,159.0,0.0,14.0,138.0,840.84,2177.44
SKU0043,2025-01-06,Furniture,Tables,59,128468.96,2177.44,0,0,357.0,262.0,14.0,138.0,840.84,2177.44
SKU0043,2025-01-13,Furniture,Tables,136,252249.04,1911.9014285714288,5,0,299.0,0.0,14.0,138.0,840.84,2177.44
SKU0043,2025-01-20,Furniture,Tables,94,184526.17,1990.321428571429,3,1,215.0,0.0,14.0,138.0,840.84,2177.44
SKU0043,2025-01-27,Furniture,Tables,49,106694.56,2177.44,0,0,120.0,0.0,14.0,138.0,840.84,2177.44
SKU0043,2025-02-03,Furniture,Tables,71,154598.24,2177.44,0,0,29.0,0.0,14.0,138.0,840.84,2177.44
SKU0043,2025-02-10,Furniture,Tables,74,161130.56,2177.44,0,0,0.0,0.0,14.0,138.0,840.84,2177.44
SKU0043,2025-02-17,Furniture,Tables,78,169840.32,2177.44,0,0,0.0,0.0,14.0,138.0,840.84,2177.44
SKU0043,2025-02-24,Furniture,Tables,80,174195.2,2177.44,0,0,0.0,229.0,14.0,138.0,840.84,2177.44
SKU0043,2025-03-03,Furniture,Tables,65,141533.6,2177.44,0,0,0.0,0.0,14.0,138.0,840.84,2177.44
SKU0043,2025-03-10,Furniture,Tables,62,135001.28,2177.44,0,0,0.0,237.0,14.0,138.0,840.84,2177.44
SKU0043,2025-03-17,Furniture,Tables,67,145888.48,2177.44,0,0,0.0,179.0,14.0,138.0,840.84,2177.44
SKU0043,2025-03-24,Furniture,Tables,77,167662.88,2177.44,0,0,0.0,203.0,14.0,138.0,840.84,2177.44
SKU0043,2025-03-31,Furniture,Tables,61,132823.84,2177.44,0,0,0.0,0.0,14.0,138.0,840.84,2177.44
SKU0043,2025-04-07,Furniture,Tables,59,128468.96,2177.44,0,0,0.0,246.0,14.0,138.0,840.84,2177.44
SKU0043,2025-04-14,Furniture,Tables,64,139356.16,2177.44,0,0,0.0,0.0,14.0,138.0,840.84,2177.44
SKU0043,2025-04-21,Furniture,Tables,69,150243.36,2177.44,0,0,201.0,201.0,14.0,138.0,840.84,2177.44
SKU0043,2025-04-28,Furniture,Tables,75,163308.0,2177.44,0,0,145.0,0.0,14.0,138.0,840.84,2177.44
SKU0043,2025-05-05,Furniture,Tables,71,154598.24,2177.44,0,0,75.0,190.0,14.0,138.0,840.84,2177.44
SKU0043,2025-05-12,Furniture,Tables,61,132823.84,2177.44,0,0,231.0,231.0,14.0,138.0,840.84,2177.44
SKU0043,2025-05-19,Furniture,Tables,56,121936.64,2177.44,0,0,168.0,0.0,14.0,138.0,840.84,2177.44
SKU0043,2025-05-26,Furniture,Tables,77,158769.24,2122.2,1,0,108.0,0.0,14.0,138.0,840.84,2177.44
SKU0043,2025-06-02,Furniture,Tables,82,150685.07,1833.6928571428573,7,0,49.0,232.0,14.0,138.0,840.84,2177.44
SKU0043,2025-06-09,Furniture,Tables,63,137178.72,2177.44,0,0,0.0,205.0,14.0,138.0,840.84,2177.44
SKU0043,2025-06-16,Furniture,Tables,59,128468.96,2177.44,0,0,0.0,224.0,14.0,138.0,840.84,2177.44
SKU0043,2025-06-23,Furniture,Tables,36,78387.84,2177.44,0,0,0.0,192.0,14.0,138.0,840.84,2177.44
SKU0043,2025-06-30,Furniture,Tables,44,95807.36,2177.44,0,0,0.0,262.0,14.0,138.0,840.84,2177.44
SKU0043,2025-07-07,Furniture,Tables,40,87097.6,2177.44,0,0,199.0,199.0,14.0,138.0,840.84,2177.44
SKU0043,2025-07-14,Furniture,Tables,44,95807.36,2177.44,0,0,148.0,0.0,14.0,138.0,840.84,2177.44
SKU0043,2025-07-21,Furniture,Tables,39,84920.16,2177.44,0,0,111.0,180.0,14.0,138.0,840.84,2177.44
SKU0043,2025-07-28,Furniture,Tables,31,67500.64,2177.44,0,0,66.0,216.0,14.0,138.0,840.84,2177.44
SKU0043,2025-08-04,Furniture,Tables,44,95807.36,2177.44,0,0,30.0,178.0,14.0,138.0,840.84,2177.44
SKU0043,2025-08-11,Furniture,Tables,34,74032.96,2177.44,0,1,0.0,195.0,14.0,138.0,840.84,2177.44
SKU0043,2025-08-18,Furniture,Tables,39,84920.16,2177.44,0,0,263.0,263.0,14.0,138.0,840.84,2177.44
SKU0043,2025-08-25,Furniture,Tables,26,56613.44,2177.44,0,0,232.0,0.0,14.0,138.0,840.84,2177.44
SKU0043,2025-09-01,Furniture,Tables,40,87097.6,2177.44,0,0,200.0,0.0,14.0,138.0,840.84,2177.44
SKU0043,2025-09-08,Furniture,Tables,32,69678.08,2177.44,0,0,170.0,0.0,14.0,138.0,840.84,2177.44
SKU0043,2025-09-15,Furniture,Tables,39,84920.16,2177.44,0,0,135.0,0.0,14.0,138.0,840.84,2177.44
SKU0043,2025-09-22,Furniture,Tables,25,54436.0,2177.44,0,0,102.0,261.0,14.0,138.0,840.84,2177.44
SKU0043,2025-09-29,Furniture,Tables,22,47903.68,2177.44,0,1,64.0,228.0,14.0,138.0,840.84,2177.44
SKU0043,2025-10-06,Furniture,Tables,34,74032.95999999999,2177.44,0,0,30.0,0.0,14.0,138.0,840.84,2177.44
SKU0043,2025-10-13,Furniture,Tables,25,54436.0,2177.44,0,0,0.0,269.0,14.0,138.0,840.84,2177.44
SKU0043,2025-10-20,Furniture,Tables,65,112183.48,1736.217142857143,7,0,0.0,186.0,14.0,138.0,840.84,2177.44
SKU0043,2025-10-27,Furniture,Tables,31,61159.43,2000.36,3,0,0.0,208.0,14.0,138.0,840.84,2177.44
SKU0043,2025-11-03,Furniture,Tables,17,37016.48,2177.44,0,0,0.0,0.0,14.0,138.0,840.84,2177.44
SKU0043,2025-11-10,Furniture,Tables,29,63145.76,2177.44,0,1,0.0,0.0,14.0,138.0,840.84,2177.44
SKU0043,2025-11-17,Furniture,Tables,45,97984.8,2177.44,0,0,0.0,198.0,14.0,138.0,840.84,2177.44
SKU0043,2025-11-24,Furniture,Tables,43,79840.09,1876.0228571428568,6,0,0.0,182.0,14.0,138.0,840.84,2177.44
SKU0043,2025-12-01,Furniture,Tables,29,63145.76,2177.44,0,0,0.0,194.0,14.0,138.0,840.84,2177.44
SKU0043,2025-12-08,Furniture,Tables,45,97984.8,2177.44,0,0,239.0,239.0,14.0,138.0,840.84,2177.44
SKU0043,2025-12-15,Furniture,Tables,38,82742.72,2177.44,0,0,197.0,0.0,14.0,138.0,840.84,2177.44
SKU0043,2025-12-22,Furniture,Tables,41,89275.04000000001,2177.44,0,1,163.0,0.0,14.0,138.0,840.84,2177.44
SKU0044,2024-03-18,Small Appliances,Climate,35,84526.05,2415.03,0,0,,,,,1353.46,2415.03
SKU0044,2024-03-25,Small Appliances,Climate,82,198032.46,2415.03,0,0,125.0,0.0,7.0,93.0,1353.46,2415.03
SKU0044,2024-04-01,Small Appliances,Climate,86,207692.58,2415.03,0,0,190.0,169.0,7.0,93.0,1353.46,2415.03
SKU0044,2024-04-08,Small Appliances,Climate,76,183542.28000000003,2415.03,0,0,108.0,0.0,7.0,93.0,1353.46,2415.03
SKU0044,2024-04-15,Small Appliances,Climate,64,154561.92,2415.03,0,0,25.0,0.0,7.0,93.0,1353.46,2415.03
SKU0044,2024-04-22,Small Appliances,Climate,79,190787.37,2415.03,0,0,0.0,179.0,7.0,93.0,1353.46,2415.03
SKU0044,2024-04-29,Small Appliances,Climate,75,181127.25,2415.03,0,0,0.0,163.0,7.0,93.0,1353.46,2415.03
SKU0044,2024-05-06,Small Appliances,Climate,78,188372.34000000003,2415.03,0,0,0.0,0.0,7.0,93.0,1353.46,2415.03
SKU0044,2024-05-13,Small Appliances,Climate,70,169052.10000000003,2415.03,0,0,0.0,137.0,7.0,93.0,1353.46,2415.03
SKU0044,2024-05-20,Small Appliances,Climate,69,166637.07,2415.03,0,0,0.0,0.0,7.0,93.0,1353.46,2415.03
SKU0044,2024-05-27,Small Appliances,Climate,83,179096.39,2260.78,2,0,0.0,0.0,7.0,93.0,1353.46,2415.03
SKU0044,2024-06-03,Small Appliances,Climate,118,242016.46,2092.52,6,0,171.0,171.0,7.0,93.0,1353.46,2415.03
SKU0044,2024-06-10,Small Appliances,Climate,65,156976.95,2415.03,0,0,93.0,0.0,7.0,93.0,1353.46,2415.03
SKU0044,2024-06-17,Small Appliances,Climate,57,137656.71000000002,2415.03,0,0,187.0,168.0,7.0,93.0,1353.46,2415.03
SKU0044,2024-06-24,Small Appliances,Climate,55,132826.65000000002,2415.03,0,0,107.0,0.0,7.0,93.0,1353.46,2415.03
SKU0044,2024-07-01,Small Appliances,Climate,61,147316.83000000002,2415.03,0,0,36.0,124.0,7.0,93.0,1353.46,2415.03
SKU0044,2024-07-08,Small Appliances,Climate,53,127996.59,2415.03,0,0,0.0,155.0,7.0,93.0,1353.46,2415.03
SKU0044,2024-07-15,Small Appliances,Climate,48,115921.44,2415.03,0,0,0.0,132.0,7.0,93.0,1353.46,2415.03
SKU0044,2024-07-22,Small Appliances,Climate,58,140071.74000000002,2415.03,0,0,0.0,128.0,7.0,93.0,1353.46,2415.03
SKU0044,2024-07-29,Small Appliances,Climate,51,123166.53,2415.03,0,0,0.0,0.0,7.0,93.0,1353.46,2415.03
SKU0044,2024-08-05,Small Appliances,Climate,51,123166.53,2415.03,0,0,121.0,121.0,7.0,93.0,1353.46,2415.03
SKU0044,2024-08-12,Small Appliances,Climate,45,108676.35,2415.03,0,1,73.0,155.0,7.0,93.0,1353.46,2415.03
SKU0044,2024-08-19,Small Appliances,Climate,48,115921.44,2415.03,0,0,15.0,160.0,7.0,93.0,1353.46,2415.03
SKU0044,2024-08-26,Small Appliances,Climate,47,113506.41000000002,2415.03,0,0,0.0,166.0,7.0,93.0,1353.46,2415.03
SKU0044,2024-09-02,Small Appliances,Climate,40,96601.2,2415.03,0,0,0.0,0.0,7.0,93.0,1353.46,2415.03
SKU0044,2024-09-09,Small Appliances,Climate,77,185957.31000000003,2415.03,0,0,0.0,145.0,7.0,93.0,1353.46,2415.03
SKU0044,2024-09-16,Small Appliances,Climate,36,86941.08000000002,2415.03,0,0,0.0,0.0,7.0,93.0,1353.46,2415.03
SKU0044,2024-09-23,Small Appliances,Climate,55,132826.65000000002,2415.03,0,0,0.0,141.0,7.0,93.0,1353.46,2415.03
SKU0044,2024-09-30,Small Appliances,Climate,36,86941.08,2415.03,0,1,0.0,168.0,7.0,93.0,1353.46,2415.03
SKU0044,2024-10-07,Small Appliances,Climate,45,108676.35,2415.03,0,0,127.0,127.0,7.0,93.0,1353.46,2415.03
SKU0044,2024-10-14,Small Appliances,Climate,55,126350.7,2343.8657142857146,1,0,86.0,117.0,7.0,93.0,1353.46,2415.03
SKU0044,2024-10-21,Small Appliances,Climate,98,192783.86,1996.77,7,0,30.0,0.0,7.0,93.0,1353.46,2415.03
SKU0044,2024-10-28,Small Appliances,Climate,61,138231.74,2333.0257142857145,2,0,180.0,180.0,7.0,93.0,1353.46,2415.03
SKU0044,2024-11-04,Small Appliances,Climate,76,183542.28000000003,2415.03,0,0,114.0,0.0,7.0,93.0,1353.46,2415.03
SKU0044,2024-11-11,Small Appliances,Climate,65,156976.95,2415.03,0,1,40.0,0.0,7.0,93.0,1353.46,2415.03
SKU0044,2024-11-18,Small Appliances,Climate,67,161807.01,2415.03,0,0,0.0,0.0,7.0,93.0,1353.46,2415.03
SKU0044,2024-11-25,Small Appliances,Climate,92,179217.66999999998,1991.2285714285715,6,0,130.0,130.0,7.0,93.0,1353.46,2415.03
SKU0044,2024-12-02,Small Appliances,Climate,47,113506.41,2415.03,0,0,69.0,177.0,7.0,93.0,1353.46,2415.03
SKU0044,2024-12-09,Small Appliances,Climate,54,130411.62,2415.03,0,0,8.0,0.0,7.0,93.0,1353.46,2415.03
SKU0044,2024-12-16,Small Appliances,Climate,61,147316.83000000002,2415.03,0,0,118.0,118.0,7.0,93.0,1353.46,2415.03
SKU0044,2024-12-23,Small Appliances,Climate,61,147316.83000000002,2415.03,0,1,64.0,0.0,7.0,93.0,1353.46,2415.03
SKU0044,2024-12-30,Small Appliances,Climate,68,164222.04,2415.03,0,1,173.0,173.0,7.0,93.0,1353.46,2415.03
SKU0044,2025-01-06,Small Appliances,Climate,62,149731.86000000002,2415.03,0,0,118.0,0.0,7.0,93.0,1353.46,2415.03
SKU0044,2025-01-13,Small Appliances,Climate,129,265150.54,2111.9871428571428,5,0,50.0,0.0,7.0,93.0,1353.46,2415.03
SKU0044,2025-01-20,Small Appliances,Climate,126,280208.67,2271.2657142857142,3,1,0.0,0.0,7.0,93.0,1353.46,2415.03
SKU0044,2025-01-27,Small Appliances,Climate,87,210107.61,2415.03,0,0,0.0,124.0,7.0,93.0,1353.46,2415.03
SKU0044,2025-02-03,Small Appliances,Climate,78,188372.34000000003,2415.03,0,0,0.0,145.0,7.0,93.0,1353.46,2415.03
SKU0044,2025-02-10,Small Appliances,Climate,92,222182.76,2415.03,0,0,123.0,123.0,7.0,93.0,1353.46,2415.03
SKU0044,2025-02-17,Small Appliances,Climate,85,205277.55,2415.03,0,0,166.0,139.0,7.0,93.0,1353.46,2415.03
SKU0044,2025-02-24,Small Appliances,Climate,89,214937.67,2415.03,0,0,74.0,149.0,7.0,93.0,1353.46,2415.03
SKU0044,2025-03-03,Small Appliances,Climate,100,241503.00000000003,2415.03,0,0,0.0,183.0,7.0,93.0,1353.46,2415.03
SKU0044,2025-03-10,Small Appliances,Climate,101,243918.03000000003,2415.03,0,0,129.0,129.0,7.0,93.0,1353.46,2415.03
SKU0044,2025-03-17,Small Appliances,Climate,80,193202.4,2415.03,0,0,43.0,122.0,7.0,93.0,1353.46,2415.03
SKU0044,2025-03-24,Small Appliances,Climate,98,236672.94000000003,2415.03,0,0,0.0,0.0,7.0,93.0,1353.46,2415.03
SKU0044,2025-03-31,Small Appliances,Climate,94,227012.82,2415.03,0,0,164.0,164.0,7.0,93.0,1353.46,2415.03
SKU0044,2025-04-07,Small Appliances,Climate,59,142486.77000000002,2415.03,0,0,66.0,0.0,7.0,93.0,1353.46,2415.03
SKU0044,2025-04-14,Small Appliances,Climate,92,222182.76,2415.03,0,0,0.0,0.0,7.0,93.0,1353.46,2415.03
SKU0044,2025-04-21,Small Appliances,Climate,83,200447.49,2415.03,0,0,0.0,183.0,7.0,93.0,1353.46,2415.03
SKU0044,2025-04-28,Small Appliances,Climate,92,222182.76,2415.03,0,0,0.0,0.0,7.0,93.0,1353.46,2415.03
SKU0044,2025-05-05,Small Appliances,Climate,97,234257.91000000003,2415.03,0,0,0.0,124.0,7.0,93.0,1353.46,2415.03
SKU0044,2025-05-12,Small Appliances,Climate,88,212522.64,2415.03,0,0,0.0,0.0,7.0,93.0,1353.46,2415.03
SKU0044,2025-05-19,Small Appliances,Climate,74,178712.22000000003,2415.03,0,0,162.0,162.0,7.0,93.0,1353.46,2415.03
SKU0044,2025-05-26,Small Appliances,Climate,106,247894.43,2368.7514285714287,1,0,87.0,0.0,7.0,93.0,1353.46,2415.03
SKU0044,2025-06-02,Small Appliances,Climate,182,363389.18000000005,1994.054285714286,7,0,0.0,147.0,7.0,93.0,1353.46,2415.03
SKU0044,2025-06-09,Small Appliances,Climate,110,265653.30000000005,2415.03,0,0,0.0,136.0,7.0,93.0,1353.46,2415.03
SKU0044,2025-06-16,Small Appliances,Climate,77,185957.31000000003,2415.03,0,0,0.0,0.0,7.0,93.0,1353.46,2415.03
SKU0044,2025-06-23,Small Appliances,Climate,75,181127.25,2415.03,0,0,0.0,0.0,7.0,93.0,1353.46,2415.03
SKU0044,2025-06-30,Small Appliances,Climate,74,178712.22000000003,2415.03,0,0,149.0,149.0,7.0,93.0,1353.46,2415.03
SKU0044,2025-07-07,Small Appliances,Climate,78,188372.34,2415.03,0,0,202.0,145.0,7.0,93.0,1353.46,2415.03
SKU0044,2025-07-14,Small Appliances,Climate,68,164222.04000000004,2415.03,0,0,116.0,0.0,7.0,93.0,1353.46,2415.03
SKU0044,2025-07-21,Small Appliances,Climate,75,181127.25,2415.03,0,0,43.0,159.0,7.0,93.0,1353.46,2415.03
SKU0044,2025-07-28,Small Appliances,Climate,52,125581.56,2415.03,0,0,147.0,147.0,7.0,93.0,1353.46,2415.03
SKU0044,2025-08-04,Small Appliances,Climate,50,120751.5,2415.03,0,0,80.0,0.0,7.0,93.0,1353.46,2415.03
SKU0044,2025-08-11,Small Appliances,Climate,56,135241.68000000002,2415.03,0,1,19.0,0.0,7.0,93.0,1353.46,2415.03
SKU0044,2025-08-18,Small Appliances,Climate,47,113506.41,2415.03,0,0,0.0,115.0,7.0,93.0,1353.46,2415.03
SKU0044,2025-08-25,Small Appliances,Climate,50,120751.5,2415.03,0,0,0.0,0.0,7.0,93.0,1353.46,2415.03
SKU0044,2025-09-01,Small Appliances,Climate,62,149731.86000000002,2415.03,0,0,0.0,136.0,7.0,93.0,1353.46,2415.03
SKU0044,2025-09-08,Small Appliances,Climate,52,125581.56,2415.03,0,0,0.0,0.0,7.0,93.0,1353.46,2415.03
SKU0044,2025-09-15,Small Appliances,Climate,39,94186.17,2415.03,0,0,119.0,119.0,7.0,93.0,1353.46,2415.03
SKU0044,2025-09-22,Small Appliances,Climate,42,101431.26,2415.03,0,0,76.0,0.0,7.0,93.0,1353.46,2415.03
SKU0044,2025-09-29,Small Appliances,Climate,66,159391.98,2415.03,0,1,35.0,0.0,7.0,93.0,1353.46,2415.03
SKU0044,2025-10-06,Small Appliances,Climate,46,111091.38,2415.03,0,0,0.0,174.0,7.0,93.0,1353.46,2415.03
SKU0044,2025-10-13,Small Appliances,Climate,49,118336.47,2415.03,0,0,144.0,144.0,7.0,93.0,1353.46,2415.03
SKU0044,2025-10-20,Small Appliances,Climate,79,149139.8,1887.5442857142857,7,0,91.0,0.0,7.0,93.0,1353.46,2415.03
SKU0044,2025-10-27,Small Appliances,Climate,77,166357.37,2207.9700000000003,3,0,38.0,0.0,7.0,93.0,1353.46,2415.03
SKU0044,2025-11-03,Small Appliances,Climate,80,193202.4,2415.03,0,0,0.0,175.0,7.0,93.0,1353.46,2415.03
SKU0044,2025-11-10,Small Appliances,Climate,61,147316.83000000002,2415.03,0,1,155.0,155.0,7.0,93.0,1353.46,2415.03
SKU0044,2025-11-17,Small Appliances,Climate,53,127996.59,2415.03,0,0,92.0,164.0,7.0,93.0,1353.46,2415.03
SKU0044,2025-11-24,Small Appliances,Climate,121,243377.1,2053.6042857142857,6,0,31.0,0.0,7.0,93.0,1353.46,2415.03
SKU0044,2025-12-01,Small Appliances,Climate,58,140071.74000000002,2415.03,0,0,0.0,0.0,7.0,93.0,1353.46,2415.03
SKU0044,2025-12-08,Small Appliances,Climate,61,147316.83000000002,2415.03,0,0,0.0,0.0,7.0,93.0,1353.46,2415.03
SKU0044,2025-12-15,Small Appliances,Climate,56,135241.68000000002,2415.03,0,0,0.0,0.0,7.0,93.0,1353.46,2415.03
SKU0044,2025-12-22,Small Appliances,Climate,81,195617.43,2415.03,0,1,179.0,179.0,7.0,93.0,1353.46,2415.03
SKU0045,2024-03-25,Furniture,Seating,266,305618.04000000004,1148.94,0,0,,,,,497.51,1148.94
SKU0045,2024-04-01,Furniture,Seating,409,469916.46,1148.94,0,0,268.0,0.0,10.0,714.0,497.51,1148.94
SKU0045,2024-04-08,Furniture,Seating,407,467618.5800000001,1148.94,0,0,1386.0,1386.0,10.0,714.0,497.51,1148.94
SKU0045,2024-04-15,Furniture,Seating,480,551491.2000000001,1148.94,0,0,968.0,0.0,10.0,714.0,497.51,1148.94
SKU0045,2024-04-22,Furniture,Seating,467,536554.98,1148.94,0,0,499.0,942.0,10.0,714.0,497.51,1148.94
SKU0045,2024-04-29,Furniture,Seating,428,491746.32,1148.94,0,0,12.0,0.0,10.0,714.0,497.51,1148.94
SKU0045,2024-05-06,Furniture,Seating,480,551491.2000000001,1148.94,0,0,0.0,0.0,10.0,714.0,497.51,1148.94
SKU0045,2024-05-13,Furniture,Seating,438,503235.72,1148.94,0,0,0.0,1221.0,10.0,714.0,497.51,1148.94
SKU0045,2024-05-20,Furniture,Seating,318,365362.92,1148.94,0,0,0.0,0.0,10.0,714.0,497.51,1148.94
SKU0045,2024-05-27,Furniture,Seating,566,581756.33,1072.6742857142858,2,0,0.0,884.0,10.0,714.0,497.51,1148.94
SKU0045,2024-06-03,Furniture,Seating,718,702651.58,982.2314285714284,6,0,943.0,943.0,10.0,714.0,497.51,1148.94
SKU0045,2024-06-10,Furniture,Seating,387,444639.78,1148.94,0,0,1431.0,1065.0,10.0,714.0,497.51,1148.94
SKU0045,2024-06-17,Furniture,Seating,399,458427.06,1148.94,0,0,978.0,0.0,10.0,714.0,497.51,1148.94
SKU0045,2024-06-24,Furniture,Seating,336,386043.84,1148.94,0,0,435.0,0.0,10.0,714.0,497.51,1148.94
SKU0045,2024-07-01,Furniture,Seating,319,366511.86,1148.94,0,0,1228.0,1228.0,10.0,714.0,497.51,1148.94
SKU0045,2024-07-08,Furniture,Seating,297,341235.18,1148.94,0,0,923.0,0.0,10.0,714.0,497.51,1148.94
SKU0045,2024-07-15,Furniture,Seating,302,346979.88,1148.94,0,0,638.0,1280.0,10.0,714.0,497.51,1148.94
SKU0045,2024-07-22,Furniture,Seating,263,302171.22000000003,1148.94,0,0,367.0,1112.0,10.0,714.0,497.51,1148.94
SKU0045,2024-07-29,Furniture,Seating,263,302171.22000000003,1148.94,0,0,1245.0,1147.0,10.0,714.0,497.51,1148.94
SKU0045,2024-08-05,Furniture,Seating,305,350426.7,1148.94,0,0,970.0,0.0,10.0,714.0,497.51,1148.94
SKU0045,2024-08-12,Furniture,Seating,309,355022.46,1148.94,0,1,724.0,0.0,10.0,714.0,497.51,1148.94
SKU0045,2024-08-19,Furniture,Seating,226,259660.44,1148.94,0,0,424.0,0.0,10.0,714.0,497.51,1148.94
SKU0045,2024-08-26,Furniture,Seating,219,251617.86,1148.94,0,0,125.0,0.0,10.0,714.0,497.51,1148.94
SKU0045,2024-09-02,Furniture,Seating,236,271149.84,1148.94,0,0,1351.0,1351.0,10.0,714.0,497.51,1148.94
SKU0045,2024-09-09,Furniture,Seating,231,265405.14,1148.94,0,0,1098.0,0.0,10.0,714.0,497.51,1148.94
SKU0045,2024-09-16,Furniture,Seating,197,226341.18,1148.94,0,0,841.0,0.0,10.0,714.0,497.51,1148.94
SKU0045,2024-09-23,Furniture,Seating,174,199915.56,1148.94,0,0,607.0,0.0,10.0,714.0,497.51,1148.94
SKU0045,2024-09-30,Furniture,Seating,251,288383.94,1148.94,0,1,425.0,935.0,10.0,714.0,497.51,1148.94
SKU0045,2024-10-07,Furniture,Seating,200,229788.0,1148.94,0,0,234.0,1384.0,10.0,714.0,497.51,1148.94
SKU0045,2024-10-14,Furniture,Seating,268,288352.53,1112.6442857142858,1,0,18.0,1139.0,10.0,714.0,497.51,1148.94
SKU0045,2024-10-21,Furniture,Seating,396,376369.15,946.1942857142856,7,0,0.0,1385.0,10.0,714.0,497.51,1148.94
SKU0045,2024-10-28,Furniture,Seating,295,316190.94,1094.7657142857145,2,0,0.0,1143.0,10.0,714.0,497.51,1148.94
SKU0045,2024-11-04,Furniture,Seating,265,304469.10000000003,1148.94,0,0,0.0,0.0,10.0,714.0,497.51,1148.94
SKU0045,2024-11-11,Furniture,Seating,292,335490.48000000004,1148.94,0,1,0.0,0.0,10.0,714.0,497.51,1148.94
SKU0045,2024-11-18,Furniture,Seating,253,290681.82,1148.94,0,0,0.0,1380.0,10.0,714.0,497.51,1148.94
SKU0045,2024-11-25,Furniture,Seating,427,407787.51,967.1171428571428,6,0,0.0,0.0,10.0,714.0,497.51,1148.94
SKU0045,2024-12-02,Furniture,Seating,299,343533.06,1148.94,0,0,0.0,0.0,10.0,714.0,497.51,1148.94
SKU0045,2024-12-09,Furniture,Seating,309,355022.46,1148.94,0,0,0.0,1015.0,10.0,714.0,497.51,1148.94
SKU0045,2024-12-16,Furniture,Seating,319,366511.86,1148.94,0,0,0.0,0.0,10.0,714.0,497.51,1148.94
SKU0045,2024-12-23,Furniture,Seating,389,446937.66,1148.94,0,1,0.0,0.0,10.0,714.0,497.51,1148.94
SKU0045,2024-12-30,Furniture,Seating,382,438895.08,1148.94,0,1,0.0,0.0,10.0,714.0,497.51,1148.94
SKU0045,2025-01-06,Furniture,Seating,400,459576.0,1148.94,0,0,0.0,0.0,10.0,714.0,497.51,1148.94
SKU0045,2025-01-13,Furniture,Seating,659,624256.42,978.1514285714286,5,0,0.0,950.0,10.0,714.0,497.51,1148.94
SKU0045,2025-01-20,Furniture,Seating,542,559066.64,1054.428571428571,3,1,0.0,0.0,10.0,714.0,497.51,1148.94
SKU0045,2025-01-27,Furniture,Seating,484,556086.96,1148.94,0,0,0.0,1379.0,10.0,714.0,497.51,1148.94
SKU0045,2025-02-03,Furniture,Seating,431,495193.14,1148.94,0,0,1086.0,1086.0,10.0,714.0,497.51,1148.94
SKU0045,2025-02-10,Furniture,Seating,411,472214.34,1148.94,0,0,521.0,0.0,10.0,714.0,497.51,1148.94
SKU0045,2025-02-17,Furniture,Seating,454,521618.76,1148.94,0,0,88.0,0.0,10.0,714.0,497.51,1148.94
SKU0045,2025-02-24,Furniture,Seating,515,591704.1,1148.94,0,0,0.0,0.0,10.0,714.0,497.51,1148.94
SKU0045,2025-03-03,Furniture,Seating,491,564129.54,1148.94,0,0,0.0,938.0,10.0,714.0,497.51,1148.94
SKU0045,2025-03-10,Furniture,Seating,439,504384.66,1148.94,0,0,0.0,0.0,10.0,714.0,497.51,1148.94
SKU0045,2025-03-17,Furniture,Seating,490,562980.6000000001,1148.94,0,0,0.0,0.0,10.0,714.0,497.51,1148.94
SKU0045,2025-03-24,Furniture,Seating,447,513576.18000000005,1148.94,0,0,0.0,0.0,10.0,714.0,497.51,1148.94
SKU0045,2025-03-31,Furniture,Seating,536,615831.8400000001,1148.94,0,0,0.0,972.0,10.0,714.0,497.51,1148.94
SKU0045,2025-04-07,Furniture,Seating,519,596299.8600000001,1148.94,0,0,0.0,1288.0,10.0,714.0,497.51,1148.94
SKU0045,2025-04-14,Furniture,Seating,509,584810.46,1148.94,0,0,0.0,1386.0,10.0,714.0,497.51,1148.94
SKU0045,2025-04-21,Furniture,Seating,503,577916.8200000001,1148.94,0,0,1081.0,1081.0,10.0,714.0,497.51,1148.94
SKU0045,2025-04-28,Furniture,Seating,508,583661.52,1148.94,0,0,625.0,0.0,10.0,714.0,497.51,1148.94
SKU0045,2025-05-05,Furniture,Seating,519,596299.8600000001,1148.94,0,0,113.0,974.0,10.0,714.0,497.51,1148.94
SKU0045,2025-05-12,Furniture,Seating,562,645704.28,1148.94,0,0,0.0,0.0,10.0,714.0,497.51,1148.94
SKU0045,2025-05-19,Furniture,Seating,527,605491.38,1148.94,0,0,1419.0,1419.0,10.0,714.0,497.51,1148.94
SKU0045,2025-05-26,Furniture,Seating,604,672219.7,1130.3428571428572,1,0,897.0,0.0,10.0,714.0,497.51,1148.94
SKU0045,2025-06-02,Furniture,Seating,793,731590.89,920.0585714285714,7,0,283.0,865.0,10.0,714.0,497.51,1148.94
SKU0045,2025-06-09,Furniture,Seating,392,450384.48,1148.94,0,0,1041.0,1041.0,10.0,714.0,497.51,1148.94
SKU0045,2025-06-16,Furniture,Seating,420,482554.8000000001,1148.94,0,0,416.0,1399.0,10.0,714.0,497.51,1148.94
SKU0045,2025-06-23,Furniture,Seating,350,402129.0,1148.94,0,0,0.0,1350.0,10.0,714.0,497.51,1148.94
SKU0045,2025-06-30,Furniture,Seating,393,451533.42,1148.94,0,0,0.0,1205.0,10.0,714.0,497.51,1148.94
SKU0045,2025-07-07,Furniture,Seating,390,448086.6,1148.94,0,0,0.0,961.0,10.0,714.0,497.51,1148.94
SKU0045,2025-07-14,Furniture,Seating,380,436597.2,1148.94,0,0,0.0,947.0,10.0,714.0,497.51,1148.94
SKU0045,2025-07-21,Furniture,Seating,391,449235.54,1148.94,0,0,0.0,0.0,10.0,714.0,497.51,1148.94
SKU0045,2025-07-28,Furniture,Seating,362,415916.28,1148.94,0,0,0.0,1348.0,10.0,714.0,497.51,1148.94
SKU0045,2025-08-04,Furniture,Seating,373,428554.62000000005,1148.94,0,0,0.0,0.0,10.0,714.0,497.51,1148.94
SKU0045,2025-08-11,Furniture,Seating,307,352724.58,1148.94,0,1,0.0,0.0,10.0,714.0,497.51,1148.94
SKU0045,2025-08-18,Furniture,Seating,291,334341.54000000004,1148.94,0,0,0.0,0.0,10.0,714.0,497.51,1148.94
SKU0045,2025-08-25,Furniture,Seating,277,318256.38,1148.94,0,0,0.0,0.0,10.0,714.0,497.51,1148.94
SKU0045,2025-09-01,Furniture,Seating,282,324001.08,1148.94,0,0,1327.0,1327.0,10.0,714.0,497.51,1148.94
SKU0045,2025-09-08,Furniture,Seating,279,320554.26,1148.94,0,0,1032.0,0.0,10.0,714.0,497.51,1148.94
SKU0045,2025-09-15,Furniture,Seating,269,309064.86,1148.94,0,0,696.0,1043.0,10.0,714.0,497.51,1148.94
SKU0045,2025-09-22,Furniture,Seating,273,313660.62,1148.94,0,0,400.0,990.0,10.0,714.0,497.51,1148.94
SKU0045,2025-09-29,Furniture,Seating,322,369958.68000000005,1148.94,0,1,151.0,1218.0,10.0,714.0,497.51,1148.94
SKU0045,2025-10-06,Furniture,Seating,225,258511.5,1148.94,0,0,0.0,971.0,10.0,714.0,497.51,1148.94
SKU0045,2025-10-13,Furniture,Seating,247,283788.18000000005,1148.94,0,0,0.0,1277.0,10.0,714.0,497.51,1148.94
SKU0045,2025-10-20,Furniture,Seating,525,503262.57,959.9714285714286,7,0,0.0,0.0,10.0,714.0,497.51,1148.94
SKU0045,2025-10-27,Furniture,Seating,359,377454.95,1067.997142857143,3,0,0.0,0.0,10.0,714.0,497.51,1148.94
SKU0045,2025-11-03,Furniture,Seating,274,314809.56,1148.94,0,0,0.0,1304.0,10.0,714.0,497.51,1148.94
SKU0045,2025-11-10,Furniture,Seating,360,413618.4,1148.94,0,1,0.0,0.0,10.0,714.0,497.51,1148.94
SKU0045,2025-11-17,Furniture,Seating,348,399831.12,1148.94,0,0,0.0,0.0,10.0,714.0,497.51,1148.94
SKU0045,2025-11-24,Furniture,Seating,617,611384.37,995.8842857142856,6,0,0.0,0.0,10.0,714.0,497.51,1148.94
SKU0045,2025-12-01,Furniture,Seating,328,376852.32,1148.94,0,0,0.0,0.0,10.0,714.0,497.51,1148.94
SKU0045,2025-12-08,Furniture,Seating,361,414767.34,1148.94,0,0,0.0,0.0,10.0,714.0,497.51,1148.94
SKU0045,2025-12-15,Furniture,Seating,408,468767.52,1148.94,0,0,0.0,1303.0,10.0,714.0,497.51,1148.94
SKU0045,2025-12-22,Furniture,Seating,489,561831.66,1148.94,0,1,0.0,1060.0,10.0,714.0,497.51,1148.94
SKU0046,2024-09-09,Furniture,Storage,154,1428058.94,9273.11,0,0,536.0,0.0,10.0,442.0,3537.52,9273.11
SKU0046,2024-09-16,Furniture,Storage,163,1511516.9300000002,9273.11,0,0,353.0,0.0,10.0,442.0,3537.52,9273.11
SKU0046,2024-09-23,Furniture,Storage,145,1344600.9500000002,9273.11,0,0,168.0,633.0,10.0,442.0,3537.52,9273.11
SKU0046,2024-09-30,Furniture,Storage,137,1270416.07,9273.11,0,1,4.0,734.0,10.0,442.0,3537.52,9273.11
SKU0046,2024-10-07,Furniture,Storage,119,1103500.09,9273.11,0,0,697.0,697.0,10.0,442.0,3537.52,9273.11
SKU0046,2024-10-14,Furniture,Storage,155,1377123.57,9086.127142857144,1,0,577.0,0.0,10.0,442.0,3537.52,9273.11
SKU0046,2024-10-21,Furniture,Storage,281,2184157.25,7777.428571428572,7,0,450.0,0.0,10.0,442.0,3537.52,9273.11
SKU0046,2024-10-28,Furniture,Storage,183,1550149.28,8708.901428571427,2,0,268.0,0.0,10.0,442.0,3537.52,9273.11
SKU0046,2024-11-04,Furniture,Storage,171,1585701.81,9273.11,0,0,66.0,0.0,10.0,442.0,3537.52,9273.11
SKU0046,2024-11-11,Furniture,Storage,190,1761890.9,9273.11,0,1,0.0,645.0,10.0,442.0,3537.52,9273.11
SKU0046,2024-11-18,Furniture,Storage,171,1585701.81,9273.11,0,0,0.0,668.0,10.0,442.0,3537.52,9273.11
SKU0046,2024-11-25,Furniture,Storage,338,2675182.3400000003,7934.504285714285,6,0,0.0,0.0,10.0,442.0,3537.52,9273.11
SKU0046,2024-12-02,Furniture,Storage,173,1604248.03,9273.11,0,0,0.0,0.0,10.0,442.0,3537.52,9273.11
SKU0046,2024-12-09,Furniture,Storage,237,2197727.0700000003,9273.11,0,0,0.0,0.0,10.0,442.0,3537.52,9273.11
SKU0046,2024-12-16,Furniture,Storage,204,1891714.44,9273.11,0,0,0.0,0.0,10.0,442.0,3537.52,9273.11
SKU0046,2024-12-23,Furniture,Storage,224,2077176.64,9273.11,0,1,0.0,835.0,10.0,442.0,3537.52,9273.11
SKU0046,2024-12-30,Furniture,Storage,185,1715525.35,9273.11,0,1,0.0,0.0,10.0,442.0,3537.52,9273.11
SKU0046,2025-01-06,Furniture,Storage,219,2030811.09,9273.11,0,0,827.0,827.0,10.0,442.0,3537.52,9273.11
SKU0046,2025-01-13,Furniture,Storage,480,3845315.76,8247.997142857143,5,0,607.0,0.0,10.0,442.0,3537.52,9273.11
SKU0046,2025-01-20,Furniture,Storage,368,3143471.97,8690.917142857143,3,1,345.0,0.0,10.0,442.0,3537.52,9273.11
SKU0046,2025-01-27,Furniture,Storage,302,2800479.22,9273.11,0,0,0.0,0.0,10.0,442.0,3537.52,9273.11
SKU0046,2025-02-03,Furniture,Storage,250,2318277.5,9273.11,0,0,0.0,0.0,10.0,442.0,3537.52,9273.11
SKU0046,2025-02-10,Furniture,Storage,284,2633563.24,9273.11,0,0,0.0,0.0,10.0,442.0,3537.52,9273.11
SKU0046,2025-02-17,Furniture,Storage,283,2624290.13,9273.11,0,0,0.0,0.0,10.0,442.0,3537.52,9273.11
SKU0046,2025-02-24,Furniture,Storage,273,2531559.0300000003,9273.11,0,0,0.0,631.0,10.0,442.0,3537.52,9273.11
SKU0046,2025-03-03,Furniture,Storage,338,3134311.18,9273.11,0,0,0.0,0.0,10.0,442.0,3537.52,9273.11
SKU0046,2025-03-10,Furniture,Storage,277,2568651.47,9273.11,0,0,0.0,664.0,10.0,442.0,3537.52,9273.11
SKU0046,2025-03-17,Furniture,Storage,342,3171403.62,9273.11,0,0,0.0,728.0,10.0,442.0,3537.52,9273.11
SKU0046,2025-03-24,Furniture,Storage,340,3152857.4000000004,9273.11,0,0,0.0,540.0,10.0,442.0,3537.52,9273.11
SKU0046,2025-03-31,Furniture,Storage,271,2513012.81,9273.11,0,0,0.0,688.0,10.0,442.0,3537.52,9273.11
SKU0046,2025-04-07,Furniture,Storage,337,3125038.0700000003,9273.11,0,0,533.0,533.0,10.0,442.0,3537.52,9273.11
SKU0046,2025-04-14,Furniture,Storage,316,2930302.76,9273.11,0,0,263.0,0.0,10.0,442.0,3537.52,9273.11
SKU0046,2025-04-21,Furniture,Storage,274,2540832.14,9273.11,0,0,0.0,0.0,10.0,442.0,3537.52,9273.11
SKU0046,2025-04-28,Furniture,Storage,323,2995214.5300000003,9273.11,0,0,809.0,809.0,10.0,442.0,3537.52,9273.11
SKU0046,2025-05-05,Furniture,Storage,290,2689201.9000000004,9273.11,0,0,479.0,0.0,10.0,442.0,3537.52,9273.11
SKU0046,2025-05-12,Furniture,Storage,281,2605743.91,9273.11,0,0,191.0,621.0,10.0,442.0,3537.52,9273.11
SKU0046,2025-05-19,Furniture,Storage,311,2883937.21,9273.11,0,0,806.0,806.0,10.0,442.0,3537.52,9273.11
SKU0046,2025-05-26,Furniture,Storage,335,2908775.65,9016.335714285717,1,0,470.0,0.0,10.0,442.0,3537.52,9273.11
SKU0046,2025-06-02,Furniture,Storage,545,4003472.49,7366.502857142857,7,0,902.0,735.0,10.0,442.0,3537.52,9273.11
SKU0046,2025-06-09,Furniture,Storage,264,2448101.04,9273.11,0,0,576.0,0.0,10.0,442.0,3537.52,9273.11
SKU0046,2025-06-16,Furniture,Storage,233,2160634.6300000004,9273.11,0,0,187.0,0.0,10.0,442.0,3537.52,9273.11
SKU0046,2025-06-23,Furniture,Storage,215,1993718.65,9273.11,0,0,0.0,536.0,10.0,442.0,3537.52,9273.11
SKU0046,2025-06-30,Furniture,Storage,251,2327550.6100000003,9273.11,0,0,652.0,652.0,10.0,442.0,3537.52,9273.11
SKU0046,2025-07-07,Furniture,Storage,235,2179180.85,9273.11,0,0,1273.0,863.0,10.0,442.0,3537.52,9273.11
SKU0046,2025-07-14,Furniture,Storage,207,1919533.77,9273.11,0,0,1050.0,0.0,10.0,442.0,3537.52,9273.11
SKU0046,2025-07-21,Furniture,Storage,230,2132815.3000000003,9273.11,0,0,798.0,0.0,10.0,442.0,3537.52,9273.11
SKU0046,2025-07-28,Furniture,Storage,211,1956626.21,9273.11,0,0,576.0,0.0,10.0,442.0,3537.52,9273.11
SKU0046,2025-08-04,Furniture,Storage,135,1251869.85,9273.11,0,0,1136.0,774.0,10.0,442.0,3537.52,9273.11
SKU0046,2025-08-11,Furniture,Storage,166,1539336.26,9273.11,0,1,950.0,0.0,10.0,442.0,3537.52,9273.11
SKU0046,2025-08-18,Furniture,Storage,192,1780437.12,9273.11,0,0,774.0,0.0,10.0,442.0,3537.52,9273.11
SKU0046,2025-08-25,Furniture,Storage,169,1567155.59,9273.11,0,0,622.0,0.0,10.0,442.0,3537.52,9273.11
SKU0046,2025-09-01,Furniture,Storage,149,1381693.39,9273.11,0,0,467.0,0.0,10.0,442.0,3537.52,9273.11
SKU0046,2025-09-08,Furniture,Storage,157,1455878.27,9273.11,0,0,307.0,798.0,10.0,442.0,3537.52,9273.11
SKU0046,2025-09-15,Furniture,Storage,162,1502243.82,9273.11,0,0,166.0,546.0,10.0,442.0,3537.52,9273.11
SKU0046,2025-09-22,Furniture,Storage,162,1502243.82,9273.11,0,0,11.0,602.0,10.0,442.0,3537.52,9273.11
SKU0046,2025-09-29,Furniture,Storage,155,1437332.05,9273.11,0,1,0.0,0.0,10.0,442.0,3537.52,9273.11
SKU0046,2025-10-06,Furniture,Storage,171,1585701.81,9273.11,0,0,0.0,761.0,10.0,442.0,3537.52,9273.11
SKU0046,2025-10-13,Furniture,Storage,150,1390966.5,9273.11,0,0,0.0,830.0,10.0,442.0,3537.52,9273.11
SKU0046,2025-10-20,Furniture,Storage,323,2448204.79,7533.927142857143,7,0,0.0,651.0,10.0,442.0,3537.52,9273.11
SKU0046,2025-10-27,Furniture,Storage,239,1956486.34,8575.268571428573,3,0,0.0,0.0,10.0,442.0,3537.52,9273.11
SKU0046,2025-11-03,Furniture,Storage,167,1548609.37,9273.11,0,0,0.0,0.0,10.0,442.0,3537.52,9273.11
SKU0046,2025-11-10,Furniture,Storage,192,1780437.12,9273.11,0,1,0.0,0.0,10.0,442.0,3537.52,9273.11
SKU0046,2025-11-17,Furniture,Storage,214,1984445.54,9273.11,0,0,0.0,568.0,10.0,442.0,3537.52,9273.11
SKU0046,2025-11-24,Furniture,Storage,378,2923039.16,7894.402857142857,6,0,718.0,718.0,10.0,442.0,3537.52,9273.11
SKU0046,2025-12-01,Furniture,Storage,189,1752617.79,9273.11,0,0,467.0,0.0,10.0,442.0,3537.52,9273.11
SKU0046,2025-12-08,Furniture,Storage,235,2179180.85,9273.11,0,0,953.0,722.0,10.0,442.0,3537.52,9273.11
SKU0046,2025-12-15,Furniture,Storage,224,2077176.64,9273.11,0,0,698.0,0.0,10.0,442.0,3537.52,9273.11
SKU0046,2025-12-22,Furniture,Storage,222,2058630.42,9273.11,0,1,474.0,0.0,10.0,442.0,3537.52,9273.11
SKU0047,2024-04-29,Furniture,Seating,44,222961.64,5067.31,0,0,,,,,2413.56,5067.31
SKU0047,2024-05-06,Furniture,Seating,138,699288.78,5067.31,0,0,148.0,0.0,10.0,143.0,2413.56,5067.31
SKU0047,2024-05-13,Furniture,Seating,114,577673.3400000001,5067.31,0,0,0.0,213.0,10.0,143.0,2413.56,5067.31
SKU0047,2024-05-20,Furniture,Seating,133,673952.2300000001,5067.31,0,0,0.0,0.0,10.0,143.0,2413.56,5067.31
SKU0047,2024-05-27,Furniture,Seating,136,629501.6,4834.522857142858,2,0,0.0,175.0,10.0,143.0,2413.56,5067.31
SKU0047,2024-06-03,Furniture,Seating,218,918030.36,4301.828571428571,6,0,211.0,211.0,10.0,143.0,2413.56,5067.31
SKU0047,2024-06-10,Furniture,Seating,90,456057.9,5067.31,0,0,47.0,0.0,10.0,143.0,2413.56,5067.31
SKU0047,2024-06-17,Furniture,Seating,93,471259.83,5067.31,0,0,0.0,252.0,10.0,143.0,2413.56,5067.31
SKU0047,2024-06-24,Furniture,Seating,68,344577.08,5067.31,0,0,0.0,273.0,10.0,143.0,2413.56,5067.31
SKU0047,2024-07-01,Furniture,Seating,86,435788.66,5067.31,0,0,0.0,0.0,10.0,143.0,2413.56,5067.31
SKU0047,2024-07-08,Furniture,Seating,78,395250.18,5067.31,0,0,0.0,0.0,10.0,143.0,2413.56,5067.31
SKU0047,2024-07-15,Furniture,Seating,98,496596.38000000006,5067.31,0,0,0.0,0.0,10.0,143.0,2413.56,5067.31
SKU0047,2024-07-22,Furniture,Seating,82,415519.42,5067.31,0,0,0.0,0.0,10.0,143.0,2413.56,5067.31
SKU0047,2024-07-29,Furniture,Seating,68,344577.08,5067.31,0,0,262.0,262.0,10.0,143.0,2413.56,5067.31
SKU0047,2024-08-05,Furniture,Seating,53,268567.43,5067.31,0,0,189.0,0.0,10.0,143.0,2413.56,5067.31
SKU0047,2024-08-12,Furniture,Seating,56,283769.36,5067.31,0,1,116.0,263.0,10.0,143.0,2413.56,5067.31
SKU0047,2024-08-19,Furniture,Seating,68,344577.08,5067.31,0,0,52.0,0.0,10.0,143.0,2413.56,5067.31
SKU0047,2024-08-26,Furniture,Seating,69,349644.39,5067.31,0,0,2.0,0.0,10.0,143.0,2413.56,5067.31
SKU0047,2024-09-02,Furniture,Seating,45,228028.95,5067.31,0,0,0.0,0.0,10.0,143.0,2413.56,5067.31
SKU0047,2024-09-09,Furniture,Seating,53,268567.43000000005,5067.31,0,0,232.0,232.0,10.0,143.0,2413.56,5067.31
SKU0047,2024-09-16,Furniture,Seating,49,248298.19000000003,5067.31,0,0,179.0,0.0,10.0,143.0,2413.56,5067.31
SKU0047,2024-09-23,Furniture,Seating,43,217894.33,5067.31,0,0,126.0,174.0,10.0,143.0,2413.56,5067.31
SKU0047,2024-09-30,Furniture,Seating,49,248298.19,5067.31,0,1,365.0,284.0,10.0,143.0,2413.56,5067.31
SKU0047,2024-10-07,Furniture,Seating,39,197625.09000000003,5067.31,0,0,317.0,0.0,10.0,143.0,2413.56,5067.31
SKU0047,2024-10-14,Furniture,Seating,69,320755.24000000005,4887.874285714286,1,0,273.0,0.0,10.0,143.0,2413.56,5067.31
SKU0047,2024-10-21,Furniture,Seating,115,466637.75,4070.007142857143,7,0,224.0,0.0,10.0,143.0,2413.56,5067.31
SKU0047,2024-10-28,Furniture,Seating,69,321955.03,4798.35,2,0,149.0,0.0,10.0,143.0,2413.56,5067.31
SKU0047,2024-11-04,Furniture,Seating,55,278702.05000000005,5067.31,0,0,344.0,264.0,10.0,143.0,2413.56,5067.31
SKU0047,2024-11-11,Furniture,Seating,78,395250.18000000005,5067.31,0,1,278.0,0.0,10.0,143.0,2413.56,5067.31
SKU0047,2024-11-18,Furniture,Seating,58,293903.98000000004,5067.31,0,0,209.0,0.0,10.0,143.0,2413.56,5067.31
SKU0047,2024-11-25,Furniture,Seating,126,535915.63,4320.602857142857,6,0,144.0,0.0,10.0,143.0,2413.56,5067.31
SKU0047,2024-12-02,Furniture,Seating,63,319240.53,5067.31,0,0,72.0,185.0,10.0,143.0,2413.56,5067.31
SKU0047,2024-12-09,Furniture,Seating,63,319240.53,5067.31,0,0,0.0,209.0,10.0,143.0,2413.56,5067.31
SKU0047,2024-12-16,Furniture,Seating,61,309105.91000000003,5067.31,0,0,0.0,0.0,10.0,143.0,2413.56,5067.31
SKU0047,2024-12-23,Furniture,Seating,70,354711.7,5067.31,0,1,0.0,0.0,10.0,143.0,2413.56,5067.31
SKU0047,2024-12-30,Furniture,Seating,75,380048.25,5067.31,0,1,266.0,266.0,10.0,143.0,2413.56,5067.31
SKU0047,2025-01-06,Furniture,Seating,65,329375.15,5067.31,0,0,205.0,0.0,10.0,143.0,2413.56,5067.31
SKU0047,2025-01-13,Furniture,Seating,147,621352.0,4432.998571428571,5,0,396.0,261.0,10.0,143.0,2413.56,5067.31
SKU0047,2025-01-20,Furniture,Seating,102,458715.36,4710.307142857143,3,1,300.0,0.0,10.0,143.0,2413.56,5067.31
SKU0047,2025-01-27,Furniture,Seating,86,435788.66,5067.31,0,0,206.0,0.0,10.0,143.0,2413.56,5067.31
SKU0047,2025-02-03,Furniture,Seating,98,496596.38,5067.31,0,0,118.0,0.0,10.0,143.0,2413.56,5067.31
SKU0047,2025-02-10,Furniture,Seating,90,456057.9,5067.31,0,0,0.0,0.0,10.0,143.0,2413.56,5067.31
SKU0047,2025-02-17,Furniture,Seating,111,562471.41,5067.31,0,0,0.0,0.0,10.0,143.0,2413.56,5067.31
SKU0047,2025-02-24,Furniture,Seating,87,440855.97,5067.31,0,0,0.0,256.0,10.0,143.0,2413.56,5067.31
SKU0047,2025-03-03,Furniture,Seating,111,562471.41,5067.31,0,0,0.0,279.0,10.0,143.0,2413.56,5067.31
SKU0047,2025-03-10,Furniture,Seating,95,481394.45,5067.31,0,0,0.0,0.0,10.0,143.0,2413.56,5067.31
SKU0047,2025-03-17,Furniture,Seating,88,445923.28,5067.31,0,0,0.0,0.0,10.0,143.0,2413.56,5067.31
SKU0047,2025-03-24,Furniture,Seating,96,486461.76,5067.31,0,0,0.0,180.0,10.0,143.0,2413.56,5067.31
SKU0047,2025-03-31,Furniture,Seating,100,506731.00000000006,5067.31,0,0,269.0,269.0,10.0,143.0,2413.56,5067.31
SKU0047,2025-04-07,Furniture,Seating,107,542202.17,5067.31,0,0,166.0,0.0,10.0,143.0,2413.56,5067.31
SKU0047,2025-04-14,Furniture,Seating,96,486461.76,5067.31,0,0,62.0,0.0,10.0,143.0,2413.56,5067.31
SKU0047,2025-04-21,Furniture,Seating,95,481394.45000000007,5067.31,0,0,0.0,0.0,10.0,143.0,2413.56,5067.31
SKU0047,2025-04-28,Furniture,Seating,91,461125.21,5067.31,0,0,0.0,0.0,10.0,143.0,2413.56,5067.31
SKU0047,2025-05-05,Furniture,Seating,83,420586.73,5067.31,0,0,0.0,0.0,10.0,143.0,2413.56,5067.31
SKU0047,2025-05-12,Furniture,Seating,112,567538.7200000001,5067.31,0,0,0.0,279.0,10.0,143.0,2413.56,5067.31
SKU0047,2025-05-19,Furniture,Seating,73,369913.63,5067.31,0,0,0.0,0.0,10.0,143.0,2413.56,5067.31
SKU0047,2025-05-26,Furniture,Seating,124,589490.3500000001,4938.22,1,0,0.0,274.0,10.0,143.0,2413.56,5067.31
SKU0047,2025-06-02,Furniture,Seating,138,591874.08,4270.32,7,0,0.0,0.0,10.0,143.0,2413.56,5067.31
SKU0047,2025-06-09,Furniture,Seating,80,405384.8000000001,5067.31,0,0,0.0,232.0,10.0,143.0,2413.56,5067.31
SKU0047,2025-06-16,Furniture,Seating,80,405384.8000000001,5067.31,0,0,179.0,179.0,10.0,143.0,2413.56,5067.31
SKU0047,2025-06-23,Furniture,Seating,70,354711.7,5067.31,0,0,88.0,238.0,10.0,143.0,2413.56,5067.31
SKU0047,2025-06-30,Furniture,Seating,61,309105.91000000003,5067.31,0,0,0.0,0.0,10.0,143.0,2413.56,5067.31
SKU0047,2025-07-07,Furniture,Seating,57,288836.67000000004,5067.31,0,0,0.0,275.0,10.0,143.0,2413.56,5067.31
SKU0047,2025-07-14,Furniture,Seating,64,324307.84,5067.31,0,0,0.0,0.0,10.0,143.0,2413.56,5067.31
SKU0047,2025-07-21,Furniture,Seating,50,253365.50000000003,5067.31,0,0,0.0,200.0,10.0,143.0,2413.56,5067.31
SKU0047,2025-07-28,Furniture,Seating,53,268567.43,5067.31,0,0,0.0,285.0,10.0,143.0,2413.56,5067.31
SKU0047,2025-08-04,Furniture,Seating,61,309105.91000000003,5067.31,0,0,236.0,236.0,10.0,143.0,2413.56,5067.31
SKU0047,2025-08-11,Furniture,Seating,59,298971.29000000004,5067.31,0,1,183.0,0.0,10.0,143.0,2413.56,5067.31
SKU0047,2025-08-18,Furniture,Seating,45,228028.95,5067.31,0,0,132.0,265.0,10.0,143.0,2413.56,5067.31
SKU0047,2025-08-25,Furniture,Seating,46,233096.26,5067.31,0,0,268.0,195.0,10.0,143.0,2413.56,5067.31
SKU0047,2025-09-01,Furniture,Seating,40,202692.4,5067.31,0,0,220.0,0.0,10.0,143.0,2413.56,5067.31
SKU0047,2025-09-08,Furniture,Seating,45,228028.95,5067.31,0,0,168.0,0.0,10.0,143.0,2413.56,5067.31
SKU0047,2025-09-15,Furniture,Seating,31,157086.61000000002,5067.31,0,0,362.0,237.0,10.0,143.0,2413.56,5067.31
SKU0047,2025-09-22,Furniture,Seating,41,207759.71,5067.31,0,0,318.0,0.0,10.0,143.0,2413.56,5067.31
SKU0047,2025-09-29,Furniture,Seating,57,288836.67000000004,5067.31,0,1,277.0,0.0,10.0,143.0,2413.56,5067.31
SKU0047,2025-10-06,Furniture,Seating,46,233096.26,5067.31,0,0,238.0,0.0,10.0,143.0,2413.56,5067.31
SKU0047,2025-10-13,Furniture,Seating,34,172288.54,5067.31,0,0,199.0,0.0,10.0,143.0,2413.56,5067.31
SKU0047,2025-10-20,Furniture,Seating,85,366718.89,4334.207142857143,7,0,157.0,0.0,10.0,143.0,2413.56,5067.31
SKU0047,2025-10-27,Furniture,Seating,63,283329.33,4652.617142857142,3,0,104.0,192.0,10.0,143.0,2413.56,5067.31
SKU0047,2025-11-03,Furniture,Seating,44,222961.64,5067.31,0,0,294.0,241.0,10.0,143.0,2413.56,5067.31
SKU0047,2025-11-10,Furniture,Seating,48,243230.88,5067.31,0,1,244.0,0.0,10.0,143.0,2413.56,5067.31
SKU0047,2025-11-17,Furniture,Seating,52,263500.12,5067.31,0,0,185.0,0.0,10.0,143.0,2413.56,5067.31
SKU0047,2025-11-24,Furniture,Seating,119,507869.5,4369.487142857143,6,0,131.0,213.0,10.0,143.0,2413.56,5067.31
SKU0047,2025-12-01,Furniture,Seating,45,228028.95,5067.31,0,0,251.0,177.0,10.0,143.0,2413.56,5067.31
SKU0047,2025-12-08,Furniture,Seating,45,228028.95,5067.31,0,0,175.0,0.0,10.0,143.0,2413.56,5067.31
SKU0047,2025-12-15,Furniture,Seating,65,329375.15,5067.31,0,0,108.0,0.0,10.0,143.0,2413.56,5067.31
SKU0047,2025-12-22,Furniture,Seating,60,304038.60000000003,5067.31,0,1,252.0,218.0,10.0,143.0,2413.56,5067.31
SKU0048,2024-02-19,Decor,Lighting,220,1237515.4,5625.07,0,0,,,,,3383.8,5625.07
SKU0048,2024-02-26,Decor,Lighting,300,1687521.0,5625.07,0,0,593.0,0.0,7.0,376.0,3383.8,5625.07
SKU0048,2024-03-04,Decor,Lighting,331,1861898.17,5625.07,0,0,281.0,0.0,7.0,376.0,3383.8,5625.07
SKU0048,2024-03-11,Decor,Lighting,255,1434392.85,5625.07,0,0,0.0,0.0,7.0,376.0,3383.8,5625.07
SKU0048,2024-03-18,Decor,Lighting,274,1541269.18,5625.07,0,0,0.0,587.0,7.0,376.0,3383.8,5625.07
SKU0048,2024-03-25,Decor,Lighting,353,1985649.71,5625.07,0,0,0.0,709.0,7.0,376.0,3383.8,5625.07
SKU0048,2024-04-01,Decor,Lighting,326,1833772.82,5625.07,0,0,0.0,668.0,7.0,376.0,3383.8,5625.07
SKU0048,2024-04-08,Decor,Lighting,342,1923773.94,5625.07,0,0,0.0,0.0,7.0,376.0,3383.8,5625.07
SKU0048,2024-04-15,Decor,Lighting,343,1929399.01,5625.07,0,0,0.0,589.0,7.0,376.0,3383.8,5625.07
SKU0048,2024-04-22,Decor,Lighting,328,1845022.96,5625.07,0,0,0.0,0.0,7.0,376.0,3383.8,5625.07
SKU0048,2024-04-29,Decor,Lighting,370,2081275.9,5625.07,0,0,0.0,557.0,7.0,376.0,3383.8,5625.07
SKU0048,2024-05-06,Decor,Lighting,294,1653770.5799999998,5625.07,0,0,0.0,679.0,7.0,376.0,3383.8,5625.07
SKU0048,2024-05-13,Decor,Lighting,281,1580644.67,5625.07,0,0,0.0,651.0,7.0,376.0,3383.8,5625.07
SKU0048,2024-05-20,Decor,Lighting,256,1440017.92,5625.07,0,0,0.0,471.0,7.0,376.0,3383.8,5625.07
SKU0048,2024-05-27,Decor,Lighting,415,2113286.28,5349.571428571428,2,0,0.0,0.0,7.0,376.0,3383.8,5625.07
SKU0048,2024-06-03,Decor,Lighting,536,2469566.04,4674.154285714286,6,0,0.0,494.0,7.0,376.0,3383.8,5625.07
SKU0048,2024-06-10,Decor,Lighting,292,1642520.44,5625.07,0,0,0.0,0.0,7.0,376.0,3383.8,5625.07
SKU0048,2024-06-17,Decor,Lighting,302,1698771.14,5625.07,0,0,0.0,0.0,7.0,376.0,3383.8,5625.07
SKU0048,2024-06-24,Decor,Lighting,233,1310641.31,5625.07,0,0,0.0,0.0,7.0,376.0,3383.8,5625.07
SKU0048,2024-07-01,Decor,Lighting,254,1428767.78,5625.07,0,0,0.0,714.0,7.0,376.0,3383.8,5625.07
SKU0048,2024-07-08,Decor,Lighting,232,1305016.24,5625.07,0,0,0.0,518.0,7.0,376.0,3383.8,5625.07
SKU0048,2024-07-15,Decor,Lighting,235,1321891.45,5625.07,0,0,0.0,638.0,7.0,376.0,3383.8,5625.07
SKU0048,2024-07-22,Decor,Lighting,185,1040637.95,5625.07,0,0,0.0,0.0,7.0,376.0,3383.8,5625.07
SKU0048,2024-07-29,Decor,Lighting,191,1074388.37,5625.07,0,0,0.0,480.0,7.0,376.0,3383.8,5625.07
SKU0048,2024-08-05,Decor,Lighting,231,1299391.17,5625.07,0,0,0.0,0.0,7.0,376.0,3383.8,5625.07
SKU0048,2024-08-12,Decor,Lighting,209,1175639.63,5625.07,0,1,0.0,0.0,7.0,376.0,3383.8,5625.07
SKU0048,2024-08-19,Decor,Lighting,198,1113763.86,5625.07,0,0,0.0,524.0,7.0,376.0,3383.8,5625.07
SKU0048,2024-08-26,Decor,Lighting,169,950636.8299999998,5625.07,0,0,0.0,0.0,7.0,376.0,3383.8,5625.07
SKU0048,2024-09-02,Decor,Lighting,161,905636.27,5625.07,0,0,0.0,0.0,7.0,376.0,3383.8,5625.07
SKU0048,2024-09-09,Decor,Lighting,186,1046263.02,5625.07,0,0,0.0,614.0,7.0,376.0,3383.8,5625.07
SKU0048,2024-09-16,Decor,Lighting,146,821260.22,5625.07,0,0,640.0,640.0,7.0,376.0,3383.8,5625.07
SKU0048,2024-09-23,Decor,Lighting,151,849385.57,5625.07,0,0,471.0,0.0,7.0,376.0,3383.8,5625.07
SKU0048,2024-09-30,Decor,Lighting,152,855010.6399999999,5625.07,0,1,785.0,454.0,7.0,376.0,3383.8,5625.07
SKU0048,2024-10-07,Decor,Lighting,174,978762.18,5625.07,0,0,625.0,0.0,7.0,376.0,3383.8,5625.07
SKU0048,2024-10-14,Decor,Lighting,188,1001974.76,5459.777142857143,1,0,446.0,0.0,7.0,376.0,3383.8,5625.07
SKU0048,2024-10-21,Decor,Lighting,373,1703875.51,4558.167142857144,7,0,287.0,0.0,7.0,376.0,3383.8,5625.07
SKU0048,2024-10-28,Decor,Lighting,228,1128744.21,5249.762857142857,2,0,75.0,588.0,7.0,376.0,3383.8,5625.07
SKU0048,2024-11-04,Decor,Lighting,154,866260.7799999999,5625.07,0,0,0.0,512.0,7.0,376.0,3383.8,5625.07
SKU0048,2024-11-11,Decor,Lighting,214,1203764.98,5625.07,0,1,0.0,0.0,7.0,376.0,3383.8,5625.07
SKU0048,2024-11-18,Decor,Lighting,190,1068763.2999999998,5625.07,0,0,720.0,720.0,7.0,376.0,3383.8,5625.07
SKU0048,2024-11-25,Decor,Lighting,415,1996242.6,4866.681428571429,6,0,501.0,0.0,7.0,376.0,3383.8,5625.07
SKU0048,2024-12-02,Decor,Lighting,222,1248765.54,5625.07,0,0,269.0,0.0,7.0,376.0,3383.8,5625.07
SKU0048,2024-12-09,Decor,Lighting,277,1558144.39,5625.07,0,0,44.0,0.0,7.0,376.0,3383.8,5625.07
SKU0048,2024-12-16,Decor,Lighting,281,1580644.67,5625.07,0,0,0.0,0.0,7.0,376.0,3383.8,5625.07
SKU0048,2024-12-23,Decor,Lighting,272,1530019.04,5625.07,0,1,0.0,0.0,7.0,376.0,3383.8,5625.07
SKU0048,2024-12-30,Decor,Lighting,311,1749396.77,5625.07,0,1,743.0,743.0,7.0,376.0,3383.8,5625.07
SKU0048,2025-01-06,Decor,Lighting,293,1648145.5099999998,5625.07,0,0,452.0,0.0,7.0,376.0,3383.8,5625.07
SKU0048,2025-01-13,Decor,Lighting,569,2614498.3600000003,4808.312857142858,5,0,150.0,0.0,7.0,376.0,3383.8,5625.07
SKU0048,2025-01-20,Decor,Lighting,442,2310388.41,5283.205714285715,3,1,0.0,0.0,7.0,376.0,3383.8,5625.07
SKU0048,2025-01-27,Decor,Lighting,326,1833772.82,5625.07,0,0,0.0,0.0,7.0,376.0,3383.8,5625.07
SKU0048,2025-02-03,Decor,Lighting,270,1518768.9,5625.07,0,0,511.0,511.0,7.0,376.0,3383.8,5625.07
SKU0048,2025-02-10,Decor,Lighting,409,2300653.63,5625.07,0,0,140.0,613.0,7.0,376.0,3383.8,5625.07
SKU0048,2025-02-17,Decor,Lighting,316,1777522.12,5625.07,0,0,617.0,617.0,7.0,376.0,3383.8,5625.07
SKU0048,2025-02-24,Decor,Lighting,371,2086900.97,5625.07,0,0,250.0,695.0,7.0,376.0,3383.8,5625.07
SKU0048,2025-03-03,Decor,Lighting,374,2103776.18,5625.07,0,0,699.0,699.0,7.0,376.0,3383.8,5625.07
SKU0048,2025-03-10,Decor,Lighting,355,1996899.85,5625.07,0,0,351.0,643.0,7.0,376.0,3383.8,5625.07
SKU0048,2025-03-17,Decor,Lighting,334,1878773.38,5625.07,0,0,34.0,452.0,7.0,376.0,3383.8,5625.07
SKU0048,2025-03-24,Decor,Lighting,396,2227527.72,5625.07,0,0,636.0,636.0,7.0,376.0,3383.8,5625.07
SKU0048,2025-03-31,Decor,Lighting,442,2486280.94,5625.07,0,0,919.0,694.0,7.0,376.0,3383.8,5625.07
SKU0048,2025-04-07,Decor,Lighting,399,2244402.93,5625.07,0,0,499.0,0.0,7.0,376.0,3383.8,5625.07
SKU0048,2025-04-14,Decor,Lighting,391,2199402.37,5625.07,0,0,162.0,609.0,7.0,376.0,3383.8,5625.07
SKU0048,2025-04-21,Decor,Lighting,344,1935024.08,5625.07,0,0,0.0,0.0,7.0,376.0,3383.8,5625.07
SKU0048,2025-04-28,Decor,Lighting,392,2205027.44,5625.07,0,0,0.0,610.0,7.0,376.0,3383.8,5625.07
SKU0048,2025-05-05,Decor,Lighting,350,1968774.5,5625.07,0,0,500.0,500.0,7.0,376.0,3383.8,5625.07
SKU0048,2025-05-12,Decor,Lighting,373,2098151.11,5625.07,0,0,78.0,488.0,7.0,376.0,3383.8,5625.07
SKU0048,2025-05-19,Decor,Lighting,372,2092526.04,5625.07,0,0,486.0,486.0,7.0,376.0,3383.8,5625.07
SKU0048,2025-05-26,Decor,Lighting,419,2249536.19,5513.922857142857,1,0,158.0,0.0,7.0,376.0,3383.8,5625.07
SKU0048,2025-06-02,Decor,Lighting,661,3111336.97,4672.2528571428575,7,0,688.0,688.0,7.0,376.0,3383.8,5625.07
SKU0048,2025-06-09,Decor,Lighting,326,1833772.82,5625.07,0,0,272.0,0.0,7.0,376.0,3383.8,5625.07
SKU0048,2025-06-16,Decor,Lighting,281,1580644.67,5625.07,0,0,0.0,453.0,7.0,376.0,3383.8,5625.07
SKU0048,2025-06-23,Decor,Lighting,294,1653770.5799999998,5625.07,0,0,0.0,0.0,7.0,376.0,3383.8,5625.07
SKU0048,2025-06-30,Decor,Lighting,306,1721271.42,5625.07,0,0,0.0,534.0,7.0,376.0,3383.8,5625.07
SKU0048,2025-07-07,Decor,Lighting,295,1659395.65,5625.07,0,0,0.0,0.0,7.0,376.0,3383.8,5625.07
SKU0048,2025-07-14,Decor,Lighting,221,1243140.47,5625.07,0,0,0.0,0.0,7.0,376.0,3383.8,5625.07
SKU0048,2025-07-21,Decor,Lighting,241,1355641.87,5625.07,0,0,0.0,0.0,7.0,376.0,3383.8,5625.07
SKU0048,2025-07-28,Decor,Lighting,239,1344391.73,5625.07,0,0,0.0,711.0,7.0,376.0,3383.8,5625.07
SKU0048,2025-08-04,Decor,Lighting,223,1254390.61,5625.07,0,0,0.0,644.0,7.0,376.0,3383.8,5625.07
SKU0048,2025-08-11,Decor,Lighting,252,1417517.64,5625.07,0,1,0.0,0.0,7.0,376.0,3383.8,5625.07
SKU0048,2025-08-18,Decor,Lighting,217,1220640.19,5625.07,0,0,0.0,726.0,7.0,376.0,3383.8,5625.07
SKU0048,2025-08-25,Decor,Lighting,228,1282515.96,5625.07,0,0,0.0,0.0,7.0,376.0,3383.8,5625.07
SKU0048,2025-09-01,Decor,Lighting,180,1012512.6,5625.07,0,0,0.0,659.0,7.0,376.0,3383.8,5625.07
SKU0048,2025-09-08,Decor,Lighting,212,1192514.84,5625.07,0,0,0.0,673.0,7.0,376.0,3383.8,5625.07
SKU0048,2025-09-15,Decor,Lighting,183,1029387.81,5625.07,0,0,0.0,0.0,7.0,376.0,3383.8,5625.07
SKU0048,2025-09-22,Decor,Lighting,177,995637.39,5625.07,0,0,501.0,501.0,7.0,376.0,3383.8,5625.07
SKU0048,2025-09-29,Decor,Lighting,201,1130639.0699999998,5625.07,0,1,331.0,671.0,7.0,376.0,3383.8,5625.07
SKU0048,2025-10-06,Decor,Lighting,185,1040637.95,5625.07,0,0,124.0,743.0,7.0,376.0,3383.8,5625.07
SKU0048,2025-10-13,Decor,Lighting,191,1074388.37,5625.07,0,0,504.0,0.0,7.0,376.0,3383.8,5625.07
SKU0048,2025-10-20,Decor,Lighting,402,1872246.68,4661.758571428572,7,0,323.0,485.0,7.0,376.0,3383.8,5625.07
SKU0048,2025-10-27,Decor,Lighting,232,1159569.05,5179.931428571428,3,0,83.0,0.0,7.0,376.0,3383.8,5625.07
SKU0048,2025-11-03,Decor,Lighting,226,1271265.8199999998,5625.07,0,0,0.0,0.0,7.0,376.0,3383.8,5625.07
SKU0048,2025-11-10,Decor,Lighting,237,1333141.59,5625.07,0,1,544.0,544.0,7.0,376.0,3383.8,5625.07
SKU0048,2025-11-17,Decor,Lighting,274,1541269.18,5625.07,0,0,908.0,625.0,7.0,376.0,3383.8,5625.07
SKU0048,2025-11-24,Decor,Lighting,392,1844835.23,4755.125714285714,6,0,637.0,0.0,7.0,376.0,3383.8,5625.07
SKU0048,2025-12-01,Decor,Lighting,276,1552519.3199999998,5625.07,0,0,328.0,656.0,7.0,376.0,3383.8,5625.07
SKU0048,2025-12-08,Decor,Lighting,280,1575019.6,5625.07,0,0,0.0,711.0,7.0,376.0,3383.8,5625.07
SKU0048,2025-12-15,Decor,Lighting,315,1771897.0499999998,5625.07,0,0,0.0,0.0,7.0,376.0,3383.8,5625.07
SKU0048,2025-12-22,Decor,Lighting,360,2025025.2,5625.07,0,1,0.0,0.0,7.0,376.0,3383.8,5625.07
SKU0049,2025-03-24,Small Appliances,Cleaning,130,1307283.9,10056.03,0,0,,,,,3924.41,10056.03
SKU0049,2025-03-31,Small Appliances,Cleaning,236,2373223.08,10056.03,0,0,305.0,0.0,10.0,356.0,3924.41,10056.03
SKU0049,2025-04-07,Small Appliances,Cleaning,265,2664847.95,10056.03,0,0,101.0,525.0,10.0,356.0,3924.41,10056.03
SKU0049,2025-04-14,Small Appliances,Cleaning,247,2483839.41,10056.03,0,0,0.0,447.0,10.0,356.0,3924.41,10056.03
SKU0049,2025-04-21,Small Appliances,Cleaning,242,2433559.26,10056.03,0,0,0.0,0.0,10.0,356.0,3924.41,10056.03
SKU0049,2025-04-28,Small Appliances,Cleaning,293,2946416.79,10056.03,0,0,0.0,0.0,10.0,356.0,3924.41,10056.03
SKU0049,2025-05-05,Small Appliances,Cleaning,239,2403391.17,10056.03,0,0,0.0,435.0,10.0,356.0,3924.41,10056.03
SKU0049,2025-05-12,Small Appliances,Cleaning,218,2192214.54,10056.03,0,0,0.0,0.0,10.0,356.0,3924.41,10056.03
SKU0049,2025-05-19,Small Appliances,Cleaning,277,2785520.31,10056.03,0,0,0.0,673.0,10.0,356.0,3924.41,10056.03
SKU0049,2025-05-26,Small Appliances,Cleaning,310,2926814.1,9772.465714285716,1,0,0.0,581.0,10.0,356.0,3924.41,10056.03
SKU0049,2025-06-02,Small Appliances,Cleaning,375,3220327.53,8583.217142857142,7,0,0.0,694.0,10.0,356.0,3924.41,10056.03
SKU0049,2025-06-09,Small Appliances,Cleaning,205,2061486.15,10056.03,0,0,0.0,466.0,10.0,356.0,3924.41,10056.03
SKU0049,2025-06-16,Small Appliances,Cleaning,208,2091654.24,10056.03,0,0,0.0,0.0,10.0,356.0,3924.41,10056.03
SKU0049,2025-06-23,Small Appliances,Cleaning,217,2182158.51,10056.03,0,0,0.0,700.0,10.0,356.0,3924.41,10056.03
SKU0049,2025-06-30,Small Appliances,Cleaning,210,2111766.3000000003,10056.03,0,0,0.0,0.0,10.0,356.0,3924.41,10056.03
SKU0049,2025-07-07,Small Appliances,Cleaning,182,1830197.46,10056.03,0,0,0.0,694.0,10.0,356.0,3924.41,10056.03
SKU0049,2025-07-14,Small Appliances,Cleaning,176,1769861.28,10056.03,0,0,0.0,0.0,10.0,356.0,3924.41,10056.03
SKU0049,2025-07-21,Small Appliances,Cleaning,178,1789973.34,10056.03,0,0,0.0,0.0,10.0,356.0,3924.41,10056.03
SKU0049,2025-07-28,Small Appliances,Cleaning,172,1729637.16,10056.03,0,0,0.0,0.0,10.0,356.0,3924.41,10056.03
SKU0049,2025-08-04,Small Appliances,Cleaning,162,1629076.86,10056.03,0,0,0.0,0.0,10.0,356.0,3924.41,10056.03
SKU0049,2025-08-11,Small Appliances,Cleaning,130,1307283.9,10056.03,0,1,649.0,649.0,10.0,356.0,3924.41,10056.03
SKU0049,2025-08-18,Small Appliances,Cleaning,138,1387732.14,10056.03,0,0,505.0,0.0,10.0,356.0,3924.41,10056.03
SKU0049,2025-08-25,Small Appliances,Cleaning,106,1065939.1800000002,10056.03,0,0,366.0,0.0,10.0,356.0,3924.41,10056.03
SKU0049,2025-09-01,Small Appliances,Cleaning,143,1438012.29,10056.03,0,0,746.0,529.0,10.0,356.0,3924.41,10056.03
SKU0049,2025-09-08,Small Appliances,Cleaning,134,1347508.02,10056.03,0,0,615.0,0.0,10.0,356.0,3924.41,10056.03
SKU0049,2025-09-15,Small Appliances,Cleaning,137,1377676.11,10056.03,0,0,482.0,0.0,10.0,356.0,3924.41,10056.03
SKU0049,2025-09-22,Small Appliances,Cleaning,132,1327395.9600000002,10056.03,0,0,357.0,0.0,10.0,356.0,3924.41,10056.03
SKU0049,2025-09-29,Small Appliances,Cleaning,146,1468180.38,10056.03,0,1,896.0,680.0,10.0,356.0,3924.41,10056.03
SKU0049,2025-10-06,Small Appliances,Cleaning,125,1257003.75,10056.03,0,0,781.0,0.0,10.0,356.0,3924.41,10056.03
SKU0049,2025-10-13,Small Appliances,Cleaning,152,1528516.56,10056.03,0,0,650.0,0.0,10.0,356.0,3924.41,10056.03
SKU0049,2025-10-20,Small Appliances,Cleaning,275,2320105.61,8432.085714285715,7,0,497.0,0.0,10.0,356.0,3924.41,10056.03
SKU0049,2025-10-27,Small Appliances,Cleaning,223,2094582.02,9532.214285714286,3,0,1039.0,702.0,10.0,356.0,3924.41,10056.03
SKU0049,2025-11-03,Small Appliances,Cleaning,119,1196667.57,10056.03,0,0,875.0,0.0,10.0,356.0,3924.41,10056.03
SKU0049,2025-11-10,Small Appliances,Cleaning,133,1337451.9900000002,10056.03,0,1,712.0,0.0,10.0,356.0,3924.41,10056.03
SKU0049,2025-11-17,Small Appliances,Cleaning,154,1548628.62,10056.03,0,0,527.0,0.0,10.0,356.0,3924.41,10056.03
SKU0049,2025-11-24,Small Appliances,Cleaning,265,2186426.21,8459.114285714286,6,0,384.0,0.0,10.0,356.0,3924.41,10056.03
SKU0049,2025-12-01,Small Appliances,Cleaning,135,1357564.05,10056.03,0,0,215.0,512.0,10.0,356.0,3924.41,10056.03
SKU0049,2025-12-08,Small Appliances,Cleaning,170,1709525.1,10056.03,0,0,70.0,607.0,10.0,356.0,3924.41,10056.03
SKU0049,2025-12-15,Small Appliances,Cleaning,171,1719581.13,10056.03,0,0,0.0,0.0,10.0,356.0,3924.41,10056.03
SKU0049,2025-12-22,Small Appliances,Cleaning,190,1910645.7,10056.03,0,1,0.0,0.0,10.0,356.0,3924.41,10056.03
SKU0050,2024-03-04,Small Appliances,Cleaning,192,972011.52,5062.56,0,0,,,,,2283.45,5062.56
SKU0050,2024-03-11,Small Appliances,Cleaning,595,3012223.2,5062.56,0,0,102.0,1103.0,10.0,872.0,2283.45,5062.56
SKU0050,2024-03-18,Small Appliances,Cleaning,527,2667969.12,5062.56,0,0,0.0,1102.0,10.0,872.0,2283.45,5062.56
SKU0050,2024-03-25,Small Appliances,Cleaning,529,2678094.24,5062.56,0,0,0.0,0.0,10.0,872.0,2283.45,5062.56
SKU0050,2024-04-01,Small Appliances,Cleaning,554,2804658.24,5062.56,0,0,0.0,0.0,10.0,872.0,2283.45,5062.56
SKU0050,2024-04-08,Small Appliances,Cleaning,563,2850221.2800000003,5062.56,0,0,0.0,0.0,10.0,872.0,2283.45,5062.56
SKU0050,2024-04-15,Small Appliances,Cleaning,577,2921097.12,5062.56,0,0,0.0,0.0,10.0,872.0,2283.45,5062.56
SKU0050,2024-04-22,Small Appliances,Cleaning,605,3062848.8000000003,5062.56,0,0,0.0,1443.0,10.0,872.0,2283.45,5062.56
SKU0050,2024-04-29,Small Appliances,Cleaning,509,2576843.04,5062.56,0,0,0.0,1146.0,10.0,872.0,2283.45,5062.56
SKU0050,2024-05-06,Small Appliances,Cleaning,533,2698344.4800000004,5062.56,0,0,0.0,1298.0,10.0,872.0,2283.45,5062.56
SKU0050,2024-05-13,Small Appliances,Cleaning,528,2673031.68,5062.56,0,0,0.0,0.0,10.0,872.0,2283.45,5062.56
SKU0050,2024-05-20,Small Appliances,Cleaning,571,2890721.76,5062.56,0,0,0.0,0.0,10.0,872.0,2283.45,5062.56
SKU0050,2024-05-27,Small Appliances,Cleaning,676,3020632.43,4722.507142857144,2,0,0.0,1098.0,10.0,872.0,2283.45,5062.56
SKU0050,2024-06-03,Small Appliances,Cleaning,764,3195100.35,4238.68,6,0,0.0,1082.0,10.0,872.0,2283.45,5062.56
SKU0050,2024-06-10,Small Appliances,Cleaning,450,2278152.0,5062.56,0,0,0.0,0.0,10.0,872.0,2283.45,5062.56
SKU0050,2024-06-17,Small Appliances,Cleaning,444,2247776.64,5062.56,0,0,0.0,1684.0,10.0,872.0,2283.45,5062.56
SKU0050,2024-06-24,Small Appliances,Cleaning,487,2465466.72,5062.56,0,0,0.0,1617.0,10.0,872.0,2283.45,5062.56
SKU0050,2024-07-01,Small Appliances,Cleaning,366,1852896.96,5062.56,0,0,0.0,0.0,10.0,872.0,2283.45,5062.56
SKU0050,2024-07-08,Small Appliances,Cleaning,388,1964273.2800000005,5062.56,0,0,0.0,0.0,10.0,872.0,2283.45,5062.56
SKU0050,2024-07-15,Small Appliances,Cleaning,384,1944023.0400000005,5062.56,0,0,0.0,1226.0,10.0,872.0,2283.45,5062.56
SKU0050,2024-07-22,Small Appliances,Cleaning,335,1695957.6,5062.56,0,0,0.0,1494.0,10.0,872.0,2283.45,5062.56
SKU0050,2024-07-29,Small Appliances,Cleaning,359,1817459.0400000005,5062.56,0,0,1430.0,1430.0,10.0,872.0,2283.45,5062.56
SKU0050,2024-08-05,Small Appliances,Cleaning,323,1635206.88,5062.56,0,0,1027.0,0.0,10.0,872.0,2283.45,5062.56
SKU0050,2024-08-12,Small Appliances,Cleaning,336,1701020.16,5062.56,0,1,718.0,1096.0,10.0,872.0,2283.45,5062.56
SKU0050,2024-08-19,Small Appliances,Cleaning,298,1508642.88,5062.56,0,0,1741.0,1329.0,10.0,872.0,2283.45,5062.56
SKU0050,2024-08-26,Small Appliances,Cleaning,308,1559268.4800000002,5062.56,0,0,1374.0,0.0,10.0,872.0,2283.45,5062.56
SKU0050,2024-09-02,Small Appliances,Cleaning,301,1523830.56,5062.56,0,0,1099.0,0.0,10.0,872.0,2283.45,5062.56
SKU0050,2024-09-09,Small Appliances,Cleaning,268,1356766.08,5062.56,0,0,764.0,1643.0,10.0,872.0,2283.45,5062.56
SKU0050,2024-09-16,Small Appliances,Cleaning,266,1346640.9600000002,5062.56,0,0,492.0,0.0,10.0,872.0,2283.45,5062.56
SKU0050,2024-09-23,Small Appliances,Cleaning,259,1311203.04,5062.56,0,0,191.0,1267.0,10.0,872.0,2283.45,5062.56
SKU0050,2024-09-30,Small Appliances,Cleaning,289,1463079.84,5062.56,0,1,0.0,1059.0,10.0,872.0,2283.45,5062.56
SKU0050,2024-10-07,Small Appliances,Cleaning,317,1604831.52,5062.56,0,0,0.0,0.0,10.0,872.0,2283.45,5062.56
SKU0050,2024-10-14,Small Appliances,Cleaning,275,1342594.9,4977.174285714286,1,0,0.0,0.0,10.0,872.0,2283.45,5062.56
SKU0050,2024-10-21,Small Appliances,Cleaning,703,2909626.35,4127.594285714285,7,0,0.0,0.0,10.0,872.0,2283.45,5062.56
SKU0050,2024-10-28,Small Appliances,Cleaning,347,1642681.4400000002,4827.92,2,0,0.0,1576.0,10.0,872.0,2283.45,5062.56
SKU0050,2024-11-04,Small Appliances,Cleaning,347,1756708.3200000003,5062.56,0,0,0.0,1689.0,10.0,872.0,2283.45,5062.56
SKU0050,2024-11-11,Small Appliances,Cleaning,341,1726332.9600000002,5062.56,0,1,0.0,0.0,10.0,872.0,2283.45,5062.56
SKU0050,2024-11-18,Small Appliances,Cleaning,351,1776958.56,5062.56,0,0,0.0,0.0,10.0,872.0,2283.45,5062.56
SKU0050,2024-11-25,Small Appliances,Cleaning,808,3552036.09,4451.464285714285,6,0,0.0,0.0,10.0,872.0,2283.45,5062.56
SKU0050,2024-12-02,Small Appliances,Cleaning,384,1944023.04,5062.56,0,0,0.0,1692.0,10.0,872.0,2283.45,5062.56
SKU0050,2024-12-09,Small Appliances,Cleaning,443,2242714.08,5062.56,0,0,0.0,1584.0,10.0,872.0,2283.45,5062.56
SKU0050,2024-12-16,Small Appliances,Cleaning,418,2116150.08,5062.56,0,0,0.0,1633.0,10.0,872.0,2283.45,5062.56
SKU0050,2024-12-23,Small Appliances,Cleaning,448,2268026.8800000004,5062.56,0,1,0.0,1239.0,10.0,872.0,2283.45,5062.56
SKU0050,2024-12-30,Small Appliances,Cleaning,413,2090837.2800000005,5062.56,0,1,1183.0,1183.0,10.0,872.0,2283.45,5062.56
SKU0050,2025-01-06,Small Appliances,Cleaning,467,2364215.52,5062.56,0,0,2494.0,1704.0,10.0,872.0,2283.45,5062.56
SKU0050,2025-01-13,Small Appliances,Cleaning,949,3999381.21,4333.015714285714,5,0,2040.0,0.0,10.0,872.0,2283.45,5062.56
SKU0050,2025-01-20,Small Appliances,Cleaning,833,3749925.21,4653.811428571428,3,1,1411.0,0.0,10.0,872.0,2283.45,5062.56
SKU0050,2025-01-27,Small Appliances,Cleaning,510,2581905.6,5062.56,0,0,781.0,0.0,10.0,872.0,2283.45,5062.56
SKU0050,2025-02-03,Small Appliances,Cleaning,562,2845158.72,5062.56,0,0,92.0,0.0,10.0,872.0,2283.45,5062.56
SKU0050,2025-02-10,Small Appliances,Cleaning,534,2703407.04,5062.56,0,0,0.0,0.0,10.0,872.0,2283.45,5062.56
SKU0050,2025-02-17,Small Appliances,Cleaning,573,2900846.8800000004,5062.56,0,0,0.0,0.0,10.0,872.0,2283.45,5062.56
SKU0050,2025-02-24,Small Appliances,Cleaning,686,3472916.16,5062.56,0,0,0.0,1545.0,10.0,872.0,2283.45,5062.56
SKU0050,2025-03-03,Small Appliances,Cleaning,470,2379403.2,5062.56,0,0,0.0,1717.0,10.0,872.0,2283.45,5062.56
SKU0050,2025-03-10,Small Appliances,Cleaning,575,2910972.0000000005,5062.56,0,0,0.0,0.0,10.0,872.0,2283.45,5062.56
SKU0050,2025-03-17,Small Appliances,Cleaning,574,2905909.4400000004,5062.56,0,0,0.0,1662.0,10.0,872.0,2283.45,5062.56
SKU0050,2025-03-24,Small Appliances,Cleaning,653,3305851.6800000006,5062.56,0,0,0.0,0.0,10.0,872.0,2283.45,5062.56
SKU0050,2025-03-31,Small Appliances,Cleaning,626,3169162.5600000005,5062.56,0,0,0.0,0.0,10.0,872.0,2283.45,5062.56
SKU0050,2025-04-07,Small Appliances,Cleaning,620,3138787.2,5062.56,0,0,0.0,1335.0,10.0,872.0,2283.45,5062.56
SKU0050,2025-04-14,Small Appliances,Cleaning,598,3027410.8800000004,5062.56,0,0,0.0,1478.0,10.0,872.0,2283.45,5062.56
SKU0050,2025-04-21,Small Appliances,Cleaning,610,3088161.600000001,5062.56,0,0,0.0,0.0,10.0,872.0,2283.45,5062.56
SKU0050,2025-04-28,Small Appliances,Cleaning,540,2733782.4000000004,5062.56,0,0,0.0,0.0,10.0,872.0,2283.45,5062.56
SKU0050,2025-05-05,Small Appliances,Cleaning,492,2490779.5200000005,5062.56,0,0,0.0,0.0,10.0,872.0,2283.45,5062.56
SKU0050,2025-05-12,Small Appliances,Cleaning,563,2850221.2800000003,5062.56,0,0,0.0,0.0,10.0,872.0,2283.45,5062.56
SKU0050,2025-05-19,Small Appliances,Cleaning,552,2794533.12,5062.56,0,0,0.0,1109.0,10.0,872.0,2283.45,5062.56
SKU0050,2025-05-26,Small Appliances,Cleaning,678,3246634.92,4932.461428571429,1,0,1320.0,1320.0,10.0,872.0,2283.45,5062.56
SKU0050,2025-06-02,Small Appliances,Cleaning,1048,4428603.65,4238.292857142857,7,0,660.0,0.0,10.0,872.0,2283.45,5062.56
SKU0050,2025-06-09,Small Appliances,Cleaning,497,2516092.3200000003,5062.56,0,0,0.0,0.0,10.0,872.0,2283.45,5062.56
SKU0050,2025-06-16,Small Appliances,Cleaning,496,2511029.76,5062.56,0,0,0.0,1174.0,10.0,872.0,2283.45,5062.56
SKU0050,2025-06-23,Small Appliances,Cleaning,457,2313589.92,5062.56,0,0,0.0,0.0,10.0,872.0,2283.45,5062.56
SKU0050,2025-06-30,Small Appliances,Cleaning,461,2333840.16,5062.56,0,0,1463.0,1463.0,10.0,872.0,2283.45,5062.56
SKU0050,2025-07-07,Small Appliances,Cleaning,452,2288277.12,5062.56,0,0,965.0,0.0,10.0,872.0,2283.45,5062.56
SKU0050,2025-07-14,Small Appliances,Cleaning,366,1852896.96,5062.56,0,0,2100.0,1582.0,10.0,872.0,2283.45,5062.56
SKU0050,2025-07-21,Small Appliances,Cleaning,416,2106024.96,5062.56,0,0,1730.0,0.0,10.0,872.0,2283.45,5062.56
SKU0050,2025-07-28,Small Appliances,Cleaning,373,1888334.88,5062.56,0,0,1293.0,0.0,10.0,872.0,2283.45,5062.56
SKU0050,2025-08-04,Small Appliances,Cleaning,394,1994648.64,5062.56,0,0,933.0,0.0,10.0,872.0,2283.45,5062.56
SKU0050,2025-08-11,Small Appliances,Cleaning,366,1852896.96,5062.56,0,1,600.0,1183.0,10.0,872.0,2283.45,5062.56
SKU0050,2025-08-18,Small Appliances,Cleaning,311,1574456.16,5062.56,0,0,279.0,0.0,10.0,872.0,2283.45,5062.56
SKU0050,2025-08-25,Small Appliances,Cleaning,353,1787083.6800000002,5062.56,0,0,0.0,1633.0,10.0,872.0,2283.45,5062.56
SKU0050,2025-09-01,Small Appliances,Cleaning,290,1468142.4,5062.56,0,0,0.0,0.0,10.0,872.0,2283.45,5062.56
SKU0050,2025-09-08,Small Appliances,Cleaning,306,1549143.36,5062.56,0,0,1109.0,1109.0,10.0,872.0,2283.45,5062.56
SKU0050,2025-09-15,Small Appliances,Cleaning,346,1751645.7600000002,5062.56,0,0,841.0,1552.0,10.0,872.0,2283.45,5062.56
SKU0050,2025-09-22,Small Appliances,Cleaning,287,1452954.7200000002,5062.56,0,0,554.0,1386.0,10.0,872.0,2283.45,5062.56
SKU0050,2025-09-29,Small Appliances,Cleaning,318,1609894.08,5062.56,0,1,227.0,0.0,10.0,872.0,2283.45,5062.56
SKU0050,2025-10-06,Small Appliances,Cleaning,278,1407391.6800000002,5062.56,0,0,0.0,1360.0,10.0,872.0,2283.45,5062.56
SKU0050,2025-10-13,Small Appliances,Cleaning,293,1483330.08,5062.56,0,0,0.0,0.0,10.0,872.0,2283.45,5062.56
SKU0050,2025-10-20,Small Appliances,Cleaning,690,2968488.5,4322.357142857143,7,0,0.0,0.0,10.0,872.0,2283.45,5062.56
SKU0050,2025-10-27,Small Appliances,Cleaning,535,2499177.01,4750.702857142857,3,0,0.0,0.0,10.0,872.0,2283.45,5062.56
SKU0050,2025-11-03,Small Appliances,Cleaning,337,1706082.7200000002,5062.56,0,0,0.0,0.0,10.0,872.0,2283.45,5062.56
SKU0050,2025-11-10,Small Appliances,Cleaning,454,2298402.24,5062.56,0,1,0.0,1328.0,10.0,872.0,2283.45,5062.56
SKU0050,2025-11-17,Small Appliances,Cleaning,389,1969335.8400000003,5062.56,0,0,0.0,0.0,10.0,872.0,2283.45,5062.56
SKU0050,2025-11-24,Small Appliances,Cleaning,841,3531182.97,4259.08,6,0,0.0,1347.0,10.0,872.0,2283.45,5062.56
SKU0050,2025-12-01,Small Appliances,Cleaning,378,1913647.68,5062.56,0,0,1560.0,1560.0,10.0,872.0,2283.45,5062.56
SKU0050,2025-12-08,Small Appliances,Cleaning,471,2384465.76,5062.56,0,0,1010.0,0.0,10.0,872.0,2283.45,5062.56
SKU0050,2025-12-15,Small Appliances,Cleaning,453,2293339.68,5062.56,0,0,469.0,1401.0,10.0,872.0,2283.45,5062.56
SKU0050,2025-12-22,Small Appliances,Cleaning,528,2673031.68,5062.56,0,1,0.0,1101.0,10.0,872.0,2283.45,5062.56
SKU0051,2024-11-11,Furniture,Storage,11,25004.43,2273.13,0,1,,,,,1285.91,2273.13
SKU0051,2024-11-18,Furniture,Storage,31,70467.03,2273.13,0,0,157.0,0.0,14.0,134.0,1285.91,2273.13
SKU0051,2024-11-25,Furniture,Storage,68,129604.59,1955.34,6,0,122.0,0.0,14.0,134.0,1285.91,2273.13
SKU0051,2024-12-02,Furniture,Storage,26,59101.380000000005,2273.13,0,0,339.0,258.0,14.0,134.0,1285.91,2273.13
SKU0051,2024-12-09,Furniture,Storage,38,86378.94,2273.13,0,0,297.0,0.0,14.0,134.0,1285.91,2273.13
SKU0051,2024-12-16,Furniture,Storage,48,109110.24,2273.13,0,0,251.0,0.0,14.0,134.0,1285.91,2273.13
SKU0051,2024-12-23,Furniture,Storage,48,109110.24,2273.13,0,1,211.0,0.0,14.0,134.0,1285.91,2273.13
SKU0051,2024-12-30,Furniture,Storage,42,95471.46,2273.13,0,1,167.0,0.0,14.0,134.0,1285.91,2273.13
SKU0051,2025-01-06,Furniture,Storage,52,118202.76,2273.13,0,0,123.0,267.0,14.0,134.0,1285.91,2273.13
SKU0051,2025-01-13,Furniture,Storage,87,167256.93,1965.4257142857143,5,0,289.0,211.0,14.0,134.0,1285.91,2273.13
SKU0051,2025-01-20,Furniture,Storage,70,145123.58000000002,2091.918571428572,3,1,232.0,0.0,14.0,134.0,1285.91,2273.13
SKU0051,2025-01-27,Furniture,Storage,53,120475.89,2273.13,0,0,167.0,0.0,14.0,134.0,1285.91,2273.13
SKU0051,2025-02-03,Furniture,Storage,66,150026.58000000002,2273.13,0,0,97.0,211.0,14.0,134.0,1285.91,2273.13
SKU0051,2025-02-10,Furniture,Storage,46,104563.98,2273.13,0,0,19.0,0.0,14.0,134.0,1285.91,2273.13
SKU0051,2025-02-17,Furniture,Storage,59,134114.67,2273.13,0,0,0.0,0.0,14.0,134.0,1285.91,2273.13
SKU0051,2025-02-24,Furniture,Storage,68,154572.84,2273.13,0,0,0.0,265.0,14.0,134.0,1285.91,2273.13
SKU0051,2025-03-03,Furniture,Storage,68,154572.84000000003,2273.13,0,0,262.0,262.0,14.0,134.0,1285.91,2273.13
SKU0051,2025-03-10,Furniture,Storage,64,145480.32,2273.13,0,0,203.0,0.0,14.0,134.0,1285.91,2273.13
SKU0051,2025-03-17,Furniture,Storage,59,134114.67,2273.13,0,0,139.0,0.0,14.0,134.0,1285.91,2273.13
SKU0051,2025-03-24,Furniture,Storage,61,138660.93000000002,2273.13,0,0,260.0,192.0,14.0,134.0,1285.91,2273.13
SKU0051,2025-03-31,Furniture,Storage,67,152299.71000000002,2273.13,0,0,202.0,0.0,14.0,134.0,1285.91,2273.13
SKU0051,2025-04-07,Furniture,Storage,67,152299.71000000002,2273.13,0,0,146.0,0.0,14.0,134.0,1285.91,2273.13
SKU0051,2025-04-14,Furniture,Storage,54,122749.02,2273.13,0,0,77.0,0.0,14.0,134.0,1285.91,2273.13
SKU0051,2025-04-21,Furniture,Storage,72,163665.36000000002,2273.13,0,0,18.0,0.0,14.0,134.0,1285.91,2273.13
SKU0051,2025-04-28,Furniture,Storage,60,136387.80000000002,2273.13,0,0,0.0,201.0,14.0,134.0,1285.91,2273.13
SKU0051,2025-05-05,Furniture,Storage,49,111383.37,2273.13,0,0,0.0,0.0,14.0,134.0,1285.91,2273.13
SKU0051,2025-05-12,Furniture,Storage,42,95471.46,2273.13,0,0,0.0,0.0,14.0,134.0,1285.91,2273.13
SKU0051,2025-05-19,Furniture,Storage,74,168211.62,2273.13,0,0,0.0,234.0,14.0,134.0,1285.91,2273.13
SKU0051,2025-05-26,Furniture,Storage,80,177206.0,2239.9557142857143,1,0,0.0,0.0,14.0,134.0,1285.91,2273.13
SKU0051,2025-06-02,Furniture,Storage,135,250102.48,1854.4014285714288,7,0,0.0,0.0,14.0,134.0,1285.91,2273.13
SKU0051,2025-06-09,Furniture,Storage,53,120475.89,2273.13,0,0,226.0,226.0,14.0,134.0,1285.91,2273.13
SKU0051,2025-06-16,Furniture,Storage,50,113656.5,2273.13,0,0,142.0,0.0,14.0,134.0,1285.91,2273.13
SKU0051,2025-06-23,Furniture,Storage,56,127295.28,2273.13,0,0,72.0,209.0,14.0,134.0,1285.91,2273.13
SKU0051,2025-06-30,Furniture,Storage,43,97744.59,2273.13,0,0,187.0,180.0,14.0,134.0,1285.91,2273.13
SKU0051,2025-07-07,Furniture,Storage,45,102290.85,2273.13,0,0,132.0,0.0,14.0,134.0,1285.91,2273.13
SKU0051,2025-07-14,Furniture,Storage,48,109110.24,2273.13,0,0,81.0,197.0,14.0,134.0,1285.91,2273.13
SKU0051,2025-07-21,Furniture,Storage,44,100017.72,2273.13,0,0,36.0,163.0,14.0,134.0,1285.91,2273.13
SKU0051,2025-07-28,Furniture,Storage,44,100017.72,2273.13,0,0,0.0,212.0,14.0,134.0,1285.91,2273.13
SKU0051,2025-08-04,Furniture,Storage,34,77286.42,2273.13,0,0,0.0,0.0,14.0,134.0,1285.91,2273.13
SKU0051,2025-08-11,Furniture,Storage,35,79559.55,2273.13,0,1,232.0,0.0,14.0,134.0,1285.91,2273.13
SKU0051,2025-08-18,Furniture,Storage,30,68193.90000000001,2273.13,0,0,197.0,0.0,14.0,134.0,1285.91,2273.13
SKU0051,2025-08-25,Furniture,Storage,30,68193.90000000001,2273.13,0,0,162.0,0.0,14.0,134.0,1285.91,2273.13
SKU0051,2025-09-01,Furniture,Storage,24,54555.12,2273.13,0,0,393.0,262.0,14.0,134.0,1285.91,2273.13
SKU0051,2025-09-08,Furniture,Storage,27,61374.51,2273.13,0,0,365.0,0.0,14.0,134.0,1285.91,2273.13
SKU0051,2025-09-15,Furniture,Storage,28,63647.64,2273.13,0,0,337.0,0.0,14.0,134.0,1285.91,2273.13
SKU0051,2025-09-22,Furniture,Storage,41,93198.33,2273.13,0,0,307.0,0.0,14.0,134.0,1285.91,2273.13
SKU0051,2025-09-29,Furniture,Storage,41,93198.33,2273.13,0,1,281.0,0.0,14.0,134.0,1285.91,2273.13
SKU0051,2025-10-06,Furniture,Storage,42,95471.46,2273.13,0,0,247.0,0.0,14.0,134.0,1285.91,2273.13
SKU0051,2025-10-13,Furniture,Storage,33,75013.29000000001,2273.13,0,0,211.0,0.0,14.0,134.0,1285.91,2273.13
SKU0051,2025-10-20,Furniture,Storage,65,124631.49,1912.12,7,0,170.0,0.0,14.0,134.0,1285.91,2273.13
SKU0051,2025-10-27,Furniture,Storage,52,106277.58,2112.9,3,0,125.0,0.0,14.0,134.0,1285.91,2273.13
SKU0051,2025-11-03,Furniture,Storage,34,77286.42,2273.13,0,0,79.0,208.0,14.0,134.0,1285.91,2273.13
SKU0051,2025-11-10,Furniture,Storage,36,81832.68000000001,2273.13,0,1,33.0,0.0,14.0,134.0,1285.91,2273.13
SKU0051,2025-11-17,Furniture,Storage,37,84105.81,2273.13,0,0,0.0,168.0,14.0,134.0,1285.91,2273.13
SKU0051,2025-11-24,Furniture,Storage,86,164293.25,1944.7114285714283,6,0,0.0,0.0,14.0,134.0,1285.91,2273.13
SKU0051,2025-12-01,Furniture,Storage,43,97744.59,2273.13,0,0,0.0,0.0,14.0,134.0,1285.91,2273.13
SKU0051,2025-12-08,Furniture,Storage,42,95471.46,2273.13,0,0,0.0,0.0,14.0,134.0,1285.91,2273.13
SKU0051,2025-12-15,Furniture,Storage,50,113656.5,2273.13,0,0,0.0,0.0,14.0,134.0,1285.91,2273.13
SKU0051,2025-12-22,Furniture,Storage,65,147753.45,2273.13,0,1,0.0,257.0,14.0,134.0,1285.91,2273.13
SKU0052,2024-07-01,Furniture,Tables,138,455358.6,3299.7,0,0,,,,,1655.65,3299.7
SKU0052,2024-07-08,Furniture,Tables,160,527952.0,3299.7,0,0,307.0,785.0,14.0,453.0,1655.65,3299.7
SKU0052,2024-07-15,Furniture,Tables,162,534551.3999999999,3299.7,0,0,152.0,0.0,14.0,453.0,1655.65,3299.7
SKU0052,2024-07-22,Furniture,Tables,117,386064.9,3299.7,0,0,0.0,706.0,14.0,453.0,1655.65,3299.7
SKU0052,2024-07-29,Furniture,Tables,137,452058.9,3299.7,0,0,0.0,0.0,14.0,453.0,1655.65,3299.7
SKU0052,2024-08-05,Furniture,Tables,134,442159.8,3299.7,0,0,612.0,612.0,14.0,453.0,1655.65,3299.7
SKU0052,2024-08-12,Furniture,Tables,143,471857.1,3299.7,0,1,474.0,0.0,14.0,453.0,1655.65,3299.7
SKU0052,2024-08-19,Furniture,Tables,115,379465.5,3299.7,0,0,333.0,0.0,14.0,453.0,1655.65,3299.7
SKU0052,2024-08-26,Furniture,Tables,117,386064.9,3299.7,0,0,218.0,879.0,14.0,453.0,1655.65,3299.7
SKU0052,2024-09-02,Furniture,Tables,109,359667.3,3299.7,0,0,87.0,839.0,14.0,453.0,1655.65,3299.7
SKU0052,2024-09-09,Furniture,Tables,107,353067.9,3299.7,0,0,0.0,823.0,14.0,453.0,1655.65,3299.7
SKU0052,2024-09-16,Furniture,Tables,110,362967.0,3299.7,0,0,800.0,800.0,14.0,453.0,1655.65,3299.7
SKU0052,2024-09-23,Furniture,Tables,105,346468.5,3299.7,0,0,697.0,0.0,14.0,453.0,1655.65,3299.7
SKU0052,2024-09-30,Furniture,Tables,135,445459.5,3299.7,0,1,584.0,0.0,14.0,453.0,1655.65,3299.7
SKU0052,2024-10-07,Furniture,Tables,95,313471.5,3299.7,0,0,467.0,0.0,14.0,453.0,1655.65,3299.7
SKU0052,2024-10-14,Furniture,Tables,111,356270.48,3244.7757142857145,1,0,1117.0,740.0,14.0,453.0,1655.65,3299.7
SKU0052,2024-10-21,Furniture,Tables,200,562539.52,2765.8128571428574,7,0,992.0,0.0,14.0,453.0,1655.65,3299.7
SKU0052,2024-10-28,Furniture,Tables,164,491100.19,3105.457142857143,2,0,863.0,0.0,14.0,453.0,1655.65,3299.7
SKU0052,2024-11-04,Furniture,Tables,128,422361.6,3299.7,0,0,715.0,0.0,14.0,453.0,1655.65,3299.7
SKU0052,2024-11-11,Furniture,Tables,135,445459.5,3299.7,0,1,583.0,0.0,14.0,453.0,1655.65,3299.7
SKU0052,2024-11-18,Furniture,Tables,131,432260.7,3299.7,0,0,431.0,798.0,14.0,453.0,1655.65,3299.7
SKU0052,2024-11-25,Furniture,Tables,286,788617.66,2768.964285714286,6,0,294.0,0.0,14.0,453.0,1655.65,3299.7
SKU0052,2024-12-02,Furniture,Tables,153,504854.1,3299.7,0,0,937.0,809.0,14.0,453.0,1655.65,3299.7
SKU0052,2024-12-09,Furniture,Tables,140,461958.0,3299.7,0,0,740.0,0.0,14.0,453.0,1655.65,3299.7
SKU0052,2024-12-16,Furniture,Tables,174,574147.7999999999,3299.7,0,0,579.0,0.0,14.0,453.0,1655.65,3299.7
SKU0052,2024-12-23,Furniture,Tables,206,679738.2,3299.7,0,1,421.0,0.0,14.0,453.0,1655.65,3299.7
SKU0052,2024-12-30,Furniture,Tables,155,511453.5,3299.7,0,1,236.0,0.0,14.0,453.0,1655.65,3299.7
SKU0052,2025-01-06,Furniture,Tables,129,425661.29999999993,3299.7,0,0,88.0,0.0,14.0,453.0,1655.65,3299.7
SKU0052,2025-01-13,Furniture,Tables,319,897295.4400000001,2887.542857142857,5,0,0.0,741.0,14.0,453.0,1655.65,3299.7
SKU0052,2025-01-20,Furniture,Tables,319,958270.02,3027.214285714286,3,1,705.0,705.0,14.0,453.0,1655.65,3299.7
SKU0052,2025-01-27,Furniture,Tables,215,709435.5,3299.7,0,0,453.0,0.0,14.0,453.0,1655.65,3299.7
SKU0052,2025-02-03,Furniture,Tables,215,709435.5,3299.7,0,0,227.0,0.0,14.0,453.0,1655.65,3299.7
SKU0052,2025-02-10,Furniture,Tables,192,633542.3999999999,3299.7,0,0,0.0,817.0,14.0,453.0,1655.65,3299.7
SKU0052,2025-02-17,Furniture,Tables,237,782028.8999999999,3299.7,0,0,0.0,0.0,14.0,453.0,1655.65,3299.7
SKU0052,2025-02-24,Furniture,Tables,226,745732.2,3299.7,0,0,0.0,878.0,14.0,453.0,1655.65,3299.7
SKU0052,2025-03-03,Furniture,Tables,184,607144.8,3299.7,0,0,0.0,826.0,14.0,453.0,1655.65,3299.7
SKU0052,2025-03-10,Furniture,Tables,248,818325.6,3299.7,0,0,0.0,797.0,14.0,453.0,1655.65,3299.7
SKU0052,2025-03-17,Furniture,Tables,253,834824.0999999999,3299.7,0,0,787.0,787.0,14.0,453.0,1655.65,3299.7
SKU0052,2025-03-24,Furniture,Tables,223,735833.1,3299.7,0,0,581.0,0.0,14.0,453.0,1655.65,3299.7
SKU0052,2025-03-31,Furniture,Tables,199,656640.3,3299.7,0,0,368.0,0.0,14.0,453.0,1655.65,3299.7
SKU0052,2025-04-07,Furniture,Tables,239,788628.2999999999,3299.7,0,0,854.0,698.0,14.0,453.0,1655.65,3299.7
SKU0052,2025-04-14,Furniture,Tables,219,722634.2999999999,3299.7,0,0,660.0,0.0,14.0,453.0,1655.65,3299.7
SKU0052,2025-04-21,Furniture,Tables,242,798527.3999999999,3299.7,0,0,414.0,0.0,14.0,453.0,1655.65,3299.7
SKU0052,2025-04-28,Furniture,Tables,260,857921.9999999999,3299.7,0,0,194.0,804.0,14.0,453.0,1655.65,3299.7
SKU0052,2025-05-05,Furniture,Tables,180,593946.0,3299.7,0,0,712.0,712.0,14.0,453.0,1655.65,3299.7
SKU0052,2025-05-12,Furniture,Tables,248,818325.6,3299.7,0,0,509.0,0.0,14.0,453.0,1655.65,3299.7
SKU0052,2025-05-19,Furniture,Tables,222,732533.3999999999,3299.7,0,0,252.0,664.0,14.0,453.0,1655.65,3299.7
SKU0052,2025-05-26,Furniture,Tables,247,778163.88,3232.1871428571426,1,0,2.0,581.0,14.0,453.0,1655.65,3299.7
SKU0052,2025-06-02,Furniture,Tables,409,1130553.71,2766.1085714285714,7,0,0.0,0.0,14.0,453.0,1655.65,3299.7
SKU0052,2025-06-09,Furniture,Tables,200,659940.0,3299.7,0,0,0.0,801.0,14.0,453.0,1655.65,3299.7
SKU0052,2025-06-16,Furniture,Tables,194,640141.7999999999,3299.7,0,0,0.0,0.0,14.0,453.0,1655.65,3299.7
SKU0052,2025-06-23,Furniture,Tables,179,590646.2999999999,3299.7,0,0,0.0,771.0,14.0,453.0,1655.65,3299.7
SKU0052,2025-06-30,Furniture,Tables,177,584046.8999999999,3299.7,0,0,677.0,677.0,14.0,453.0,1655.65,3299.7
SKU0052,2025-07-07,Furniture,Tables,173,570848.1,3299.7,0,0,494.0,0.0,14.0,453.0,1655.65,3299.7
SKU0052,2025-07-14,Furniture,Tables,175,577447.5,3299.7,0,0,312.0,0.0,14.0,453.0,1655.65,3299.7
SKU0052,2025-07-21,Furniture,Tables,143,471857.1,3299.7,0,0,160.0,574.0,14.0,453.0,1655.65,3299.7
SKU0052,2025-07-28,Furniture,Tables,135,445459.5,3299.7,0,0,0.0,0.0,14.0,453.0,1655.65,3299.7
SKU0052,2025-08-04,Furniture,Tables,142,468557.4,3299.7,0,0,0.0,0.0,14.0,453.0,1655.65,3299.7
SKU0052,2025-08-11,Furniture,Tables,159,524652.2999999999,3299.7,0,1,0.0,0.0,14.0,453.0,1655.65,3299.7
SKU0052,2025-08-18,Furniture,Tables,122,402563.4,3299.7,0,0,0.0,606.0,14.0,453.0,1655.65,3299.7
SKU0052,2025-08-25,Furniture,Tables,129,425661.3,3299.7,0,0,0.0,591.0,14.0,453.0,1655.65,3299.7
SKU0052,2025-09-01,Furniture,Tables,121,399263.7,3299.7,0,0,0.0,0.0,14.0,453.0,1655.65,3299.7
SKU0052,2025-09-08,Furniture,Tables,119,392664.3,3299.7,0,0,0.0,0.0,14.0,453.0,1655.65,3299.7
SKU0052,2025-09-15,Furniture,Tables,121,399263.7,3299.7,0,0,0.0,904.0,14.0,453.0,1655.65,3299.7
SKU0052,2025-09-22,Furniture,Tables,128,422361.6,3299.7,0,0,0.0,887.0,14.0,453.0,1655.65,3299.7
SKU0052,2025-09-29,Furniture,Tables,134,442159.8,3299.7,0,1,0.0,0.0,14.0,453.0,1655.65,3299.7
SKU0052,2025-10-06,Furniture,Tables,115,379465.5,3299.7,0,0,871.0,0.0,14.0,453.0,1655.65,3299.7
SKU0052,2025-10-13,Furniture,Tables,108,356367.6,3299.7,0,0,766.0,0.0,14.0,453.0,1655.65,3299.7
SKU0052,2025-10-20,Furniture,Tables,270,724782.14,2686.09,7,0,649.0,0.0,14.0,453.0,1655.65,3299.7
SKU0052,2025-10-27,Furniture,Tables,151,453601.89,3067.5042857142857,3,0,514.0,0.0,14.0,453.0,1655.65,3299.7
SKU0052,2025-11-03,Furniture,Tables,144,475156.8,3299.7,0,0,368.0,0.0,14.0,453.0,1655.65,3299.7
SKU0052,2025-11-10,Furniture,Tables,185,610444.5,3299.7,0,1,207.0,845.0,14.0,453.0,1655.65,3299.7
SKU0052,2025-11-17,Furniture,Tables,141,465257.7,3299.7,0,0,20.0,905.0,14.0,453.0,1655.65,3299.7
SKU0052,2025-11-24,Furniture,Tables,260,718402.8200000001,2788.3928571428573,6,0,0.0,546.0,14.0,453.0,1655.65,3299.7
SKU0052,2025-12-01,Furniture,Tables,178,587346.6,3299.7,0,0,0.0,875.0,14.0,453.0,1655.65,3299.7
SKU0052,2025-12-08,Furniture,Tables,151,498254.7,3299.7,0,0,774.0,774.0,14.0,453.0,1655.65,3299.7
SKU0052,2025-12-15,Furniture,Tables,153,504854.1,3299.7,0,0,589.0,0.0,14.0,453.0,1655.65,3299.7
SKU0052,2025-12-22,Furniture,Tables,159,524652.2999999999,3299.7,0,1,382.0,0.0,14.0,453.0,1655.65,3299.7
SKU0053,2025-04-14,Furniture,Storage,172,1381940.88,8034.54,0,0,,,,,3690.49,8034.54
SKU0053,2025-04-21,Furniture,Storage,597,4796620.38,8034.54,0,0,186.0,3215.0,21.0,1673.0,3690.49,8034.54
SKU0053,2025-04-28,Furniture,Storage,557,4475238.78,8034.54,0,0,0.0,0.0,21.0,1673.0,3690.49,8034.54
SKU0053,2025-05-05,Furniture,Storage,499,4009235.46,8034.54,0,0,0.0,0.0,21.0,1673.0,3690.49,8034.54
SKU0053,2025-05-12,Furniture,Storage,585,4700205.9,8034.54,0,0,0.0,0.0,21.0,1673.0,3690.49,8034.54
SKU0053,2025-05-19,Furniture,Storage,517,4153857.18,8034.54,0,0,0.0,2579.0,21.0,1673.0,3690.49,8034.54
SKU0053,2025-05-26,Furniture,Storage,612,4623933.13,7767.7471428571425,1,0,0.0,0.0,21.0,1673.0,3690.49,8034.54
SKU0053,2025-06-02,Furniture,Storage,984,6596572.8,6698.74,7,0,0.0,2406.0,21.0,1673.0,3690.49,8034.54
SKU0053,2025-06-09,Furniture,Storage,464,3728026.56,8034.54,0,0,3206.0,3206.0,21.0,1673.0,3690.49,8034.54
SKU0053,2025-06-16,Furniture,Storage,539,4330617.06,8034.54,0,0,2589.0,0.0,21.0,1673.0,3690.49,8034.54
SKU0053,2025-06-23,Furniture,Storage,469,3768199.26,8034.54,0,0,1950.0,0.0,21.0,1673.0,3690.49,8034.54
SKU0053,2025-06-30,Furniture,Storage,482,3872648.28,8034.54,0,0,1420.0,2710.0,21.0,1673.0,3690.49,8034.54
SKU0053,2025-07-07,Furniture,Storage,378,3037056.12,8034.54,0,0,998.0,0.0,21.0,1673.0,3690.49,8034.54
SKU0053,2025-07-14,Furniture,Storage,464,3728026.56,8034.54,0,0,489.0,2537.0,21.0,1673.0,3690.49,8034.54
SKU0053,2025-07-21,Furniture,Storage,375,3012952.5,8034.54,0,0,86.0,0.0,21.0,1673.0,3690.49,8034.54
SKU0053,2025-07-28,Furniture,Storage,331,2659432.74,8034.54,0,0,0.0,3292.0,21.0,1673.0,3690.49,8034.54
SKU0053,2025-08-04,Furniture,Storage,343,2755847.22,8034.54,0,0,0.0,0.0,21.0,1673.0,3690.49,8034.54
SKU0053,2025-08-11,Furniture,Storage,392,3149539.68,8034.54,0,1,0.0,2947.0,21.0,1673.0,3690.49,8034.54
SKU0053,2025-08-18,Furniture,Storage,358,2876365.32,8034.54,0,0,0.0,0.0,21.0,1673.0,3690.49,8034.54
SKU0053,2025-08-25,Furniture,Storage,264,2121118.56,8034.54,0,0,0.0,2241.0,21.0,1673.0,3690.49,8034.54
SKU0053,2025-09-01,Furniture,Storage,319,2563018.26,8034.54,0,0,0.0,2527.0,21.0,1673.0,3690.49,8034.54
SKU0053,2025-09-08,Furniture,Storage,325,2611225.5,8034.54,0,0,0.0,2177.0,21.0,1673.0,3690.49,8034.54
SKU0053,2025-09-15,Furniture,Storage,279,2241636.66,8034.54,0,0,0.0,2171.0,21.0,1673.0,3690.49,8034.54
SKU0053,2025-09-22,Furniture,Storage,254,2040773.16,8034.54,0,0,0.0,2978.0,21.0,1673.0,3690.49,8034.54
SKU0053,2025-09-29,Furniture,Storage,277,2225567.58,8034.54,0,1,0.0,0.0,21.0,1673.0,3690.49,8034.54
SKU0053,2025-10-06,Furniture,Storage,329,2643363.66,8034.54,0,0,0.0,0.0,21.0,1673.0,3690.49,8034.54
SKU0053,2025-10-13,Furniture,Storage,305,2450534.7,8034.54,0,0,0.0,3183.0,21.0,1673.0,3690.49,8034.54
SKU0053,2025-10-20,Furniture,Storage,557,3780701.1,6752.087142857143,7,0,0.0,2088.0,21.0,1673.0,3690.49,8034.54
SKU0053,2025-10-27,Furniture,Storage,400,2902354.1,7465.451428571429,3,0,0.0,2687.0,21.0,1673.0,3690.49,8034.54
SKU0053,2025-11-03,Furniture,Storage,371,2980814.34,8034.54,0,0,0.0,0.0,21.0,1673.0,3690.49,8034.54
SKU0053,2025-11-10,Furniture,Storage,370,2972779.8,8034.54,0,1,2041.0,2041.0,21.0,1673.0,3690.49,8034.54
SKU0053,2025-11-17,Furniture,Storage,336,2699605.44,8034.54,0,0,1595.0,2953.0,21.0,1673.0,3690.49,8034.54
SKU0053,2025-11-24,Furniture,Storage,651,4450549.93,6932.995714285715,6,0,1289.0,2296.0,21.0,1673.0,3690.49,8034.54
SKU0053,2025-12-01,Furniture,Storage,381,3061159.74,8034.54,0,0,833.0,3021.0,21.0,1673.0,3690.49,8034.54
SKU0053,2025-12-08,Furniture,Storage,378,3037056.12,8034.54,0,0,2838.0,2423.0,21.0,1673.0,3690.49,8034.54
SKU0053,2025-12-15,Furniture,Storage,376,3020987.04,8034.54,0,0,2388.0,0.0,21.0,1673.0,3690.49,8034.54
SKU0053,2025-12-22,Furniture,Storage,448,3599473.92,8034.54,0,1,1994.0,0.0,21.0,1673.0,3690.49,8034.54
SKU0054,2024-11-18,Small Appliances,Climate,92,674948.8,7336.399999999999,0,0,,,,,3276.25,7336.4
SKU0054,2024-11-25,Small Appliances,Climate,247,1493290.53,6167.58,6,0,580.0,0.0,7.0,299.0,3276.25,7336.4
SKU0054,2024-12-02,Small Appliances,Climate,197,1445270.7999999998,7336.4,0,0,308.0,0.0,7.0,299.0,3276.25,7336.4
SKU0054,2024-12-09,Small Appliances,Climate,191,1401252.4,7336.4,0,0,498.0,376.0,7.0,299.0,3276.25,7336.4
SKU0054,2024-12-16,Small Appliances,Climate,189,1386579.6,7336.4,0,0,303.0,0.0,7.0,299.0,3276.25,7336.4
SKU0054,2024-12-23,Small Appliances,Climate,183,1342561.2,7336.4,0,1,110.0,580.0,7.0,299.0,3276.25,7336.4
SKU0054,2024-12-30,Small Appliances,Climate,197,1445270.7999999998,7336.4,0,1,0.0,0.0,7.0,299.0,3276.25,7336.4
SKU0054,2025-01-06,Small Appliances,Climate,229,1680035.6,7336.4,0,0,0.0,507.0,7.0,299.0,3276.25,7336.4
SKU0054,2025-01-13,Small Appliances,Climate,340,2068986.95,6275.03,5,0,551.0,0.0,7.0,299.0,3276.25,7336.4
SKU0054,2025-01-20,Small Appliances,Climate,294,1964925.51,6786.49,3,1,347.0,0.0,7.0,299.0,3276.25,7336.4
SKU0054,2025-01-27,Small Appliances,Climate,246,1804754.4,7336.4,0,0,112.0,0.0,7.0,299.0,3276.25,7336.4
SKU0054,2025-02-03,Small Appliances,Climate,246,1804754.4,7336.4,0,0,586.0,586.0,7.0,299.0,3276.25,7336.4
SKU0054,2025-02-10,Small Appliances,Climate,259,1900127.6,7336.4,0,0,273.0,0.0,7.0,299.0,3276.25,7336.4
SKU0054,2025-02-17,Small Appliances,Climate,286,2098210.4,7336.4,0,0,623.0,591.0,7.0,299.0,3276.25,7336.4
SKU0054,2025-02-24,Small Appliances,Climate,234,1716717.6,7336.4,0,0,390.0,0.0,7.0,299.0,3276.25,7336.4
SKU0054,2025-03-03,Small Appliances,Climate,268,1966155.2,7336.4,0,0,554.0,427.0,7.0,299.0,3276.25,7336.4
SKU0054,2025-03-10,Small Appliances,Climate,267,1958818.8,7336.4,0,0,276.0,0.0,7.0,299.0,3276.25,7336.4
SKU0054,2025-03-17,Small Appliances,Climate,247,1812090.8,7336.4,0,0,25.0,497.0,7.0,299.0,3276.25,7336.4
SKU0054,2025-03-24,Small Appliances,Climate,300,2200920.0,7336.4,0,0,0.0,431.0,7.0,299.0,3276.25,7336.4
SKU0054,2025-03-31,Small Appliances,Climate,295,2164238.0,7336.4,0,0,0.0,0.0,7.0,299.0,3276.25,7336.4
SKU0054,2025-04-07,Small Appliances,Climate,301,2208256.4,7336.4,0,0,373.0,373.0,7.0,299.0,3276.25,7336.4
SKU0054,2025-04-14,Small Appliances,Climate,287,2105546.8,7336.4,0,0,112.0,0.0,7.0,299.0,3276.25,7336.4
SKU0054,2025-04-21,Small Appliances,Climate,280,2054192.0,7336.4,0,0,0.0,0.0,7.0,299.0,3276.25,7336.4
SKU0054,2025-04-28,Small Appliances,Climate,291,2134892.4,7336.4,0,0,0.0,0.0,7.0,299.0,3276.25,7336.4
SKU0054,2025-05-05,Small Appliances,Climate,340,2494376.0,7336.4,0,0,0.0,542.0,7.0,299.0,3276.25,7336.4
SKU0054,2025-05-12,Small Appliances,Climate,294,2156901.6,7336.4,0,0,0.0,0.0,7.0,299.0,3276.25,7336.4
SKU0054,2025-05-19,Small Appliances,Climate,292,2142228.8,7336.4,0,0,0.0,0.0,7.0,299.0,3276.25,7336.4
SKU0054,2025-05-26,Small Appliances,Climate,287,2024412.11,7099.855714285714,1,0,0.0,0.0,7.0,299.0,3276.25,7336.4
SKU0054,2025-06-02,Small Appliances,Climate,402,2361346.86,5851.867142857142,7,0,477.0,477.0,7.0,299.0,3276.25,7336.4
SKU0054,2025-06-09,Small Appliances,Climate,269,1973491.6,7336.4,0,0,724.0,540.0,7.0,299.0,3276.25,7336.4
SKU0054,2025-06-16,Small Appliances,Climate,271,1988164.4,7336.4,0,0,410.0,0.0,7.0,299.0,3276.25,7336.4
SKU0054,2025-06-23,Small Appliances,Climate,237,1738726.7999999998,7336.4,0,0,108.0,516.0,7.0,299.0,3276.25,7336.4
SKU0054,2025-06-30,Small Appliances,Climate,240,1760736.0,7336.4,0,0,500.0,500.0,7.0,299.0,3276.25,7336.4
SKU0054,2025-07-07,Small Appliances,Climate,235,1724054.0,7336.4,0,0,720.0,449.0,7.0,299.0,3276.25,7336.4
SKU0054,2025-07-14,Small Appliances,Climate,223,1636017.2,7336.4,0,0,453.0,0.0,7.0,299.0,3276.25,7336.4
SKU0054,2025-07-21,Small Appliances,Climate,225,1650690.0,7336.4,0,0,189.0,396.0,7.0,299.0,3276.25,7336.4
SKU0054,2025-07-28,Small Appliances,Climate,185,1357234.0,7336.4,0,0,556.0,556.0,7.0,299.0,3276.25,7336.4
SKU0054,2025-08-04,Small Appliances,Climate,153,1122469.2,7336.4,0,0,370.0,0.0,7.0,299.0,3276.25,7336.4
SKU0054,2025-08-11,Small Appliances,Climate,151,1107796.4,7336.4,0,1,192.0,583.0,7.0,299.0,3276.25,7336.4
SKU0054,2025-08-18,Small Appliances,Climate,154,1129805.6,7336.4,0,0,8.0,0.0,7.0,299.0,3276.25,7336.4
SKU0054,2025-08-25,Small Appliances,Climate,177,1298542.8,7336.4,0,0,0.0,567.0,7.0,299.0,3276.25,7336.4
SKU0054,2025-09-01,Small Appliances,Climate,164,1203169.6,7336.4,0,0,0.0,0.0,7.0,299.0,3276.25,7336.4
SKU0054,2025-09-08,Small Appliances,Climate,124,909713.6,7336.4,0,0,409.0,409.0,7.0,299.0,3276.25,7336.4
SKU0054,2025-09-15,Small Appliances,Climate,143,1049105.2,7336.4,0,0,245.0,0.0,7.0,299.0,3276.25,7336.4
SKU0054,2025-09-22,Small Appliances,Climate,155,1137142.0,7336.4,0,0,107.0,467.0,7.0,299.0,3276.25,7336.4
SKU0054,2025-09-29,Small Appliances,Climate,150,1100460.0,7336.4,0,1,0.0,451.0,7.0,299.0,3276.25,7336.4
SKU0054,2025-10-06,Small Appliances,Climate,178,1305879.2,7336.4,0,0,529.0,529.0,7.0,299.0,3276.25,7336.4
SKU0054,2025-10-13,Small Appliances,Climate,151,1107796.4,7336.4,0,0,392.0,0.0,7.0,299.0,3276.25,7336.4
SKU0054,2025-10-20,Small Appliances,Climate,284,1718224.11,6088.135714285715,7,0,221.0,559.0,7.0,299.0,3276.25,7336.4
SKU0054,2025-10-27,Small Appliances,Climate,198,1321118.76,6837.464285714285,3,0,31.0,0.0,7.0,299.0,3276.25,7336.4
SKU0054,2025-11-03,Small Appliances,Climate,184,1349897.6,7336.4,0,0,0.0,395.0,7.0,299.0,3276.25,7336.4
SKU0054,2025-11-10,Small Appliances,Climate,198,1452607.2,7336.4,0,1,0.0,477.0,7.0,299.0,3276.25,7336.4
SKU0054,2025-11-17,Small Appliances,Climate,174,1276533.6,7336.4,0,0,0.0,0.0,7.0,299.0,3276.25,7336.4
SKU0054,2025-11-24,Small Appliances,Climate,297,1898276.25,6449.9914285714285,6,0,0.0,0.0,7.0,299.0,3276.25,7336.4
SKU0054,2025-12-01,Small Appliances,Climate,175,1283870.0,7336.4,0,0,0.0,0.0,7.0,299.0,3276.25,7336.4
SKU0054,2025-12-08,Small Appliances,Climate,212,1555316.7999999998,7336.4,0,0,0.0,0.0,7.0,299.0,3276.25,7336.4
SKU0054,2025-12-15,Small Appliances,Climate,229,1680035.6,7336.4,0,0,0.0,0.0,7.0,299.0,3276.25,7336.4
SKU0054,2025-12-22,Small Appliances,Climate,206,1511298.4,7336.4,0,1,0.0,521.0,7.0,299.0,3276.25,7336.4
SKU0055,2024-04-08,Decor,Wall Art,153,1156418.37,7558.29,0,0,,,,,1684.48,7558.29
SKU0055,2024-04-15,Decor,Wall Art,245,1851781.05,7558.29,0,0,335.0,0.0,7.0,260.0,1684.48,7558.29
SKU0055,2024-04-22,Decor,Wall Art,208,1572124.3199999998,7558.29,0,0,429.0,0.0,7.0,260.0,1684.48,7558.29
SKU0055,2024-04-29,Decor,Wall Art,217,1640148.93,7558.29,0,0,180.0,455.0,7.0,260.0,1684.48,7558.29
SKU0055,2024-05-06,Decor,Wall Art,232,1753523.28,7558.29,0,0,0.0,0.0,7.0,260.0,1684.48,7558.29
SKU0055,2024-05-13,Decor,Wall Art,207,1564566.03,7558.29,0,0,0.0,0.0,7.0,260.0,1684.48,7558.29
SKU0055,2024-05-20,Decor,Wall Art,212,1602357.48,7558.29,0,0,0.0,0.0,7.0,260.0,1684.48,7558.29
SKU0055,2024-05-27,Decor,Wall Art,244,1701500.82,7284.444285714286,2,0,0.0,0.0,7.0,260.0,1684.48,7558.29
SKU0055,2024-06-03,Decor,Wall Art,373,2329839.16,6346.339999999999,6,0,0.0,518.0,7.0,260.0,1684.48,7558.29
SKU0055,2024-06-10,Decor,Wall Art,205,1549449.45,7558.29,0,0,0.0,0.0,7.0,260.0,1684.48,7558.29
SKU0055,2024-06-17,Decor,Wall Art,168,1269792.72,7558.29,0,0,0.0,386.0,7.0,260.0,1684.48,7558.29
SKU0055,2024-06-24,Decor,Wall Art,191,1443633.39,7558.29,0,0,318.0,318.0,7.0,260.0,1684.48,7558.29
SKU0055,2024-07-01,Decor,Wall Art,153,1156418.37,7558.29,0,0,111.0,485.0,7.0,260.0,1684.48,7558.29
SKU0055,2024-07-08,Decor,Wall Art,134,1012810.86,7558.29,0,0,0.0,0.0,7.0,260.0,1684.48,7558.29
SKU0055,2024-07-15,Decor,Wall Art,154,1163976.66,7558.29,0,0,0.0,0.0,7.0,260.0,1684.48,7558.29
SKU0055,2024-07-22,Decor,Wall Art,151,1141301.79,7558.29,0,0,0.0,0.0,7.0,260.0,1684.48,7558.29
SKU0055,2024-07-29,Decor,Wall Art,131,990135.99,7558.29,0,0,378.0,378.0,7.0,260.0,1684.48,7558.29
SKU0055,2024-08-05,Decor,Wall Art,142,1073277.18,7558.29,0,0,247.0,459.0,7.0,260.0,1684.48,7558.29
SKU0055,2024-08-12,Decor,Wall Art,145,1095952.05,7558.29,0,1,482.0,397.0,7.0,260.0,1684.48,7558.29
SKU0055,2024-08-19,Decor,Wall Art,158,1194209.82,7558.29,0,0,360.0,0.0,7.0,260.0,1684.48,7558.29
SKU0055,2024-08-26,Decor,Wall Art,132,997694.28,7558.29,0,0,226.0,340.0,7.0,260.0,1684.48,7558.29
SKU0055,2024-09-02,Decor,Wall Art,123,929669.67,7558.29,0,0,99.0,0.0,7.0,260.0,1684.48,7558.29
SKU0055,2024-09-09,Decor,Wall Art,116,876761.64,7558.29,0,0,0.0,502.0,7.0,260.0,1684.48,7558.29
SKU0055,2024-09-16,Decor,Wall Art,144,1088393.76,7558.29,0,0,0.0,0.0,7.0,260.0,1684.48,7558.29
SKU0055,2024-09-23,Decor,Wall Art,119,899436.51,7558.29,0,0,459.0,459.0,7.0,260.0,1684.48,7558.29
SKU0055,2024-09-30,Decor,Wall Art,123,929669.67,7558.29,0,1,350.0,0.0,7.0,260.0,1684.48,7558.29
SKU0055,2024-10-07,Decor,Wall Art,104,786062.16,7558.29,0,0,210.0,426.0,7.0,260.0,1684.48,7558.29
SKU0055,2024-10-14,Decor,Wall Art,143,1036089.02,7375.651428571428,1,0,463.0,377.0,7.0,260.0,1684.48,7558.29
SKU0055,2024-10-21,Decor,Wall Art,323,1972271.4,6058.389999999999,7,0,336.0,0.0,7.0,260.0,1684.48,7558.29
SKU0055,2024-10-28,Decor,Wall Art,183,1301528.78,7269.397142857143,2,0,141.0,0.0,7.0,260.0,1684.48,7558.29
SKU0055,2024-11-04,Decor,Wall Art,147,1111068.63,7558.29,0,0,0.0,0.0,7.0,260.0,1684.48,7558.29
SKU0055,2024-11-11,Decor,Wall Art,146,1103510.34,7558.29,0,1,328.0,328.0,7.0,260.0,1684.48,7558.29
SKU0055,2024-11-18,Decor,Wall Art,138,1043044.02,7558.29,0,0,121.0,366.0,7.0,260.0,1684.48,7558.29
SKU0055,2024-11-25,Decor,Wall Art,286,1784693.75,6322.007142857144,6,0,0.0,405.0,7.0,260.0,1684.48,7558.29
SKU0055,2024-12-02,Decor,Wall Art,179,1352933.91,7558.29,0,0,0.0,459.0,7.0,260.0,1684.48,7558.29
SKU0055,2024-12-09,Decor,Wall Art,170,1284909.3,7558.29,0,0,0.0,0.0,7.0,260.0,1684.48,7558.29
SKU0055,2024-12-16,Decor,Wall Art,157,1186651.53,7558.29,0,0,0.0,0.0,7.0,260.0,1684.48,7558.29
SKU0055,2024-12-23,Decor,Wall Art,196,1481424.84,7558.29,0,1,0.0,0.0,7.0,260.0,1684.48,7558.29
SKU0055,2024-12-30,Decor,Wall Art,193,1458749.97,7558.29,0,1,0.0,407.0,7.0,260.0,1684.48,7558.29
SKU0055,2025-01-06,Decor,Wall Art,184,1390725.36,7558.29,0,0,0.0,0.0,7.0,260.0,1684.48,7558.29
SKU0055,2025-01-13,Decor,Wall Art,392,2560327.17,6695.878571428571,5,0,0.0,0.0,7.0,260.0,1684.48,7558.29
SKU0055,2025-01-20,Decor,Wall Art,298,1975523.42,6898.26,3,1,0.0,351.0,7.0,260.0,1684.48,7558.29
SKU0055,2025-01-27,Decor,Wall Art,269,2033180.01,7558.29,0,0,0.0,484.0,7.0,260.0,1684.48,7558.29
SKU0055,2025-02-03,Decor,Wall Art,281,2123879.49,7558.29,0,0,396.0,396.0,7.0,260.0,1684.48,7558.29
SKU0055,2025-02-10,Decor,Wall Art,230,1738406.7,7558.29,0,0,398.0,337.0,7.0,260.0,1684.48,7558.29
SKU0055,2025-02-17,Decor,Wall Art,233,1761081.57,7558.29,0,0,159.0,0.0,7.0,260.0,1684.48,7558.29
SKU0055,2025-02-24,Decor,Wall Art,252,1904689.08,7558.29,0,0,0.0,0.0,7.0,260.0,1684.48,7558.29
SKU0055,2025-03-03,Decor,Wall Art,260,1965155.4,7558.29,0,0,0.0,0.0,7.0,260.0,1684.48,7558.29
SKU0055,2025-03-10,Decor,Wall Art,267,2018063.43,7558.29,0,0,401.0,401.0,7.0,260.0,1684.48,7558.29
SKU0055,2025-03-17,Decor,Wall Art,252,1904689.08,7558.29,0,0,464.0,334.0,7.0,260.0,1684.48,7558.29
SKU0055,2025-03-24,Decor,Wall Art,232,1753523.28,7558.29,0,0,180.0,0.0,7.0,260.0,1684.48,7558.29
SKU0055,2025-03-31,Decor,Wall Art,281,2123879.49,7558.29,0,0,0.0,402.0,7.0,260.0,1684.48,7558.29
SKU0055,2025-04-07,Decor,Wall Art,223,1685498.6700000002,7558.29,0,0,317.0,317.0,7.0,260.0,1684.48,7558.29
SKU0055,2025-04-14,Decor,Wall Art,296,2237253.84,7558.29,0,0,47.0,0.0,7.0,260.0,1684.48,7558.29
SKU0055,2025-04-21,Decor,Wall Art,236,1783756.44,7558.29,0,0,0.0,493.0,7.0,260.0,1684.48,7558.29
SKU0055,2025-04-28,Decor,Wall Art,295,2229695.55,7558.29,0,0,0.0,0.0,7.0,260.0,1684.48,7558.29
SKU0055,2025-05-05,Decor,Wall Art,294,2222137.26,7558.29,0,0,0.0,432.0,7.0,260.0,1684.48,7558.29
SKU0055,2025-05-12,Decor,Wall Art,248,1874455.92,7558.29,0,0,0.0,0.0,7.0,260.0,1684.48,7558.29
SKU0055,2025-05-19,Decor,Wall Art,232,1753523.28,7558.29,0,0,0.0,0.0,7.0,260.0,1684.48,7558.29
SKU0055,2025-05-26,Decor,Wall Art,269,1966399.21,7439.038571428571,1,0,0.0,0.0,7.0,260.0,1684.48,7558.29
SKU0055,2025-06-02,Decor,Wall Art,458,2902832.1,6341.672857142857,7,0,0.0,475.0,7.0,260.0,1684.48,7558.29
SKU0055,2025-06-09,Decor,Wall Art,220,1662823.8,7558.29,0,0,403.0,403.0,7.0,260.0,1684.48,7558.29
SKU0055,2025-06-16,Decor,Wall Art,195,1473866.5499999998,7558.29,0,0,110.0,0.0,7.0,260.0,1684.48,7558.29
SKU0055,2025-06-23,Decor,Wall Art,212,1602357.48,7558.29,0,0,460.0,460.0,7.0,260.0,1684.48,7558.29
SKU0055,2025-06-30,Decor,Wall Art,214,1617474.06,7558.29,0,0,225.0,0.0,7.0,260.0,1684.48,7558.29
SKU0055,2025-07-07,Decor,Wall Art,187,1413400.23,7558.29,0,0,4.0,0.0,7.0,260.0,1684.48,7558.29
SKU0055,2025-07-14,Decor,Wall Art,179,1352933.91,7558.29,0,0,0.0,0.0,7.0,260.0,1684.48,7558.29
SKU0055,2025-07-21,Decor,Wall Art,183,1383167.07,7558.29,0,0,0.0,0.0,7.0,260.0,1684.48,7558.29
SKU0055,2025-07-28,Decor,Wall Art,169,1277351.01,7558.29,0,0,0.0,344.0,7.0,260.0,1684.48,7558.29
SKU0055,2025-08-04,Decor,Wall Art,144,1088393.76,7558.29,0,0,331.0,331.0,7.0,260.0,1684.48,7558.29
SKU0055,2025-08-11,Decor,Wall Art,150,1133743.5,7558.29,0,1,187.0,475.0,7.0,260.0,1684.48,7558.29
SKU0055,2025-08-18,Decor,Wall Art,186,1405841.94,7558.29,0,0,24.0,504.0,7.0,260.0,1684.48,7558.29
SKU0055,2025-08-25,Decor,Wall Art,155,1171534.95,7558.29,0,0,0.0,442.0,7.0,260.0,1684.48,7558.29
SKU0055,2025-09-01,Decor,Wall Art,143,1080835.47,7558.29,0,0,399.0,399.0,7.0,260.0,1684.48,7558.29
SKU0055,2025-09-08,Decor,Wall Art,144,1088393.76,7558.29,0,0,259.0,0.0,7.0,260.0,1684.48,7558.29
SKU0055,2025-09-15,Decor,Wall Art,143,1080835.47,7558.29,0,0,128.0,455.0,7.0,260.0,1684.48,7558.29
SKU0055,2025-09-22,Decor,Wall Art,106,801178.74,7558.29,0,0,0.0,0.0,7.0,260.0,1684.48,7558.29
SKU0055,2025-09-29,Decor,Wall Art,165,1247117.85,7558.29,0,1,0.0,358.0,7.0,260.0,1684.48,7558.29
SKU0055,2025-10-06,Decor,Wall Art,145,1095952.05,7558.29,0,0,0.0,421.0,7.0,260.0,1684.48,7558.29
SKU0055,2025-10-13,Decor,Wall Art,148,1118626.92,7558.29,0,0,0.0,0.0,7.0,260.0,1684.48,7558.29
SKU0055,2025-10-20,Decor,Wall Art,261,1613766.03,6212.3,7,0,0.0,0.0,7.0,260.0,1684.48,7558.29
SKU0055,2025-10-27,Decor,Wall Art,162,1103460.5,6966.484285714286,3,0,0.0,0.0,7.0,260.0,1684.48,7558.29
SKU0055,2025-11-03,Decor,Wall Art,143,1080835.47,7558.29,0,0,0.0,0.0,7.0,260.0,1684.48,7558.29
SKU0055,2025-11-10,Decor,Wall Art,167,1262234.43,7558.29,0,1,0.0,0.0,7.0,260.0,1684.48,7558.29
SKU0055,2025-11-17,Decor,Wall Art,158,1194209.82,7558.29,0,0,348.0,348.0,7.0,260.0,1684.48,7558.29
SKU0055,2025-11-24,Decor,Wall Art,307,1909539.14,6360.965714285715,6,0,203.0,515.0,7.0,260.0,1684.48,7558.29
SKU0055,2025-12-01,Decor,Wall Art,150,1133743.5,7558.29,0,0,0.0,0.0,7.0,260.0,1684.48,7558.29
SKU0055,2025-12-08,Decor,Wall Art,179,1352933.91,7558.29,0,0,0.0,340.0,7.0,260.0,1684.48,7558.29
SKU0055,2025-12-15,Decor,Wall Art,175,1322700.75,7558.29,0,0,0.0,0.0,7.0,260.0,1684.48,7558.29
SKU0055,2025-12-22,Decor,Wall Art,198,1496541.42,7558.29,0,1,0.0,443.0,7.0,260.0,1684.48,7558.29
SKU0056,2024-12-23,Furniture,Tables,54,90084.96,1668.24,0,0,,,,,612.62,1668.24
SKU0056,2024-12-30,Furniture,Tables,193,321970.32,1668.24,0,1,274.0,0.0,14.0,489.0,612.62,1668.24
SKU0056,2025-01-06,Furniture,Tables,156,260245.44,1668.24,0,0,103.0,0.0,14.0,489.0,612.62,1668.24
SKU0056,2025-01-13,Furniture,Tables,348,473143.01,1417.1585714285716,5,0,638.0,638.0,14.0,489.0,612.62,1668.24
SKU0056,2025-01-20,Furniture,Tables,317,469220.6,1528.4542857142858,3,1,366.0,693.0,14.0,489.0,612.62,1668.24
SKU0056,2025-01-27,Furniture,Tables,195,325306.8,1668.24,0,0,93.0,0.0,14.0,489.0,612.62,1668.24
SKU0056,2025-02-03,Furniture,Tables,211,351998.64,1668.24,0,0,0.0,935.0,14.0,489.0,612.62,1668.24
SKU0056,2025-02-10,Furniture,Tables,227,378690.48,1668.24,0,0,0.0,949.0,14.0,489.0,612.62,1668.24
SKU0056,2025-02-17,Furniture,Tables,209,348662.16,1668.24,0,0,0.0,0.0,14.0,489.0,612.62,1668.24
SKU0056,2025-02-24,Furniture,Tables,224,373685.76,1668.24,0,0,0.0,723.0,14.0,489.0,612.62,1668.24
SKU0056,2025-03-03,Furniture,Tables,212,353666.88,1668.24,0,0,0.0,911.0,14.0,489.0,612.62,1668.24
SKU0056,2025-03-10,Furniture,Tables,240,400377.6,1668.24,0,0,0.0,678.0,14.0,489.0,612.62,1668.24
SKU0056,2025-03-17,Furniture,Tables,193,321970.32,1668.24,0,0,0.0,910.0,14.0,489.0,612.62,1668.24
SKU0056,2025-03-24,Furniture,Tables,220,367012.8,1668.24,0,0,896.0,896.0,14.0,489.0,612.62,1668.24
SKU0056,2025-03-31,Furniture,Tables,242,403714.08,1668.24,0,0,670.0,0.0,14.0,489.0,612.62,1668.24
SKU0056,2025-04-07,Furniture,Tables,228,380358.72,1668.24,0,0,1255.0,792.0,14.0,489.0,612.62,1668.24
SKU0056,2025-04-14,Furniture,Tables,211,351998.64,1668.24,0,0,1069.0,0.0,14.0,489.0,612.62,1668.24
SKU0056,2025-04-21,Furniture,Tables,187,311960.88,1668.24,0,0,873.0,0.0,14.0,489.0,612.62,1668.24
SKU0056,2025-04-28,Furniture,Tables,215,358671.6,1668.24,0,0,659.0,0.0,14.0,489.0,612.62,1668.24
SKU0056,2025-05-05,Furniture,Tables,216,360339.84,1668.24,0,0,462.0,0.0,14.0,489.0,612.62,1668.24
SKU0056,2025-05-12,Furniture,Tables,211,351998.64,1668.24,0,0,262.0,0.0,14.0,489.0,612.62,1668.24
SKU0056,2025-05-19,Furniture,Tables,219,365344.56,1668.24,0,0,61.0,0.0,14.0,489.0,612.62,1668.24
SKU0056,2025-05-26,Furniture,Tables,245,394965.2,1633.1542857142856,1,0,0.0,0.0,14.0,489.0,612.62,1668.24
SKU0056,2025-06-02,Furniture,Tables,391,551294.41,1407.7900000000002,7,0,0.0,823.0,14.0,489.0,612.62,1668.24
SKU0056,2025-06-09,Furniture,Tables,205,341989.2,1668.24,0,0,0.0,0.0,14.0,489.0,612.62,1668.24
SKU0056,2025-06-16,Furniture,Tables,192,320302.08,1668.24,0,0,0.0,0.0,14.0,489.0,612.62,1668.24
SKU0056,2025-06-23,Furniture,Tables,165,275259.6,1668.24,0,0,955.0,955.0,14.0,489.0,612.62,1668.24
SKU0056,2025-06-30,Furniture,Tables,168,280264.32,1668.24,0,0,711.0,0.0,14.0,489.0,612.62,1668.24
SKU0056,2025-07-07,Furniture,Tables,195,325306.8,1668.24,0,0,527.0,0.0,14.0,489.0,612.62,1668.24
SKU0056,2025-07-14,Furniture,Tables,182,303619.68,1668.24,0,0,957.0,615.0,14.0,489.0,612.62,1668.24
SKU0056,2025-07-21,Furniture,Tables,135,225212.4,1668.24,0,0,780.0,0.0,14.0,489.0,612.62,1668.24
SKU0056,2025-07-28,Furniture,Tables,159,265250.16000000003,1668.24,0,0,630.0,0.0,14.0,489.0,612.62,1668.24
SKU0056,2025-08-04,Furniture,Tables,141,235221.84000000003,1668.24,0,0,1419.0,949.0,14.0,489.0,612.62,1668.24
SKU0056,2025-08-11,Furniture,Tables,159,265250.16,1668.24,0,1,1244.0,0.0,14.0,489.0,612.62,1668.24
SKU0056,2025-08-18,Furniture,Tables,135,225212.4,1668.24,0,0,1084.0,0.0,14.0,489.0,612.62,1668.24
SKU0056,2025-08-25,Furniture,Tables,135,225212.4,1668.24,0,0,940.0,0.0,14.0,489.0,612.62,1668.24
SKU0056,2025-09-01,Furniture,Tables,123,205193.52,1668.24,0,0,799.0,0.0,14.0,489.0,612.62,1668.24
SKU0056,2025-09-08,Furniture,Tables,102,170160.48,1668.24,0,0,676.0,0.0,14.0,489.0,612.62,1668.24
SKU0056,2025-09-15,Furniture,Tables,147,245231.28,1668.24,0,0,540.0,0.0,14.0,489.0,612.62,1668.24
SKU0056,2025-09-22,Furniture,Tables,97,161819.28,1668.24,0,0,419.0,679.0,14.0,489.0,612.62,1668.24
SKU0056,2025-09-29,Furniture,Tables,127,211866.48,1668.24,0,1,1127.0,832.0,14.0,489.0,612.62,1668.24
SKU0056,2025-10-06,Furniture,Tables,113,188511.12,1668.24,0,0,1023.0,0.0,14.0,489.0,612.62,1668.24
SKU0056,2025-10-13,Furniture,Tables,114,190179.36,1668.24,0,0,895.0,0.0,14.0,489.0,612.62,1668.24
SKU0056,2025-10-20,Furniture,Tables,231,315585.09,1367.9014285714286,7,0,789.0,0.0,14.0,489.0,612.62,1668.24
SKU0056,2025-10-27,Furniture,Tables,189,280270.60000000003,1548.34,3,0,646.0,0.0,14.0,489.0,612.62,1668.24
SKU0056,2025-11-03,Furniture,Tables,129,215202.96,1668.24,0,0,496.0,0.0,14.0,489.0,612.62,1668.24
SKU0056,2025-11-10,Furniture,Tables,134,223544.16,1668.24,0,1,337.0,0.0,14.0,489.0,612.62,1668.24
SKU0056,2025-11-17,Furniture,Tables,161,268586.64,1668.24,0,0,149.0,0.0,14.0,489.0,612.62,1668.24
SKU0056,2025-11-24,Furniture,Tables,258,354096.67,1405.8357142857144,6,0,971.0,968.0,14.0,489.0,612.62,1668.24
SKU0056,2025-12-01,Furniture,Tables,136,226880.64,1668.24,0,0,808.0,0.0,14.0,489.0,612.62,1668.24
SKU0056,2025-12-08,Furniture,Tables,131,218539.44,1668.24,0,0,648.0,0.0,14.0,489.0,612.62,1668.24
SKU0056,2025-12-15,Furniture,Tables,174,290273.76,1668.24,0,0,481.0,774.0,14.0,489.0,612.62,1668.24
SKU0056,2025-12-22,Furniture,Tables,180,300283.2,1668.24,0,1,298.0,0.0,14.0,489.0,612.62,1668.24
SKU0057,2024-10-21,Small Appliances,Climate,84,565251.6900000001,6777.969999999999,5,0,,,,,3195.71,8162.28
SKU0057,2024-10-28,Small Appliances,Climate,68,520956.51,7751.564285714286,2,0,96.0,358.0,14.0,235.0,3195.71,8162.28
SKU0057,2024-11-04,Small Appliances,Climate,50,408114.0,8162.28,0,0,0.0,453.0,14.0,235.0,3195.71,8162.28
SKU0057,2024-11-11,Small Appliances,Climate,54,440763.12,8162.28,0,1,0.0,320.0,14.0,235.0,3195.71,8162.28
SKU0057,2024-11-18,Small Appliances,Climate,65,530548.2,8162.28,0,0,339.0,339.0,14.0,235.0,3195.71,8162.28
SKU0057,2024-11-25,Small Appliances,Climate,133,894057.63,6867.528571428571,6,0,275.0,0.0,14.0,235.0,3195.71,8162.28
SKU0057,2024-12-02,Small Appliances,Climate,62,506061.36,8162.28,0,0,190.0,455.0,14.0,235.0,3195.71,8162.28
SKU0057,2024-12-09,Small Appliances,Climate,77,628495.56,8162.28,0,0,108.0,0.0,14.0,235.0,3195.71,8162.28
SKU0057,2024-12-16,Small Appliances,Climate,68,555035.04,8162.28,0,0,22.0,291.0,14.0,235.0,3195.71,8162.28
SKU0057,2024-12-23,Small Appliances,Climate,87,710118.36,8162.28,0,1,0.0,0.0,14.0,235.0,3195.71,8162.28
SKU0057,2024-12-30,Small Appliances,Climate,104,848877.12,8162.28,0,1,0.0,0.0,14.0,235.0,3195.71,8162.28
SKU0057,2025-01-06,Small Appliances,Climate,83,677469.24,8162.28,0,0,0.0,0.0,14.0,235.0,3195.71,8162.28
SKU0057,2025-01-13,Small Appliances,Climate,183,1252226.46,7086.772857142857,5,0,0.0,451.0,14.0,235.0,3195.71,8162.28
SKU0057,2025-01-20,Small Appliances,Climate,158,1179021.43,7558.12,3,1,0.0,0.0,14.0,235.0,3195.71,8162.28
SKU0057,2025-01-27,Small Appliances,Climate,101,824390.28,8162.28,0,0,0.0,287.0,14.0,235.0,3195.71,8162.28
SKU0057,2025-02-03,Small Appliances,Climate,103,840714.84,8162.28,0,0,0.0,0.0,14.0,235.0,3195.71,8162.28
SKU0057,2025-02-10,Small Appliances,Climate,109,889688.52,8162.28,0,0,0.0,404.0,14.0,235.0,3195.71,8162.28
SKU0057,2025-02-17,Small Appliances,Climate,85,693793.8,8162.28,0,0,0.0,0.0,14.0,235.0,3195.71,8162.28
SKU0057,2025-02-24,Small Appliances,Climate,119,971311.32,8162.28,0,0,0.0,0.0,14.0,235.0,3195.71,8162.28
SKU0057,2025-03-03,Small Appliances,Climate,118,963149.04,8162.28,0,0,0.0,343.0,14.0,235.0,3195.71,8162.28
SKU0057,2025-03-10,Small Appliances,Climate,117,954986.76,8162.28,0,0,0.0,0.0,14.0,235.0,3195.71,8162.28
SKU0057,2025-03-17,Small Appliances,Climate,110,897850.8,8162.28,0,0,396.0,396.0,14.0,235.0,3195.71,8162.28
SKU0057,2025-03-24,Small Appliances,Climate,84,685631.52,8162.28,0,0,282.0,0.0,14.0,235.0,3195.71,8162.28
SKU0057,2025-03-31,Small Appliances,Climate,92,750929.76,8162.28,0,0,614.0,429.0,14.0,235.0,3195.71,8162.28
SKU0057,2025-04-07,Small Appliances,Climate,115,938662.2,8162.28,0,0,530.0,0.0,14.0,235.0,3195.71,8162.28
SKU0057,2025-04-14,Small Appliances,Climate,118,963149.04,8162.28,0,0,423.0,0.0,14.0,235.0,3195.71,8162.28
SKU0057,2025-04-21,Small Appliances,Climate,119,971311.32,8162.28,0,0,329.0,0.0,14.0,235.0,3195.71,8162.28
SKU0057,2025-04-28,Small Appliances,Climate,117,954986.76,8162.28,0,0,200.0,467.0,14.0,235.0,3195.71,8162.28
SKU0057,2025-05-05,Small Appliances,Climate,102,832552.56,8162.28,0,0,417.0,334.0,14.0,235.0,3195.71,8162.28
SKU0057,2025-05-12,Small Appliances,Climate,87,710118.36,8162.28,0,0,310.0,0.0,14.0,235.0,3195.71,8162.28
SKU0057,2025-05-19,Small Appliances,Climate,97,791741.16,8162.28,0,0,197.0,0.0,14.0,235.0,3195.71,8162.28
SKU0057,2025-05-26,Small Appliances,Climate,112,872622.16,7933.965714285713,1,0,92.0,0.0,14.0,235.0,3195.71,8162.28
SKU0057,2025-06-02,Small Appliances,Climate,225,1507881.28,6727.302857142858,7,0,376.0,374.0,14.0,235.0,3195.71,8162.28
SKU0057,2025-06-09,Small Appliances,Climate,89,726442.9199999999,8162.28,0,0,235.0,0.0,14.0,235.0,3195.71,8162.28
SKU0057,2025-06-16,Small Appliances,Climate,94,767254.3200000001,8162.28,0,0,537.0,421.0,14.0,235.0,3195.71,8162.28
SKU0057,2025-06-23,Small Appliances,Climate,105,857039.4,8162.28,0,0,419.0,0.0,14.0,235.0,3195.71,8162.28
SKU0057,2025-06-30,Small Appliances,Climate,62,506061.36,8162.28,0,0,308.0,0.0,14.0,235.0,3195.71,8162.28
SKU0057,2025-07-07,Small Appliances,Climate,93,759092.04,8162.28,0,0,228.0,0.0,14.0,235.0,3195.71,8162.28
SKU0057,2025-07-14,Small Appliances,Climate,75,612171.0,8162.28,0,0,455.0,321.0,14.0,235.0,3195.71,8162.28
SKU0057,2025-07-21,Small Appliances,Climate,71,579521.88,8162.28,0,0,363.0,0.0,14.0,235.0,3195.71,8162.28
SKU0057,2025-07-28,Small Appliances,Climate,71,579521.88,8162.28,0,0,290.0,0.0,14.0,235.0,3195.71,8162.28
SKU0057,2025-08-04,Small Appliances,Climate,79,644820.12,8162.28,0,0,224.0,303.0,14.0,235.0,3195.71,8162.28
SKU0057,2025-08-11,Small Appliances,Climate,71,579521.88,8162.28,0,1,160.0,287.0,14.0,235.0,3195.71,8162.28
SKU0057,2025-08-18,Small Appliances,Climate,66,538710.48,8162.28,0,0,83.0,293.0,14.0,235.0,3195.71,8162.28
SKU0057,2025-08-25,Small Appliances,Climate,64,522385.92,8162.28,0,0,14.0,380.0,14.0,235.0,3195.71,8162.28
SKU0057,2025-09-01,Small Appliances,Climate,65,530548.2,8162.28,0,0,0.0,461.0,14.0,235.0,3195.71,8162.28
SKU0057,2025-09-08,Small Appliances,Climate,58,473412.24,8162.28,0,0,0.0,294.0,14.0,235.0,3195.71,8162.28
SKU0057,2025-09-15,Small Appliances,Climate,68,555035.04,8162.28,0,0,0.0,0.0,14.0,235.0,3195.71,8162.28
SKU0057,2025-09-22,Small Appliances,Climate,58,473412.24,8162.28,0,0,0.0,0.0,14.0,235.0,3195.71,8162.28
SKU0057,2025-09-29,Small Appliances,Climate,59,481574.52,8162.28,0,1,0.0,0.0,14.0,235.0,3195.71,8162.28
SKU0057,2025-10-06,Small Appliances,Climate,60,489736.8,8162.28,0,0,0.0,394.0,14.0,235.0,3195.71,8162.28
SKU0057,2025-10-13,Small Appliances,Climate,65,530548.2,8162.28,0,0,0.0,0.0,14.0,235.0,3195.71,8162.28
SKU0057,2025-10-20,Small Appliances,Climate,127,823529.56,6538.664285714286,7,0,0.0,0.0,14.0,235.0,3195.71,8162.28
SKU0057,2025-10-27,Small Appliances,Climate,74,541687.49,7404.134285714286,3,0,322.0,322.0,14.0,235.0,3195.71,8162.28
SKU0057,2025-11-03,Small Appliances,Climate,49,399951.72,8162.28,0,0,244.0,0.0,14.0,235.0,3195.71,8162.28
SKU0057,2025-11-10,Small Appliances,Climate,72,587684.16,8162.28,0,1,154.0,384.0,14.0,235.0,3195.71,8162.28
SKU0057,2025-11-17,Small Appliances,Climate,69,563197.32,8162.28,0,0,60.0,0.0,14.0,235.0,3195.71,8162.28
SKU0057,2025-11-24,Small Appliances,Climate,118,795739.26,6860.872857142857,6,0,0.0,321.0,14.0,235.0,3195.71,8162.28
SKU0057,2025-12-01,Small Appliances,Climate,77,628495.56,8162.28,0,0,466.0,466.0,14.0,235.0,3195.71,8162.28
SKU0057,2025-12-08,Small Appliances,Climate,80,652982.4,8162.28,0,0,381.0,0.0,14.0,235.0,3195.71,8162.28
SKU0057,2025-12-15,Small Appliances,Climate,89,726442.9199999999,8162.28,0,0,301.0,0.0,14.0,235.0,3195.71,8162.28
SKU0057,2025-12-22,Small Appliances,Climate,74,604008.72,8162.28,0,1,216.0,314.0,14.0,235.0,3195.71,8162.28
SKU0058,2024-02-12,Decor,Wall Art,172,801170.8400000001,4657.97,0,0,,,,,2579.81,4657.97
SKU0058,2024-02-19,Decor,Wall Art,408,1900451.76,4657.97,0,0,1023.0,1002.0,10.0,717.0,2579.81,4657.97
SKU0058,2024-02-26,Decor,Wall Art,538,2505987.8600000003,4657.97,0,0,599.0,957.0,10.0,717.0,2579.81,4657.97
SKU0058,2024-03-04,Decor,Wall Art,518,2412828.46,4657.97,0,0,144.0,0.0,10.0,717.0,2579.81,4657.97
SKU0058,2024-03-11,Decor,Wall Art,425,1979637.25,4657.97,0,0,0.0,1120.0,10.0,717.0,2579.81,4657.97
SKU0058,2024-03-18,Decor,Wall Art,450,2096086.5,4657.97,0,0,1312.0,1312.0,10.0,717.0,2579.81,4657.97
SKU0058,2024-03-25,Decor,Wall Art,500,2328985.0,4657.97,0,0,824.0,0.0,10.0,717.0,2579.81,4657.97
SKU0058,2024-04-01,Decor,Wall Art,458,2133350.26,4657.97,0,0,304.0,1094.0,10.0,717.0,2579.81,4657.97
SKU0058,2024-04-08,Decor,Wall Art,430,2002927.1,4657.97,0,0,0.0,0.0,10.0,717.0,2579.81,4657.97
SKU0058,2024-04-15,Decor,Wall Art,463,2156640.1100000003,4657.97,0,0,0.0,1313.0,10.0,717.0,2579.81,4657.97
SKU0058,2024-04-22,Decor,Wall Art,477,2221851.69,4657.97,0,0,0.0,1358.0,10.0,717.0,2579.81,4657.97
SKU0058,2024-04-29,Decor,Wall Art,493,2296379.21,4657.97,0,0,0.0,1157.0,10.0,717.0,2579.81,4657.97
SKU0058,2024-05-06,Decor,Wall Art,462,2151982.14,4657.97,0,0,0.0,1328.0,10.0,717.0,2579.81,4657.97
SKU0058,2024-05-13,Decor,Wall Art,481,2240483.5700000003,4657.97,0,0,0.0,1097.0,10.0,717.0,2579.81,4657.97
SKU0058,2024-05-20,Decor,Wall Art,400,1863188.0,4657.97,0,0,0.0,1204.0,10.0,717.0,2579.81,4657.97
SKU0058,2024-05-27,Decor,Wall Art,589,2559853.7,4464.811428571428,2,0,0.0,950.0,10.0,717.0,2579.81,4657.97
SKU0058,2024-06-03,Decor,Wall Art,668,2683429.49,4054.977142857143,6,0,0.0,0.0,10.0,717.0,2579.81,4657.97
SKU0058,2024-06-10,Decor,Wall Art,418,1947031.46,4657.97,0,0,0.0,1119.0,10.0,717.0,2579.81,4657.97
SKU0058,2024-06-17,Decor,Wall Art,381,1774686.57,4657.97,0,0,0.0,896.0,10.0,717.0,2579.81,4657.97
SKU0058,2024-06-24,Decor,Wall Art,381,1774686.57,4657.97,0,0,0.0,1119.0,10.0,717.0,2579.81,4657.97
SKU0058,2024-07-01,Decor,Wall Art,364,1695501.08,4657.97,0,0,0.0,0.0,10.0,717.0,2579.81,4657.97
SKU0058,2024-07-08,Decor,Wall Art,329,1532472.13,4657.97,0,0,0.0,0.0,10.0,717.0,2579.81,4657.97
SKU0058,2024-07-15,Decor,Wall Art,355,1653579.35,4657.97,0,0,0.0,0.0,10.0,717.0,2579.81,4657.97
SKU0058,2024-07-22,Decor,Wall Art,302,1406706.9400000002,4657.97,0,0,0.0,1424.0,10.0,717.0,2579.81,4657.97
SKU0058,2024-07-29,Decor,Wall Art,264,1229704.08,4657.97,0,0,0.0,0.0,10.0,717.0,2579.81,4657.97
SKU0058,2024-08-05,Decor,Wall Art,321,1495208.37,4657.97,0,0,0.0,919.0,10.0,717.0,2579.81,4657.97
SKU0058,2024-08-12,Decor,Wall Art,290,1350811.3,4657.97,0,1,0.0,0.0,10.0,717.0,2579.81,4657.97
SKU0058,2024-08-19,Decor,Wall Art,263,1225046.11,4657.97,0,0,0.0,957.0,10.0,717.0,2579.81,4657.97
SKU0058,2024-08-26,Decor,Wall Art,218,1015437.46,4657.97,0,0,0.0,0.0,10.0,717.0,2579.81,4657.97
SKU0058,2024-09-02,Decor,Wall Art,249,1159834.53,4657.97,0,0,0.0,0.0,10.0,717.0,2579.81,4657.97
SKU0058,2024-09-09,Decor,Wall Art,236,1099280.9200000002,4657.97,0,0,0.0,0.0,10.0,717.0,2579.81,4657.97
SKU0058,2024-09-16,Decor,Wall Art,268,1248335.96,4657.97,0,0,0.0,0.0,10.0,717.0,2579.81,4657.97
SKU0058,2024-09-23,Decor,Wall Art,255,1187782.35,4657.97,0,0,0.0,1024.0,10.0,717.0,2579.81,4657.97
SKU0058,2024-09-30,Decor,Wall Art,233,1085307.01,4657.97,0,1,0.0,0.0,10.0,717.0,2579.81,4657.97
SKU0058,2024-10-07,Decor,Wall Art,209,973515.73,4657.97,0,0,0.0,0.0,10.0,717.0,2579.81,4657.97
SKU0058,2024-10-14,Decor,Wall Art,298,1309872.26,4514.7414285714285,1,0,1083.0,1083.0,10.0,717.0,2579.81,4657.97
SKU0058,2024-10-21,Decor,Wall Art,459,1865040.5,4058.842857142857,7,0,797.0,0.0,10.0,717.0,2579.81,4657.97
SKU0058,2024-10-28,Decor,Wall Art,310,1343464.8,4456.362857142857,2,0,483.0,0.0,10.0,717.0,2579.81,4657.97
SKU0058,2024-11-04,Decor,Wall Art,288,1341495.36,4657.97,0,0,1161.0,1024.0,10.0,717.0,2579.81,4657.97
SKU0058,2024-11-11,Decor,Wall Art,262,1220388.14,4657.97,0,1,814.0,0.0,10.0,717.0,2579.81,4657.97
SKU0058,2024-11-18,Decor,Wall Art,294,1369443.1800000002,4657.97,0,0,476.0,0.0,10.0,717.0,2579.81,4657.97
SKU0058,2024-11-25,Decor,Wall Art,516,2059027.62,3969.4185714285713,6,0,1324.0,1110.0,10.0,717.0,2579.81,4657.97
SKU0058,2024-12-02,Decor,Wall Art,305,1420680.85,4657.97,0,0,1026.0,0.0,10.0,717.0,2579.81,4657.97
SKU0058,2024-12-09,Decor,Wall Art,292,1360127.24,4657.97,0,0,675.0,0.0,10.0,717.0,2579.81,4657.97
SKU0058,2024-12-16,Decor,Wall Art,385,1793318.4500000002,4657.97,0,0,276.0,1269.0,10.0,717.0,2579.81,4657.97
SKU0058,2024-12-23,Decor,Wall Art,396,1844556.12,4657.97,0,1,0.0,0.0,10.0,717.0,2579.81,4657.97
SKU0058,2024-12-30,Decor,Wall Art,408,1900451.76,4657.97,0,1,0.0,0.0,10.0,717.0,2579.81,4657.97
SKU0058,2025-01-06,Decor,Wall Art,332,1546446.04,4657.97,0,0,0.0,1008.0,10.0,717.0,2579.81,4657.97
SKU0058,2025-01-13,Decor,Wall Art,587,2391110.22,4148.468571428572,5,0,0.0,0.0,10.0,717.0,2579.81,4657.97
SKU0058,2025-01-20,Decor,Wall Art,508,2170664.72,4311.475714285714,3,1,1411.0,1411.0,10.0,717.0,2579.81,4657.97
SKU0058,2025-01-27,Decor,Wall Art,418,1947031.46,4657.97,0,0,926.0,0.0,10.0,717.0,2579.81,4657.97
SKU0058,2025-02-03,Decor,Wall Art,421,1961005.37,4657.97,0,0,1790.0,1277.0,10.0,717.0,2579.81,4657.97
SKU0058,2025-02-10,Decor,Wall Art,501,2333642.97,4657.97,0,0,1312.0,0.0,10.0,717.0,2579.81,4657.97
SKU0058,2025-02-17,Decor,Wall Art,437,2035532.89,4657.97,0,0,926.0,0.0,10.0,717.0,2579.81,4657.97
SKU0058,2025-02-24,Decor,Wall Art,391,1821266.27,4657.97,0,0,1527.0,1046.0,10.0,717.0,2579.81,4657.97
SKU0058,2025-03-03,Decor,Wall Art,483,2249799.51,4657.97,0,0,1059.0,0.0,10.0,717.0,2579.81,4657.97
SKU0058,2025-03-10,Decor,Wall Art,491,2287063.27,4657.97,0,0,560.0,966.0,10.0,717.0,2579.81,4657.97
SKU0058,2025-03-17,Decor,Wall Art,512,2384880.64,4657.97,0,0,103.0,1005.0,10.0,717.0,2579.81,4657.97
SKU0058,2025-03-24,Decor,Wall Art,470,2189245.9,4657.97,0,0,0.0,1026.0,10.0,717.0,2579.81,4657.97
SKU0058,2025-03-31,Decor,Wall Art,520,2422144.4000000004,4657.97,0,0,0.0,1297.0,10.0,717.0,2579.81,4657.97
SKU0058,2025-04-07,Decor,Wall Art,500,2328985.0,4657.97,0,0,0.0,1280.0,10.0,717.0,2579.81,4657.97
SKU0058,2025-04-14,Decor,Wall Art,544,2533935.68,4657.97,0,0,0.0,0.0,10.0,717.0,2579.81,4657.97
SKU0058,2025-04-21,Decor,Wall Art,543,2529277.71,4657.97,0,0,0.0,1041.0,10.0,717.0,2579.81,4657.97
SKU0058,2025-04-28,Decor,Wall Art,436,2030874.92,4657.97,0,0,0.0,1064.0,10.0,717.0,2579.81,4657.97
SKU0058,2025-05-05,Decor,Wall Art,432,2012243.04,4657.97,0,0,1276.0,1276.0,10.0,717.0,2579.81,4657.97
SKU0058,2025-05-12,Decor,Wall Art,467,2175271.99,4657.97,0,0,794.0,0.0,10.0,717.0,2579.81,4657.97
SKU0058,2025-05-19,Decor,Wall Art,435,2026216.95,4657.97,0,0,329.0,0.0,10.0,717.0,2579.81,4657.97
SKU0058,2025-05-26,Decor,Wall Art,435,1913540.6,4507.534285714286,1,0,1154.0,1154.0,10.0,717.0,2579.81,4657.97
SKU0058,2025-06-02,Decor,Wall Art,694,2694109.21,3865.237142857143,7,0,1862.0,1170.0,10.0,717.0,2579.81,4657.97
SKU0058,2025-06-09,Decor,Wall Art,450,2096086.5,4657.97,0,0,1399.0,0.0,10.0,717.0,2579.81,4657.97
SKU0058,2025-06-16,Decor,Wall Art,382,1779344.54,4657.97,0,0,850.0,0.0,10.0,717.0,2579.81,4657.97
SKU0058,2025-06-23,Decor,Wall Art,406,1891135.82,4657.97,0,0,377.0,0.0,10.0,717.0,2579.81,4657.97
SKU0058,2025-06-30,Decor,Wall Art,401,1867845.97,4657.97,0,0,0.0,0.0,10.0,717.0,2579.81,4657.97
SKU0058,2025-07-07,Decor,Wall Art,375,1746738.75,4657.97,0,0,0.0,0.0,10.0,717.0,2579.81,4657.97
SKU0058,2025-07-14,Decor,Wall Art,329,1532472.13,4657.97,0,0,0.0,899.0,10.0,717.0,2579.81,4657.97
SKU0058,2025-07-21,Decor,Wall Art,304,1416022.88,4657.97,0,0,0.0,0.0,10.0,717.0,2579.81,4657.97
SKU0058,2025-07-28,Decor,Wall Art,307,1429996.7900000005,4657.97,0,0,0.0,1140.0,10.0,717.0,2579.81,4657.97
SKU0058,2025-08-04,Decor,Wall Art,321,1495208.37,4657.97,0,0,0.0,0.0,10.0,717.0,2579.81,4657.97
SKU0058,2025-08-11,Decor,Wall Art,277,1290257.69,4657.97,0,1,954.0,954.0,10.0,717.0,2579.81,4657.97
SKU0058,2025-08-18,Decor,Wall Art,269,1252993.9300000002,4657.97,0,0,655.0,0.0,10.0,717.0,2579.81,4657.97
SKU0058,2025-08-25,Decor,Wall Art,274,1276283.78,4657.97,0,0,1433.0,1074.0,10.0,717.0,2579.81,4657.97
SKU0058,2025-09-01,Decor,Wall Art,275,1280941.75,4657.97,0,0,1165.0,0.0,10.0,717.0,2579.81,4657.97
SKU0058,2025-09-08,Decor,Wall Art,240,1117912.8,4657.97,0,0,860.0,0.0,10.0,717.0,2579.81,4657.97
SKU0058,2025-09-15,Decor,Wall Art,242,1127228.7400000002,4657.97,0,0,582.0,0.0,10.0,717.0,2579.81,4657.97
SKU0058,2025-09-22,Decor,Wall Art,289,1346153.33,4657.97,0,0,1235.0,906.0,10.0,717.0,2579.81,4657.97
SKU0058,2025-09-29,Decor,Wall Art,256,1192440.32,4657.97,0,1,960.0,0.0,10.0,717.0,2579.81,4657.97
SKU0058,2025-10-06,Decor,Wall Art,233,1085307.01,4657.97,0,0,708.0,1192.0,10.0,717.0,2579.81,4657.97
SKU0058,2025-10-13,Decor,Wall Art,245,1141202.65,4657.97,0,0,421.0,0.0,10.0,717.0,2579.81,4657.97
SKU0058,2025-10-20,Decor,Wall Art,499,1974801.33,3975.371428571428,7,0,134.0,0.0,10.0,717.0,2579.81,4657.97
SKU0058,2025-10-27,Decor,Wall Art,370,1518943.02,4225.105714285714,3,0,1411.0,1411.0,10.0,717.0,2579.81,4657.97
SKU0058,2025-11-03,Decor,Wall Art,300,1397391.0,4657.97,0,0,1094.0,0.0,10.0,717.0,2579.81,4657.97
SKU0058,2025-11-10,Decor,Wall Art,322,1499866.34,4657.97,0,1,768.0,0.0,10.0,717.0,2579.81,4657.97
SKU0058,2025-11-17,Decor,Wall Art,333,1551104.0100000002,4657.97,0,0,430.0,893.0,10.0,717.0,2579.81,4657.97
SKU0058,2025-11-24,Decor,Wall Art,561,2189800.5300000003,3956.464285714286,6,0,53.0,0.0,10.0,717.0,2579.81,4657.97
SKU0058,2025-12-01,Decor,Wall Art,435,2026216.95,4657.97,0,0,1326.0,1326.0,10.0,717.0,2579.81,4657.97
SKU0058,2025-12-08,Decor,Wall Art,324,1509182.2800000005,4657.97,0,0,955.0,0.0,10.0,717.0,2579.81,4657.97
SKU0058,2025-12-15,Decor,Wall Art,332,1546446.04,4657.97,0,0,1879.0,1315.0,10.0,717.0,2579.81,4657.97
SKU0058,2025-12-22,Decor,Wall Art,343,1597683.7100000002,4657.97,0,1,1423.0,0.0,10.0,717.0,2579.81,4657.97
SKU0059,2024-09-16,Decor,Lighting,225,1800238.5,8001.06,0,0,,,,,3126.52,8001.06
SKU0059,2024-09-23,Decor,Lighting,378,3024400.68,8001.06,0,0,737.0,0.0,21.0,2090.0,3126.52,8001.06
SKU0059,2024-09-30,Decor,Lighting,320,2560339.2,8001.06,0,1,2943.0,2551.0,21.0,2090.0,3126.52,8001.06
SKU0059,2024-10-07,Decor,Lighting,313,2504331.7800000003,8001.06,0,0,2627.0,0.0,21.0,2090.0,3126.52,8001.06
SKU0059,2024-10-14,Decor,Lighting,345,2582937.68,7742.418571428571,1,0,2281.0,0.0,21.0,2090.0,3126.52,8001.06
SKU0059,2024-10-21,Decor,Lighting,623,4132499.35,6618.797142857143,7,0,1947.0,3268.0,21.0,2090.0,3126.52,8001.06
SKU0059,2024-10-28,Decor,Lighting,427,3138153.37,7577.274285714286,2,0,4059.0,2573.0,21.0,2090.0,3126.52,8001.06
SKU0059,2024-11-04,Decor,Lighting,411,3288435.66,8001.06,0,0,3575.0,0.0,21.0,2090.0,3126.52,8001.06
SKU0059,2024-11-11,Decor,Lighting,417,3336442.02,8001.06,0,1,3174.0,0.0,21.0,2090.0,3126.52,8001.06
SKU0059,2024-11-18,Decor,Lighting,418,3344443.08,8001.06,0,0,2701.0,0.0,21.0,2090.0,3126.52,8001.06
SKU0059,2024-11-25,Decor,Lighting,671,4539282.85,6854.884285714286,6,0,2226.0,0.0,21.0,2090.0,3126.52,8001.06
SKU0059,2024-12-02,Decor,Lighting,392,3136415.5200000005,8001.06,0,0,5403.0,3669.0,21.0,2090.0,3126.52,8001.06
SKU0059,2024-12-09,Decor,Lighting,408,3264432.48,8001.06,0,0,4862.0,0.0,21.0,2090.0,3126.52,8001.06
SKU0059,2024-12-16,Decor,Lighting,454,3632481.24,8001.06,0,0,4405.0,0.0,21.0,2090.0,3126.52,8001.06
SKU0059,2024-12-23,Decor,Lighting,552,4416585.12,8001.06,0,1,3912.0,0.0,21.0,2090.0,3126.52,8001.06
SKU0059,2024-12-30,Decor,Lighting,518,4144549.08,8001.06,0,1,3481.0,0.0,21.0,2090.0,3126.52,8001.06
SKU0059,2025-01-06,Decor,Lighting,522,4176553.32,8001.06,0,0,2991.0,0.0,21.0,2090.0,3126.52,8001.06
SKU0059,2025-01-13,Decor,Lighting,809,5562101.5,6988.078571428572,5,0,2536.0,0.0,21.0,2090.0,3126.52,8001.06
SKU0059,2025-01-20,Decor,Lighting,798,5737301.21,7313.871428571429,3,1,1846.0,2905.0,21.0,2090.0,3126.52,8001.06
SKU0059,2025-01-27,Decor,Lighting,576,4608610.5600000005,8001.06,0,0,1234.0,3528.0,21.0,2090.0,3126.52,8001.06
SKU0059,2025-02-03,Decor,Lighting,701,5608743.0600000005,8001.06,0,0,568.0,0.0,21.0,2090.0,3126.52,8001.06
SKU0059,2025-02-10,Decor,Lighting,726,5808769.5600000005,8001.06,0,0,3884.0,3884.0,21.0,2090.0,3126.52,8001.06
SKU0059,2025-02-17,Decor,Lighting,632,5056669.92,8001.06,0,0,3126.0,0.0,21.0,2090.0,3126.52,8001.06
SKU0059,2025-02-24,Decor,Lighting,556,4448589.36,8001.06,0,0,2481.0,0.0,21.0,2090.0,3126.52,8001.06
SKU0059,2025-03-03,Decor,Lighting,746,5968790.76,8001.06,0,0,1833.0,3095.0,21.0,2090.0,3126.52,8001.06
SKU0059,2025-03-10,Decor,Lighting,699,5592740.94,8001.06,0,0,1230.0,3770.0,21.0,2090.0,3126.52,8001.06
SKU0059,2025-03-17,Decor,Lighting,682,5456722.92,8001.06,0,0,529.0,0.0,21.0,2090.0,3126.52,8001.06
SKU0059,2025-03-24,Decor,Lighting,687,5496728.220000001,8001.06,0,0,0.0,3235.0,21.0,2090.0,3126.52,8001.06
SKU0059,2025-03-31,Decor,Lighting,732,5856775.92,8001.06,0,0,0.0,2688.0,21.0,2090.0,3126.52,8001.06
SKU0059,2025-04-07,Decor,Lighting,686,5488727.16,8001.06,0,0,0.0,2782.0,21.0,2090.0,3126.52,8001.06
SKU0059,2025-04-14,Decor,Lighting,722,5776765.32,8001.06,0,0,0.0,3716.0,21.0,2090.0,3126.52,8001.06
SKU0059,2025-04-21,Decor,Lighting,678,5424718.680000001,8001.06,0,0,3168.0,3168.0,21.0,2090.0,3126.52,8001.06
SKU0059,2025-04-28,Decor,Lighting,653,5224692.18,8001.06,0,0,2405.0,0.0,21.0,2090.0,3126.52,8001.06
SKU0059,2025-05-05,Decor,Lighting,789,6312836.34,8001.06,0,0,1639.0,0.0,21.0,2090.0,3126.52,8001.06
SKU0059,2025-05-12,Decor,Lighting,772,6176818.32,8001.06,0,0,919.0,2915.0,21.0,2090.0,3126.52,8001.06
SKU0059,2025-05-19,Decor,Lighting,722,5776765.32,8001.06,0,0,202.0,3717.0,21.0,2090.0,3126.52,8001.06
SKU0059,2025-05-26,Decor,Lighting,672,5166848.32,7813.681428571429,1,0,0.0,3276.0,21.0,2090.0,3126.52,8001.06
SKU0059,2025-06-02,Decor,Lighting,895,5973395.7,6674.965714285715,7,0,0.0,3983.0,21.0,2090.0,3126.52,8001.06
SKU0059,2025-06-09,Decor,Lighting,642,5136680.5200000005,8001.06,0,0,0.0,2650.0,21.0,2090.0,3126.52,8001.06
SKU0059,2025-06-16,Decor,Lighting,572,4576606.32,8001.06,0,0,0.0,3963.0,21.0,2090.0,3126.52,8001.06
SKU0059,2025-06-23,Decor,Lighting,481,3848509.86,8001.06,0,0,0.0,4078.0,21.0,2090.0,3126.52,8001.06
SKU0059,2025-06-30,Decor,Lighting,562,4496595.720000001,8001.06,0,0,0.0,0.0,21.0,2090.0,3126.52,8001.06
SKU0059,2025-07-07,Decor,Lighting,522,4176553.32,8001.06,0,0,0.0,0.0,21.0,2090.0,3126.52,8001.06
SKU0059,2025-07-14,Decor,Lighting,574,4592608.44,8001.06,0,0,0.0,0.0,21.0,2090.0,3126.52,8001.06
SKU0059,2025-07-21,Decor,Lighting,468,3744496.08,8001.06,0,0,0.0,3696.0,21.0,2090.0,3126.52,8001.06
SKU0059,2025-07-28,Decor,Lighting,493,3944522.58,8001.06,0,0,0.0,3062.0,21.0,2090.0,3126.52,8001.06
SKU0059,2025-08-04,Decor,Lighting,424,3392449.4400000004,8001.06,0,0,0.0,3728.0,21.0,2090.0,3126.52,8001.06
SKU0059,2025-08-11,Decor,Lighting,393,3144416.58,8001.06,0,1,0.0,2829.0,21.0,2090.0,3126.52,8001.06
SKU0059,2025-08-18,Decor,Lighting,447,3576473.8200000003,8001.06,0,0,3014.0,3014.0,21.0,2090.0,3126.52,8001.06
SKU0059,2025-08-25,Decor,Lighting,365,2920386.9000000004,8001.06,0,0,2642.0,0.0,21.0,2090.0,3126.52,8001.06
SKU0059,2025-09-01,Decor,Lighting,357,2856378.42,8001.06,0,0,2278.0,0.0,21.0,2090.0,3126.52,8001.06
SKU0059,2025-09-08,Decor,Lighting,408,3264432.48,8001.06,0,0,1846.0,3701.0,21.0,2090.0,3126.52,8001.06
SKU0059,2025-09-15,Decor,Lighting,374,2992396.44,8001.06,0,0,1440.0,0.0,21.0,2090.0,3126.52,8001.06
SKU0059,2025-09-22,Decor,Lighting,382,3056404.92,8001.06,0,0,1074.0,3474.0,21.0,2090.0,3126.52,8001.06
SKU0059,2025-09-29,Decor,Lighting,371,2968393.26,8001.06,0,1,742.0,0.0,21.0,2090.0,3126.52,8001.06
SKU0059,2025-10-06,Decor,Lighting,375,3000397.5,8001.06,0,0,323.0,3234.0,21.0,2090.0,3126.52,8001.06
SKU0059,2025-10-13,Decor,Lighting,357,2856378.42,8001.06,0,0,0.0,3690.0,21.0,2090.0,3126.52,8001.06
SKU0059,2025-10-20,Decor,Lighting,676,4439158.35,6595.981428571429,7,0,0.0,3771.0,21.0,2090.0,3126.52,8001.06
SKU0059,2025-10-27,Decor,Lighting,519,3588228.73,7281.174285714286,3,0,3844.0,3844.0,21.0,2090.0,3126.52,8001.06
SKU0059,2025-11-03,Decor,Lighting,356,2848377.3600000003,8001.06,0,0,3420.0,0.0,21.0,2090.0,3126.52,8001.06
SKU0059,2025-11-10,Decor,Lighting,416,3328440.96,8001.06,0,1,2950.0,0.0,21.0,2090.0,3126.52,8001.06
SKU0059,2025-11-17,Decor,Lighting,471,3768499.26,8001.06,0,0,2528.0,0.0,21.0,2090.0,3126.52,8001.06
SKU0059,2025-11-24,Decor,Lighting,740,4873644.73,6692.721428571429,6,0,2103.0,0.0,21.0,2090.0,3126.52,8001.06
SKU0059,2025-12-01,Decor,Lighting,497,3976526.82,8001.06,0,0,1586.0,0.0,21.0,2090.0,3126.52,8001.06
SKU0059,2025-12-08,Decor,Lighting,436,3488462.16,8001.06,0,0,1089.0,3602.0,21.0,2090.0,3126.52,8001.06
SKU0059,2025-12-15,Decor,Lighting,498,3984527.88,8001.06,0,0,4576.0,4084.0,21.0,2090.0,3126.52,8001.06
SKU0059,2025-12-22,Decor,Lighting,610,4880646.600000001,8001.06,0,1,3993.0,0.0,21.0,2090.0,3126.52,8001.06
SKU0060,2024-02-26,Small Appliances,Cleaning,163,203820.09000000003,1250.43,0,0,,,,,733.28,1250.43
SKU0060,2024-03-04,Small Appliances,Cleaning,308,385132.44,1250.43,0,0,433.0,1601.0,21.0,878.0,733.28,1250.43
SKU0060,2024-03-11,Small Appliances,Cleaning,324,405139.32,1250.43,0,0,153.0,1615.0,21.0,878.0,733.28,1250.43
SKU0060,2024-03-18,Small Appliances,Cleaning,302,377629.86,1250.43,0,0,0.0,1321.0,21.0,878.0,733.28,1250.43
SKU0060,2024-03-25,Small Appliances,Cleaning,258,322610.94,1250.43,0,0,0.0,1427.0,21.0,878.0,733.28,1250.43
SKU0060,2024-04-01,Small Appliances,Cleaning,284,355122.12,1250.43,0,0,0.0,0.0,21.0,878.0,733.28,1250.43
SKU0060,2024-04-08,Small Appliances,Cleaning,291,363875.13,1250.43,0,0,0.0,0.0,21.0,878.0,733.28,1250.43
SKU0060,2024-04-15,Small Appliances,Cleaning,313,391384.59,1250.43,0,0,0.0,0.0,21.0,878.0,733.28,1250.43
SKU0060,2024-04-22,Small Appliances,Cleaning,283,353871.69,1250.43,0,0,0.0,1116.0,21.0,878.0,733.28,1250.43
SKU0060,2024-04-29,Small Appliances,Cleaning,266,332614.38,1250.43,0,0,0.0,1463.0,21.0,878.0,733.28,1250.43
SKU0060,2024-05-06,Small Appliances,Cleaning,227,283847.61,1250.43,0,0,0.0,1744.0,21.0,878.0,733.28,1250.43
SKU0060,2024-05-13,Small Appliances,Cleaning,309,386382.87,1250.43,0,0,0.0,0.0,21.0,878.0,733.28,1250.43
SKU0060,2024-05-20,Small Appliances,Cleaning,256,320110.08,1250.43,0,0,0.0,0.0,21.0,878.0,733.28,1250.43
SKU0060,2024-05-27,Small Appliances,Cleaning,368,410072.22,1174.467142857143,2,0,0.0,0.0,21.0,878.0,733.28,1250.43
SKU0060,2024-06-03,Small Appliances,Cleaning,460,493728.12,1073.321428571429,6,0,0.0,0.0,21.0,878.0,733.28,1250.43
SKU0060,2024-06-10,Small Appliances,Cleaning,215,268842.45,1250.43,0,0,0.0,0.0,21.0,878.0,733.28,1250.43
SKU0060,2024-06-17,Small Appliances,Cleaning,248,310106.64,1250.43,0,0,1642.0,1642.0,21.0,878.0,733.28,1250.43
SKU0060,2024-06-24,Small Appliances,Cleaning,215,268842.45,1250.43,0,0,1366.0,0.0,21.0,878.0,733.28,1250.43
SKU0060,2024-07-01,Small Appliances,Cleaning,211,263840.73000000004,1250.43,0,0,1059.0,0.0,21.0,878.0,733.28,1250.43
SKU0060,2024-07-08,Small Appliances,Cleaning,148,185063.64,1250.43,0,0,833.0,1422.0,21.0,878.0,733.28,1250.43
SKU0060,2024-07-15,Small Appliances,Cleaning,185,231329.55,1250.43,0,0,631.0,1578.0,21.0,878.0,733.28,1250.43
SKU0060,2024-07-22,Small Appliances,Cleaning,180,225077.4,1250.43,0,0,455.0,1203.0,21.0,878.0,733.28,1250.43
SKU0060,2024-07-29,Small Appliances,Cleaning,172,215073.96,1250.43,0,0,287.0,1686.0,21.0,878.0,733.28,1250.43
SKU0060,2024-08-05,Small Appliances,Cleaning,190,237581.7,1250.43,0,0,141.0,0.0,21.0,878.0,733.28,1250.43
SKU0060,2024-08-12,Small Appliances,Cleaning,198,247585.14,1250.43,0,1,0.0,0.0,21.0,878.0,733.28,1250.43
SKU0060,2024-08-19,Small Appliances,Cleaning,175,218825.25000000003,1250.43,0,0,0.0,1098.0,21.0,878.0,733.28,1250.43
SKU0060,2024-08-26,Small Appliances,Cleaning,134,167557.62,1250.43,0,0,0.0,1662.0,21.0,878.0,733.28,1250.43
SKU0060,2024-09-02,Small Appliances,Cleaning,139,173809.77000000002,1250.43,0,0,0.0,1669.0,21.0,878.0,733.28,1250.43
SKU0060,2024-09-09,Small Appliances,Cleaning,143,178811.49000000002,1250.43,0,0,0.0,0.0,21.0,878.0,733.28,1250.43
SKU0060,2024-09-16,Small Appliances,Cleaning,136,170058.48,1250.43,0,0,0.0,1581.0,21.0,878.0,733.28,1250.43
SKU0060,2024-09-23,Small Appliances,Cleaning,113,141298.59,1250.43,0,0,1577.0,1577.0,21.0,878.0,733.28,1250.43
SKU0060,2024-09-30,Small Appliances,Cleaning,168,210072.24,1250.43,0,1,1442.0,0.0,21.0,878.0,733.28,1250.43
SKU0060,2024-10-07,Small Appliances,Cleaning,123,153802.89,1250.43,0,0,1299.0,0.0,21.0,878.0,733.28,1250.43
SKU0060,2024-10-14,Small Appliances,Cleaning,144,168215.40000000002,1210.1357142857144,1,0,1154.0,0.0,21.0,878.0,733.28,1250.43
SKU0060,2024-10-21,Small Appliances,Cleaning,255,265106.36,1035.6928571428573,7,0,1040.0,0.0,21.0,878.0,733.28,1250.43
SKU0060,2024-10-28,Small Appliances,Cleaning,154,180252.88,1182.7742857142855,2,0,2400.0,1547.0,21.0,878.0,733.28,1250.43
SKU0060,2024-11-04,Small Appliances,Cleaning,155,193816.65,1250.43,0,0,2241.0,0.0,21.0,878.0,733.28,1250.43
SKU0060,2024-11-11,Small Appliances,Cleaning,146,182562.78,1250.43,0,1,2054.0,0.0,21.0,878.0,733.28,1250.43
SKU0060,2024-11-18,Small Appliances,Cleaning,145,181312.35,1250.43,0,0,1861.0,0.0,21.0,878.0,733.28,1250.43
SKU0060,2024-11-25,Small Appliances,Cleaning,280,298636.36,1079.847142857143,6,0,1695.0,0.0,21.0,878.0,733.28,1250.43
SKU0060,2024-12-02,Small Appliances,Cleaning,181,226327.83,1250.43,0,0,1512.0,0.0,21.0,878.0,733.28,1250.43
SKU0060,2024-12-09,Small Appliances,Cleaning,207,258839.01,1250.43,0,0,1294.0,0.0,21.0,878.0,733.28,1250.43
SKU0060,2024-12-16,Small Appliances,Cleaning,191,238832.13,1250.43,0,0,1110.0,0.0,21.0,878.0,733.28,1250.43
SKU0060,2024-12-23,Small Appliances,Cleaning,237,296351.91000000003,1250.43,0,1,907.0,0.0,21.0,878.0,733.28,1250.43
SKU0060,2024-12-30,Small Appliances,Cleaning,254,317609.22000000003,1250.43,0,1,737.0,1162.0,21.0,878.0,733.28,1250.43
SKU0060,2025-01-06,Small Appliances,Cleaning,212,265091.16000000003,1250.43,0,0,510.0,1703.0,21.0,878.0,733.28,1250.43
SKU0060,2025-01-13,Small Appliances,Cleaning,415,443535.21,1086.6114285714286,5,0,317.0,0.0,21.0,878.0,733.28,1250.43
SKU0060,2025-01-20,Small Appliances,Cleaning,293,330079.99,1163.097142857143,3,1,52.0,1597.0,21.0,878.0,733.28,1250.43
SKU0060,2025-01-27,Small Appliances,Cleaning,249,311357.07,1250.43,0,0,0.0,1105.0,21.0,878.0,733.28,1250.43
SKU0060,2025-02-03,Small Appliances,Cleaning,189,236331.27,1250.43,0,0,1436.0,1436.0,21.0,878.0,733.28,1250.43
SKU0060,2025-02-10,Small Appliances,Cleaning,258,322610.94,1250.43,0,0,1173.0,0.0,21.0,878.0,733.28,1250.43
SKU0060,2025-02-17,Small Appliances,Cleaning,304,380130.72,1250.43,0,0,929.0,0.0,21.0,878.0,733.28,1250.43
SKU0060,2025-02-24,Small Appliances,Cleaning,305,381381.15,1250.43,0,0,641.0,0.0,21.0,878.0,733.28,1250.43
SKU0060,2025-03-03,Small Appliances,Cleaning,261,326362.23000000004,1250.43,0,0,381.0,0.0,21.0,878.0,733.28,1250.43
SKU0060,2025-03-10,Small Appliances,Cleaning,303,378880.29,1250.43,0,0,1608.0,1526.0,21.0,878.0,733.28,1250.43
SKU0060,2025-03-17,Small Appliances,Cleaning,299,373878.57000000007,1250.43,0,0,1289.0,0.0,21.0,878.0,733.28,1250.43
SKU0060,2025-03-24,Small Appliances,Cleaning,306,382631.58,1250.43,0,0,1023.0,0.0,21.0,878.0,733.28,1250.43
SKU0060,2025-03-31,Small Appliances,Cleaning,308,385132.44,1250.43,0,0,753.0,0.0,21.0,878.0,733.28,1250.43
SKU0060,2025-04-07,Small Appliances,Cleaning,267,333864.81,1250.43,0,0,448.0,1518.0,21.0,878.0,733.28,1250.43
SKU0060,2025-04-14,Small Appliances,Cleaning,241,301353.63,1250.43,0,0,1508.0,1331.0,21.0,878.0,733.28,1250.43
SKU0060,2025-04-21,Small Appliances,Cleaning,340,425146.20000000007,1250.43,0,0,1194.0,0.0,21.0,878.0,733.28,1250.43
SKU0060,2025-04-28,Small Appliances,Cleaning,282,352621.26,1250.43,0,0,886.0,0.0,21.0,878.0,733.28,1250.43
SKU0060,2025-05-05,Small Appliances,Cleaning,246,307605.78,1250.43,0,0,637.0,0.0,21.0,878.0,733.28,1250.43
SKU0060,2025-05-12,Small Appliances,Cleaning,284,355122.12,1250.43,0,0,356.0,1202.0,21.0,878.0,733.28,1250.43
SKU0060,2025-05-19,Small Appliances,Cleaning,243,303854.49,1250.43,0,0,54.0,0.0,21.0,878.0,733.28,1250.43
SKU0060,2025-05-26,Small Appliances,Cleaning,304,358783.33,1208.6542857142856,1,0,0.0,0.0,21.0,878.0,733.28,1250.43
SKU0060,2025-06-02,Small Appliances,Cleaning,486,505969.57,1043.027142857143,7,0,0.0,1426.0,21.0,878.0,733.28,1250.43
SKU0060,2025-06-09,Small Appliances,Cleaning,227,283847.61,1250.43,0,0,1063.0,1063.0,21.0,878.0,733.28,1250.43
SKU0060,2025-06-16,Small Appliances,Cleaning,216,270092.88,1250.43,0,0,735.0,0.0,21.0,878.0,733.28,1250.43
SKU0060,2025-06-23,Small Appliances,Cleaning,235,293851.05000000005,1250.43,0,0,401.0,0.0,21.0,878.0,733.28,1250.43
SKU0060,2025-06-30,Small Appliances,Cleaning,198,247585.14,1250.43,0,0,102.0,0.0,21.0,878.0,733.28,1250.43
SKU0060,2025-07-07,Small Appliances,Cleaning,204,255087.72,1250.43,0,0,0.0,1719.0,21.0,878.0,733.28,1250.43
SKU0060,2025-07-14,Small Appliances,Cleaning,187,233830.41,1250.43,0,0,1374.0,1374.0,21.0,878.0,733.28,1250.43
SKU0060,2025-07-21,Small Appliances,Cleaning,197,246334.71,1250.43,0,0,1159.0,0.0,21.0,878.0,733.28,1250.43
SKU0060,2025-07-28,Small Appliances,Cleaning,183,228828.69,1250.43,0,0,950.0,0.0,21.0,878.0,733.28,1250.43
SKU0060,2025-08-04,Small Appliances,Cleaning,187,233830.41,1250.43,0,0,2390.0,1643.0,21.0,878.0,733.28,1250.43
SKU0060,2025-08-11,Small Appliances,Cleaning,149,186314.07,1250.43,0,1,2186.0,0.0,21.0,878.0,733.28,1250.43
SKU0060,2025-08-18,Small Appliances,Cleaning,158,197567.94,1250.43,0,0,2012.0,0.0,21.0,878.0,733.28,1250.43
SKU0060,2025-08-25,Small Appliances,Cleaning,170,212573.1,1250.43,0,0,1838.0,0.0,21.0,878.0,733.28,1250.43
SKU0060,2025-09-01,Small Appliances,Cleaning,149,186314.07,1250.43,0,0,1652.0,0.0,21.0,878.0,733.28,1250.43
SKU0060,2025-09-08,Small Appliances,Cleaning,177,221326.11,1250.43,0,0,1488.0,0.0,21.0,878.0,733.28,1250.43
SKU0060,2025-09-15,Small Appliances,Cleaning,186,232579.98,1250.43,0,0,1325.0,0.0,21.0,878.0,733.28,1250.43
SKU0060,2025-09-22,Small Appliances,Cleaning,158,197567.94,1250.43,0,0,1151.0,0.0,21.0,878.0,733.28,1250.43
SKU0060,2025-09-29,Small Appliances,Cleaning,158,197567.94,1250.43,0,1,999.0,0.0,21.0,878.0,733.28,1250.43
SKU0060,2025-10-06,Small Appliances,Cleaning,148,185063.64,1250.43,0,0,840.0,1235.0,21.0,878.0,733.28,1250.43
SKU0060,2025-10-13,Small Appliances,Cleaning,158,197567.94,1250.43,0,0,683.0,1648.0,21.0,878.0,733.28,1250.43
SKU0060,2025-10-20,Small Appliances,Cleaning,323,325166.29,1007.3014285714288,7,0,511.0,0.0,21.0,878.0,733.28,1250.43
SKU0060,2025-10-27,Small Appliances,Cleaning,187,210647.01,1154.0442857142857,3,0,307.0,0.0,21.0,878.0,733.28,1250.43
SKU0060,2025-11-03,Small Appliances,Cleaning,154,192566.22,1250.43,0,0,112.0,0.0,21.0,878.0,733.28,1250.43
SKU0060,2025-11-10,Small Appliances,Cleaning,188,235080.84,1250.43,0,1,1573.0,1573.0,21.0,878.0,733.28,1250.43
SKU0060,2025-11-17,Small Appliances,Cleaning,134,167557.62000000002,1250.43,0,0,1334.0,0.0,21.0,878.0,733.28,1250.43
SKU0060,2025-11-24,Small Appliances,Cleaning,310,329774.14,1076.752857142857,6,0,1166.0,0.0,21.0,878.0,733.28,1250.43
SKU0060,2025-12-01,Small Appliances,Cleaning,192,240082.56,1250.43,0,0,948.0,0.0,21.0,878.0,733.28,1250.43
SKU0060,2025-12-08,Small Appliances,Cleaning,183,228828.69,1250.43,0,0,1929.0,1164.0,21.0,878.0,733.28,1250.43
SKU0060,2025-12-15,Small Appliances,Cleaning,189,236331.27,1250.43,0,0,1728.0,0.0,21.0,878.0,733.28,1250.43
SKU0060,2025-12-22,Small Appliances,Cleaning,176,220075.68,1250.43,0,1,1547.0,0.0,21.0,878.0,733.28,1250.43
