date,sku_id,on_hand_units,on_order_units,lead_time_days,reorder_point
2024-08-12,SKU0001,2122.0,1481.0,21,771.0
2024-08-19,SKU0001,1983.0,0.0,21,771.0
2024-08-26,SKU0001,1855.0,0.0,21,771.0
2024-09-02,SKU0001,1727.0,0.0,21,771.0
2024-09-09,SKU0001,1604.0,0.0,21,771.0
2024-09-16,SKU0001,1495.0,0.0,21,771.0
2024-09-23,SKU0001,1379.0,0.0,21,771.0
2024-09-30,SKU0001,1252.0,0.0,21,771.0
2024-10-07,SKU0001,1144.0,0.0,21,771.0
2024-10-14,SKU0001,1037.0,0.0,21,771.0
2024-10-21,SKU0001,915.0,0.0,21,771.0
2024-10-28,SKU0001,770.0,1493.0,21,771.0
2024-11-04,SKU0001,625.0,1180.0,21,771.0
2024-11-11,SKU0001,455.0,0.0,21,771.0
2024-11-18,SKU0001,271.0,0.0,21,771.0
2024-11-25,SKU0001,125.0,1108.0,21,771.0
2024-12-02,SKU0001,0.0,0.0,21,771.0
2024-12-09,SKU0001,0.0,1137.0,21,771.0
2024-12-16,SKU0001,0.0,0.0,21,771.0
2024-12-23,SKU0001,0.0,951.0,21,771.0
2024-12-30,SKU0001,0.0,0.0,21,771.0
2025-01-06,SKU0001,0.0,0.0,21,771.0
2025-01-13,SKU0001,0.0,1017.0,21,771.0
2025-01-20,SKU0001,0.0,1413.0,21,771.0
2025-01-27,SKU0001,0.0,1127.0,21,771.0
2025-02-03,SKU0001,1272.0,1272.0,21,771.0
2025-02-10,SKU0001,1015.0,0.0,21,771.0
2025-02-17,SKU0001,1831.0,1078.0,21,771.0
2025-02-24,SKU0001,1590.0,0.0,21,771.0
2025-03-03,SKU0001,1344.0,0.0,21,771.0
2025-03-10,SKU0001,1045.0,0.0,21,771.0
2025-03-17,SKU0001,2044.0,1292.0,21,771.0
2025-03-24,SKU0001,1764.0,0.0,21,771.0
2025-03-31,SKU0001,1490.0,0.0,21,771.0
2025-04-07,SKU0001,1190.0,0.0,21,771.0
2025-04-14,SKU0001,894.0,0.0,21,771.0
2025-04-21,SKU0001,616.0,0.0,21,771.0
2025-04-28,SKU0001,366.0,0.0,21,771.0
2025-05-05,SKU0001,103.0,0.0,21,771.0
2025-05-12,SKU0001,0.0,1161.0,21,771.0
2025-05-19,SKU0001,0.0,0.0,21,771.0
2025-05-26,SKU0001,0.0,0.0,21,771.0
2025-06-02,SKU0001,0.0,1224.0,21,771.0
2025-06-09,SKU0001,0.0,0.0,21,771.0
2025-06-16,SKU0001,975.0,975.0,21,771.0
2025-06-23,SKU0001,678.0,1175.0,21,771.0
2025-06-30,SKU0001,434.0,1130.0,21,771.0
2025-07-07,SKU0001,221.0,1186.0,21,771.0
2025-07-14,SKU0001,0.0,0.0,21,771.0
2025-07-21,SKU0001,977.0,977.0,21,771.0
2025-07-28,SKU0001,1923.0,1154.0,21,771.0
2025-08-04,SKU0001,1758.0,0.0,21,771.0
2025-08-11,SKU0001,1583.0,0.0,21,771.0
2025-08-18,SKU0001,1380.0,0.0,21,771.0
2025-08-25,SKU0001,1221.0,0.0,21,771.0
2025-09-01,SKU0001,1055.0,0.0,21,771.0
2025-09-08,SKU0001,896.0,0.0,21,771.0
2025-09-15,SKU0001,727.0,1322.0,21,771.0
2025-09-22,SKU0001,1946.0,1368.0,21,771.0
2025-09-29,SKU0001,1821.0,0.0,21,771.0
2025-10-06,SKU0001,1683.0,,21,771.0
2025-10-13,SKU0001,1543.0,0.0,21,771.0
2025-10-20,SKU0001,1404.0,0.0,21,771.0
2025-10-27,SKU0001,1215.0,0.0,21,771.0
2025-11-03,SKU0001,1016.0,0.0,21,771.0
2025-11-10,SKU0001,831.0,0.0,21,771.0
2025-11-17,SKU0001,670.0,0.0,21,771.0
2025-11-24,SKU0001,491.0,1219.0,21,771.0
2025-12-01,SKU0001,291.0,0.0,21,771.0
2025-12-08,SKU0001,87.0,1064.0,21,771.0
2025-12-15,SKU0001,0.0,1503.0,21,771.0
2025-12-22,SKU0001,0.0,0.0,21,771.0
2024-08-19,SKU0002,217.0,0.0,10,311.0
2024-08-26,SKU0002,94.0,494.0,10,311.0
2024-09-02,SKU0002,0.0,0.0,10,311.0
2024-09-09,SKU0002,0.0,0.0,10,311.0
2024-09-16,SKU0002,461.0,461.0,10,311.0
2024-09-23,SKU0002,350.0,0.0,10,311.0
2024-09-30,SKU0002,240.0,421.0,10,311.0
2024-10-07,SKU0002,142.0,0.0,10,311.0
2024-10-14,SKU0002,38.0,0.0,10,311.0
2024-10-21,SKU0002,0.0,0.0,10,311.0
2024-10-28,SKU0002,0.0,397.0,10,311.0
2024-11-04,SKU0002,0.0,,10,311.0
2024-11-11,SKU0002,0.0,373.0,10,311.0
2024-11-18,SKU0002,0.0,495.0,10,311.0
2024-11-25,SKU0002,0.0,444.0,10,311.0
2024-12-02,SKU0002,0.0,417.0,10,311.0
2024-12-09,SKU0002,0.0,0.0,10,311.0
2024-12-16,SKU0002,0.0,621.0,10,311.0
2024-12-23,SKU0002,556.0,556.0,10,311.0
2024-12-30,SKU0002,421.0,0.0,10,311.0
2025-01-06,SKU0002,292.0,0.0,10,311.0
2025-01-13,SKU0002,134.0,0.0,10,311.0
2025-01-20,SKU0002,0.0,0.0,10,311.0
2025-01-27,SKU0002,0.0,0.0,10,311.0
2025-02-03,SKU0002,513.0,513.0,10,311.0
2025-02-10,SKU0002,263.0,531.0,10,311.0
2025-02-17,SKU0002,50.0,523.0,10,311.0
2025-02-24,SKU0002,0.0,0.0,10,311.0
2025-03-03,SKU0002,0.0,0.0,10,311.0
2025-03-10,SKU0002,0.0,405.0,10,311.0
2025-03-17,SKU0002,0.0,0.0,10,311.0
2025-03-24,SKU0002,0.0,535.0,10,311.0
2025-03-31,SKU0002,0.0,0.0,10,311.0
2025-04-07,SKU0002,0.0,0.0,10,311.0
2025-04-14,SKU0002,0.0,0.0,10,311.0
2025-04-21,SKU0002,519.0,519.0,10,311.0
2025-04-28,SKU0002,320.0,0.0,10,311.0
2025-05-05,SKU0002,126.0,0.0,10,311.0
2025-05-12,SKU0002,0.0,0.0,10,311.0
2025-05-19,SKU0002,0.0,493.0,10,311.0
2025-05-26,SKU0002,0.0,,10,311.0
2025-06-02,SKU0002,0.0,0.0,10,311.0
2025-06-09,SKU0002,0.0,0.0,10,311.0
2025-06-16,SKU0002,484.0,484.0,10,311.0
2025-06-23,SKU0002,230.0,0.0,10,311.0
2025-06-30,SKU0002,13.0,472.0,10,311.0
2025-07-07,SKU0002,0.0,0.0,10,311.0
2025-07-14,SKU0002,0.0,0.0,10,311.0
2025-07-21,SKU0002,0.0,0.0,10,311.0
2025-07-28,SKU0002,0.0,408.0,10,311.0
2025-08-04,SKU0002,0.0,397.0,10,311.0
2025-08-11,SKU0002,0.0,0.0,10,311.0
2025-08-18,SKU0002,547.0,547.0,10,311.0
2025-08-25,SKU0002,429.0,0.0,10,311.0
2025-09-01,SKU0002,304.0,601.0,10,311.0
2025-09-08,SKU0002,173.0,0.0,10,311.0
2025-09-15,SKU0002,39.0,0.0,10,311.0
2025-09-22,SKU0002,0.0,523.0,10,311.0
2025-09-29,SKU0002,0.0,0.0,10,311.0
2025-10-06,SKU0002,0.0,555.0,10,311.0
2025-10-13,SKU0002,0.0,0.0,10,311.0
2025-10-20,SKU0002,511.0,511.0,10,311.0
2025-10-27,SKU0002,358.0,0.0,10,311.0
2025-11-03,SKU0002,215.0,0.0,10,311.0
2025-11-10,SKU0002,52.0,0.0,10,311.0
2025-11-17,SKU0002,0.0,0.0,10,311.0
2025-11-24,SKU0002,0.0,516.0,10,311.0
2025-12-01,SKU0002,0.0,0.0,10,311.0
2025-12-08,SKU0002,0.0,0.0,10,311.0
2025-12-15,SKU0002,0.0,433.0,10,311.0
2025-12-22,SKU0002,549.0,549.0,10,311.0
2024-04-29,SKU0003,450.0,0.0,14,1052.0
2024-05-06,SKU0003,0.0,0.0,14,1052.0
2024-05-13,SKU0003,0.0,1544.0,14,1052.0
2024-05-20,SKU0003,1854.0,1854.0,14,1052.0
2024-05-27,SKU0003,1447.0,0.0,14,1052.0
2024-06-03,SKU0003,985.0,1958.0,14,1052.0
2024-06-10,SKU0003,2390.0,1923.0,14,1052.0
2024-06-17,SKU0003,1962.0,0.0,14,1052.0
2024-06-24,SKU0003,1517.0,0.0,14,1052.0
2024-07-01,SKU0003,1093.0,0.0,14,1052.0
2024-07-08,SKU0003,741.0,2022.0,14,1052.0
2024-07-15,SKU0003,2425.0,1985.0,14,1052.0
2024-07-22,SKU0003,2096.0,0.0,14,1052.0
2024-07-29,SKU0003,1780.0,0.0,14,1052.0
2024-08-05,SKU0003,1437.0,0.0,14,1052.0
2024-08-12,SKU0003,1166.0,0.0,14,1052.0
2024-08-19,SKU0003,867.0,2020.0,14,1052.0
2024-08-26,SKU0003,590.0,0.0,14,1052.0
2024-09-02,SKU0003,347.0,0.0,14,1052.0
2024-09-09,SKU0003,120.0,0.0,14,1052.0
2024-09-16,SKU0003,0.0,1869.0,14,1052.0
2024-09-23,SKU0003,0.0,0.0,14,1052.0
2024-09-30,SKU0003,0.0,0.0,14,1052.0
2024-10-07,SKU0003,0.0,1266.0,14,1052.0
2024-10-14,SKU0003,0.0,1679.0,14,1052.0
2024-10-21,SKU0003,1650.0,1650.0,14,1052.0
2024-10-28,SKU0003,1333.0,0.0,14,1052.0
2024-11-04,SKU0003,939.0,,14,1052.0
2024-11-11,SKU0003,535.0,0.0,14,1052.0
2024-11-18,SKU0003,2002.0,1798.0,14,1052.0
2024-11-25,SKU0003,1744.0,0.0,14,1052.0
2024-12-02,SKU0003,1347.0,0.0,14,1052.0
2024-12-09,SKU0003,959.0,0.0,14,1052.0
2024-12-16,SKU0003,1873.0,1345.0,14,1052.0
2024-12-23,SKU0003,1471.0,0.0,14,1052.0
2024-12-30,SKU0003,1091.0,0.0,14,1052.0
2025-01-06,SKU0003,697.0,1690.0,14,1052.0
2025-01-13,SKU0003,333.0,1954.0,14,1052.0
2025-01-20,SKU0003,0.0,0.0,14,1052.0
2025-01-27,SKU0003,0.0,0.0,14,1052.0
2025-02-03,SKU0003,0.0,0.0,14,1052.0
2025-02-10,SKU0003,0.0,1488.0,14,1052.0
2025-02-17,SKU0003,0.0,2051.0,14,1052.0
2025-02-24,SKU0003,1566.0,1566.0,14,1052.0
2025-03-03,SKU0003,1060.0,0.0,14,1052.0
2025-03-10,SKU0003,634.0,0.0,14,1052.0
2025-03-17,SKU0003,202.0,1655.0,14,1052.0
2025-03-24,SKU0003,1639.0,1639.0,14,1052.0
2025-03-31,SKU0003,1180.0,0.0,14,1052.0
2025-04-07,SKU0003,678.0,0.0,14,1052.0
2025-04-14,SKU0003,1499.0,1362.0,14,1052.0
2025-04-21,SKU0003,889.0,1975.0,14,1052.0
2025-04-28,SKU0003,406.0,1871.0,14,1052.0
2025-05-05,SKU0003,0.0,1522.0,14,1052.0
2025-05-12,SKU0003,0.0,1641.0,14,1052.0
2025-05-19,SKU0003,1869.0,1869.0,14,1052.0
2025-05-26,SKU0003,1343.0,0.0,14,1052.0
2025-06-02,SKU0003,852.0,1510.0,14,1052.0
2025-06-09,SKU0003,57.0,0.0,14,1052.0
2025-06-16,SKU0003,0.0,2042.0,14,1052.0
2025-06-23,SKU0003,1323.0,,14,1052.0
2025-06-30,SKU0003,751.0,1398.0,14,1052.0
2025-07-07,SKU0003,1855.0,1491.0,14,1052.0
2025-07-14,SKU0003,1488.0,0.0,14,1052.0
2025-07-21,SKU0003,1051.0,1457.0,14,1052.0
2025-07-28,SKU0003,664.0,0.0,14,1052.0
2025-08-04,SKU0003,355.0,0.0,14,1052.0
2025-08-11,SKU0003,35.0,1614.0,14,1052.0
2025-08-18,SKU0003,0.0,1861.0,14,1052.0
2025-08-25,SKU0003,1590.0,1590.0,14,1052.0
2025-09-01,SKU0003,1242.0,0.0,14,1052.0
2025-09-08,SKU0003,2814.0,1911.0,14,1052.0
2025-09-15,SKU0003,2493.0,0.0,14,1052.0
2025-09-22,SKU0003,2208.0,0.0,14,1052.0
2025-09-29,SKU0003,1946.0,0.0,14,1052.0
2025-10-06,SKU0003,1663.0,0.0,14,1052.0
2025-10-13,SKU0003,1410.0,0.0,14,1052.0
2025-10-20,SKU0003,1099.0,0.0,14,1052.0
2025-10-27,SKU0003,699.0,1279.0,14,1052.0
2025-11-03,SKU0003,326.0,0.0,14,1052.0
2025-11-10,SKU0003,0.0,0.0,14,1052.0
2025-11-17,SKU0003,0.0,0.0,14,1052.0
2025-11-24,SKU0003,0.0,0.0,14,1052.0
2025-12-01,SKU0003,0.0,2007.0,14,1052.0
2025-12-08,SKU0003,0.0,0.0,14,1052.0
2025-12-15,SKU0003,0.0,1429.0,14,1052.0
2025-12-22,SKU0003,0.0,0.0,14,1052.0
2024-07-01,SKU0004,605.0,0.0,10,312.0
2024-07-08,SKU0004,483.0,0.0,10,312.0
2024-07-15,SKU0004,370.0,0.0,10,312.0
2024-07-22,SKU0004,845.0,584.0,10,312.0
2024-07-29,SKU0004,697.0,0.0,10,312.0
2024-08-05,SKU0004,590.0,0.0,10,312.0
2024-08-12,SKU0004,489.0,0.0,10,312.0
2024-08-19,SKU0004,371.0,0.0,10,312.0
2024-08-26,SKU0004,275.0,0.0,10,312.0
2024-09-02,SKU0004,174.0,623.0,10,312.0
2024-09-09,SKU0004,78.0,478.0,10,312.0
2024-09-16,SKU0004,0.0,446.0,10,312.0
2024-09-23,SKU0004,387.0,387.0,10,312.0
2024-09-30,SKU0004,291.0,0.0,10,312.0
2024-10-07,SKU0004,189.0,378.0,10,312.0
2024-10-14,SKU0004,97.0,619.0,10,312.0
2024-10-21,SKU0004,0.0,599.0,10,312.0
2024-10-28,SKU0004,0.0,0.0,10,312.0
2024-11-04,SKU0004,0.0,598.0,10,312.0
2024-11-11,SKU0004,0.0,533.0,10,312.0
2024-11-18,SKU0004,0.0,564.0,10,312.0
2024-11-25,SKU0004,0.0,458.0,10,312.0
2024-12-02,SKU0004,0.0,534.0,10,312.0
2024-12-09,SKU0004,0.0,568.0,10,312.0
2024-12-16,SKU0004,470.0,470.0,10,312.0
2024-12-23,SKU0004,287.0,0.0,10,312.0
2024-12-30,SKU0004,151.0,524.0,10,312.0
2025-01-06,SKU0004,9.0,0.0,10,312.0
2025-01-13,SKU0004,0.0,0.0,10,312.0
2025-01-20,SKU0004,0.0,492.0,10,312.0
2025-01-27,SKU0004,619.0,619.0,10,312.0
2025-02-03,SKU0004,386.0,0.0,10,312.0
2025-02-10,SKU0004,166.0,486.0,10,312.0
2025-02-17,SKU0004,0.0,0.0,10,312.0
2025-02-24,SKU0004,0.0,489.0,10,312.0
2025-03-03,SKU0004,0.0,485.0,10,312.0
2025-03-10,SKU0004,0.0,495.0,10,312.0
2025-03-17,SKU0004,0.0,0.0,10,312.0
2025-03-24,SKU0004,0.0,0.0,10,312.0
2025-03-31,SKU0004,480.0,480.0,10,312.0
2025-04-07,SKU0004,232.0,,10,312.0
2025-04-14,SKU0004,508.0,498.0,10,312.0
2025-04-21,SKU0004,259.0,0.0,10,312.0
2025-04-28,SKU0004,70.0,605.0,10,312.0
2025-05-05,SKU0004,0.0,552.0,10,312.0
2025-05-12,SKU0004,0.0,430.0,10,312.0
2025-05-19,SKU0004,0.0,496.0,10,312.0
2025-05-26,SKU0004,467.0,467.0,10,312.0
2025-06-02,SKU0004,254.0,0.0,10,312.0
2025-06-09,SKU0004,0.0,608.0,10,312.0
2025-06-16,SKU0004,0.0,0.0,10,312.0
2025-06-23,SKU0004,0.0,0.0,10,312.0
2025-06-30,SKU0004,0.0,612.0,10,312.0
2025-07-07,SKU0004,0.0,0.0,10,312.0
2025-07-14,SKU0004,0.0,0.0,10,312.0
2025-07-21,SKU0004,0.0,0.0,10,312.0
2025-07-28,SKU0004,0.0,0.0,10,312.0
2025-08-04,SKU0004,0.0,592.0,10,312.0
2025-08-11,SKU0004,0.0,0.0,10,312.0
2025-08-18,SKU0004,0.0,0.0,10,312.0
2025-08-25,SKU0004,0.0,0.0,10,312.0
2025-09-01,SKU0004,0.0,0.0,10,312.0
2025-09-08,SKU0004,0.0,0.0,10,312.0
2025-09-15,SKU0004,0.0,0.0,10,312.0
2025-09-22,SKU0004,395.0,395.0,10,312.0
2025-09-29,SKU0004,276.0,589.0,10,312.0
2025-10-06,SKU0004,148.0,0.0,10,312.0
2025-10-13,SKU0004,16.0,0.0,10,312.0
2025-10-20,SKU0004,0.0,0.0,10,312.0
2025-10-27,SKU0004,0.0,0.0,10,312.0
2025-11-03,SKU0004,0.0,0.0,10,312.0
2025-11-10,SKU0004,549.0,549.0,10,312.0
2025-11-17,SKU0004,378.0,0.0,10,312.0
2025-11-24,SKU0004,742.0,523.0,10,312.0
2025-12-01,SKU0004,531.0,0.0,10,312.0
2025-12-08,SKU0004,352.0,0.0,10,312.0
2025-12-15,SKU0004,131.0,378.0,10,312.0
2025-12-22,SKU0004,0.0,0.0,10,312.0
2024-01-22,SKU0005,103.0,269.0,7,138.0
2024-01-29,SKU0005,0.0,174.0,7,138.0
2024-02-05,SKU0005,0.0,0.0,7,138.0
2024-02-12,SKU0005,0.0,0.0,7,138.0
2024-02-19,SKU0005,239.0,239.0,7,138.0
2024-02-26,SKU0005,79.0,266.0,7,138.0
2024-03-04,SKU0005,0.0,213.0,7,138.0
2024-03-11,SKU0005,0.0,200.0,7,138.0
2024-03-18,SKU0005,0.0,233.0,7,138.0
2024-03-25,SKU0005,0.0,0.0,7,138.0
2024-04-01,SKU0005,0.0,171.0,7,138.0
2024-04-08,SKU0005,179.0,179.0,7,138.0
2024-04-15,SKU0005,326.0,275.0,7,138.0
2024-04-22,SKU0005,190.0,0.0,7,138.0
2024-04-29,SKU0005,46.0,0.0,7,138.0
2024-05-06,SKU0005,0.0,260.0,7,138.0
2024-05-13,SKU0005,0.0,208.0,7,138.0
2024-05-20,SKU0005,0.0,229.0,7,138.0
2024-05-27,SKU0005,196.0,196.0,7,138.0
2024-06-03,SKU0005,70.0,0.0,7,138.0
2024-06-10,SKU0005,0.0,240.0,7,138.0
2024-06-17,SKU0005,191.0,191.0,7,138.0
2024-06-24,SKU0005,32.0,0.0,7,138.0
2024-07-01,SKU0005,0.0,0.0,7,138.0
2024-07-08,SKU0005,0.0,0.0,7,138.0
2024-07-15,SKU0005,0.0,201.0,7,138.0
2024-07-22,SKU0005,0.0,0.0,7,138.0
2024-07-29,SKU0005,0.0,0.0,7,138.0
2024-08-05,SKU0005,0.0,204.0,7,138.0
2024-08-12,SKU0005,0.0,250.0,7,138.0
2024-08-19,SKU0005,0.0,0.0,7,138.0
2024-08-26,SKU0005,0.0,177.0,7,138.0
2024-09-02,SKU0005,0.0,251.0,7,138.0
2024-09-09,SKU0005,0.0,210.0,7,138.0
2024-09-16,SKU0005,0.0,166.0,7,138.0
2024-09-23,SKU0005,0.0,264.0,7,138.0
2024-09-30,SKU0005,0.0,0.0,7,138.0
2024-10-07,SKU0005,0.0,187.0,7,138.0
2024-10-14,SKU0005,0.0,185.0,7,138.0
2024-10-21,SKU0005,0.0,253.0,7,138.0
2024-10-28,SKU0005,264.0,264.0,7,138.0
2024-11-04,SKU0005,190.0,0.0,7,138.0
2024-11-11,SKU0005,123.0,0.0,7,138.0
2024-11-18,SKU0005,57.0,0.0,7,138.0
2024-11-25,SKU0005,0.0,256.0,7,138.0
2024-12-02,SKU0005,0.0,238.0,7,138.0
2024-12-09,SKU0005,0.0,209.0,7,138.0
2024-12-16,SKU0005,166.0,166.0,7,138.0
2024-12-23,SKU0005,58.0,0.0,7,138.0
2024-12-30,SKU0005,0.0,0.0,7,138.0
2025-01-06,SKU0005,0.0,0.0,7,138.0
2025-01-13,SKU0005,275.0,,7,138.0
2025-01-20,SKU0005,156.0,0.0,7,138.0
2025-01-27,SKU0005,29.0,0.0,7,138.0
2025-02-03,SKU0005,0.0,235.0,7,138.0
2025-02-10,SKU0005,0.0,0.0,7,138.0
2025-02-17,SKU0005,0.0,0.0,7,138.0
2025-02-24,SKU0005,242.0,242.0,7,138.0
2025-03-03,SKU0005,138.0,0.0,7,138.0
2025-03-10,SKU0005,14.0,0.0,7,138.0
2025-03-17,SKU0005,0.0,271.0,7,138.0
2025-03-24,SKU0005,226.0,226.0,7,138.0
2025-03-31,SKU0005,75.0,242.0,7,138.0
2025-04-07,SKU0005,0.0,260.0,7,138.0
2025-04-14,SKU0005,197.0,197.0,7,138.0
2025-04-21,SKU0005,295.0,208.0,7,138.0
2025-04-28,SKU0005,161.0,0.0,7,138.0
2025-05-05,SKU0005,51.0,0.0,7,138.0
2025-05-12,SKU0005,0.0,0.0,7,138.0
2025-05-19,SKU0005,0.0,0.0,7,138.0
2025-05-26,SKU0005,0.0,259.0,7,138.0
2025-06-02,SKU0005,264.0,264.0,7,138.0
2025-06-09,SKU0005,105.0,0.0,7,138.0
2025-06-16,SKU0005,0.0,238.0,7,138.0
2025-06-23,SKU0005,0.0,190.0,7,138.0
2025-06-30,SKU0005,0.0,259.0,7,138.0
2025-07-07,SKU0005,0.0,0.0,7,138.0
2025-07-14,SKU0005,0.0,175.0,7,138.0
2025-07-21,SKU0005,0.0,245.0,7,138.0
2025-07-28,SKU0005,0.0,222.0,7,138.0
2025-08-04,SKU0005,0.0,0.0,7,138.0
2025-08-11,SKU0005,0.0,261.0,7,138.0
2025-08-18,SKU0005,0.0,189.0,7,138.0
2025-08-25,SKU0005,0.0,0.0,7,138.0
2025-09-01,SKU0005,250.0,250.0,7,138.0
2025-09-08,SKU0005,195.0,0.0,7,138.0
2025-09-15,SKU0005,138.0,0.0,7,138.0
2025-09-22,SKU0005,75.0,0.0,7,138.0
2025-09-29,SKU0005,12.0,0.0,7,138.0
2025-10-06,SKU0005,0.0,234.0,7,138.0
2025-10-13,SKU0005,0.0,216.0,7,138.0
2025-10-20,SKU0005,0.0,215.0,7,138.0
2025-10-27,SKU0005,0.0,0.0,7,138.0
2025-11-03,SKU0005,0.0,0.0,7,138.0
2025-11-10,SKU0005,0.0,0.0,7,138.0
2025-11-17,SKU0005,259.0,259.0,7,138.0
2025-11-24,SKU0005,198.0,0.0,7,138.0
2025-12-01,SKU0005,119.0,0.0,7,138.0
2025-12-08,SKU0005,249.0,211.0,7,138.0
2025-12-15,SKU0005,171.0,0.0,7,138.0
2025-12-22,SKU0005,85.0,275.0,7,138.0
2024-04-08,SKU0006,114.0,0.0,21,384.0
2024-04-15,SKU0006,0.0,0.0,21,384.0
2024-04-22,SKU0006,0.0,647.0,21,384.0
2024-04-29,SKU0006,0.0,0.0,21,384.0
2024-05-06,SKU0006,0.0,585.0,21,384.0
2024-05-13,SKU0006,0.0,713.0,21,384.0
2024-05-20,SKU0006,0.0,,21,384.0
2024-05-27,SKU0006,0.0,0.0,21,384.0
2024-06-03,SKU0006,0.0,618.0,21,384.0
2024-06-10,SKU0006,610.0,610.0,21,384.0
2024-06-17,SKU0006,468.0,0.0,21,384.0
2024-06-24,SKU0006,354.0,0.0,21,384.0
2024-07-01,SKU0006,255.0,487.0,21,384.0
2024-07-08,SKU0006,171.0,0.0,21,384.0
2024-07-15,SKU0006,82.0,616.0,21,384.0
2024-07-22,SKU0006,707.0,707.0,21,384.0
2024-07-29,SKU0006,625.0,0.0,21,384.0
2024-08-05,SKU0006,548.0,0.0,21,384.0
2024-08-12,SKU0006,460.0,0.0,21,384.0
2024-08-19,SKU0006,390.0,0.0,21,384.0
2024-08-26,SKU0006,302.0,683.0,21,384.0
2024-09-02,SKU0006,239.0,715.0,21,384.0
2024-09-09,SKU0006,775.0,605.0,21,384.0
2024-09-16,SKU0006,700.0,0.0,21,384.0
2024-09-23,SKU0006,643.0,0.0,21,384.0
2024-09-30,SKU0006,580.0,,21,384.0
2024-10-07,SKU0006,518.0,0.0,21,384.0
2024-10-14,SKU0006,460.0,0.0,21,384.0
2024-10-21,SKU0006,1137.0,755.0,21,384.0
2024-10-28,SKU0006,1059.0,0.0,21,384.0
2024-11-04,SKU0006,983.0,0.0,21,384.0
2024-11-11,SKU0006,905.0,0.0,21,384.0
2024-11-18,SKU0006,832.0,0.0,21,384.0
2024-11-25,SKU0006,767.0,0.0,21,384.0
2024-12-02,SKU0006,672.0,0.0,21,384.0
2024-12-09,SKU0006,572.0,0.0,21,384.0
2024-12-16,SKU0006,460.0,0.0,21,384.0
2024-12-23,SKU0006,351.0,0.0,21,384.0
2024-12-30,SKU0006,271.0,475.0,21,384.0
2025-01-06,SKU0006,183.0,0.0,21,384.0
2025-01-13,SKU0006,96.0,0.0,21,384.0
2025-01-20,SKU0006,0.0,0.0,21,384.0
2025-01-27,SKU0006,0.0,701.0,21,384.0
2025-02-03,SKU0006,0.0,0.0,21,384.0
2025-02-10,SKU0006,644.0,644.0,21,384.0
2025-02-17,SKU0006,529.0,0.0,21,384.0
2025-02-24,SKU0006,393.0,0.0,21,384.0
2025-03-03,SKU0006,257.0,,21,384.0
2025-03-10,SKU0006,719.0,574.0,21,384.0
2025-03-17,SKU0006,616.0,0.0,21,384.0
2025-03-24,SKU0006,513.0,0.0,21,384.0
2025-03-31,SKU0006,413.0,0.0,21,384.0
2025-04-07,SKU0006,317.0,613.0,21,384.0
2025-04-14,SKU0006,214.0,0.0,21,384.0
2025-04-21,SKU0006,95.0,0.0,21,384.0
2025-04-28,SKU0006,0.0,727.0,21,384.0
2025-05-05,SKU0006,0.0,588.0,21,384.0
2025-05-12,SKU0006,707.0,707.0,21,384.0
2025-05-19,SKU0006,604.0,0.0,21,384.0
2025-05-26,SKU0006,491.0,0.0,21,384.0
2025-06-02,SKU0006,382.0,0.0,21,384.0
2025-06-09,SKU0006,246.0,727.0,21,384.0
2025-06-16,SKU0006,110.0,0.0,21,384.0
2025-06-23,SKU0006,0.0,712.0,21,384.0
2025-06-30,SKU0006,0.0,743.0,21,384.0
2025-07-07,SKU0006,0.0,664.0,21,384.0
2025-07-14,SKU0006,723.0,723.0,21,384.0
2025-07-21,SKU0006,621.0,,21,384.0
2025-07-28,SKU0006,540.0,0.0,21,384.0
2025-08-04,SKU0006,454.0,0.0,21,384.0
2025-08-11,SKU0006,1012.0,644.0,21,384.0
2025-08-18,SKU0006,946.0,0.0,21,384.0
2025-08-25,SKU0006,853.0,0.0,21,384.0
2025-09-01,SKU0006,765.0,0.0,21,384.0
2025-09-08,SKU0006,689.0,0.0,21,384.0
2025-09-15,SKU0006,626.0,0.0,21,384.0
2025-09-22,SKU0006,553.0,0.0,21,384.0
2025-09-29,SKU0006,485.0,0.0,21,384.0
2025-10-06,SKU0006,412.0,0.0,21,384.0
2025-10-13,SKU0006,340.0,0.0,21,384.0
2025-10-20,SKU0006,279.0,0.0,21,384.0
2025-10-27,SKU0006,891.0,679.0,21,384.0
2025-11-03,SKU0006,806.0,0.0,21,384.0
2025-11-10,SKU0006,714.0,0.0,21,384.0
2025-11-17,SKU0006,634.0,0.0,21,384.0
2025-11-24,SKU0006,564.0,0.0,21,384.0
2025-12-01,SKU0006,472.0,0.0,21,384.0
2025-12-08,SKU0006,367.0,728.0,21,384.0
2025-12-15,SKU0006,271.0,0.0,21,384.0
2025-12-22,SKU0006,167.0,654.0,21,384.0
2025-02-24,SKU0007,234.0,0.0,21,395.0
2025-03-03,SKU0007,103.0,737.0,21,395.0
2025-03-10,SKU0007,0.0,0.0,21,395.0
2025-03-17,SKU0007,485.0,485.0,21,395.0
2025-03-24,SKU0007,379.0,682.0,21,395.0
2025-03-31,SKU0007,235.0,651.0,21,395.0
2025-04-07,SKU0007,124.0,566.0,21,395.0
2025-04-14,SKU0007,1.0,496.0,21,395.0
2025-04-21,SKU0007,0.0,576.0,21,395.0
2025-04-28,SKU0007,0.0,765.0,21,395.0
2025-05-05,SKU0007,0.0,664.0,21,395.0
2025-05-12,SKU0007,0.0,0.0,21,395.0
2025-05-19,SKU0007,0.0,525.0,21,395.0
2025-05-26,SKU0007,0.0,,21,395.0
2025-06-02,SKU0007,0.0,553.0,21,395.0
2025-06-09,SKU0007,547.0,547.0,21,395.0
2025-06-16,SKU0007,387.0,0.0,21,395.0
2025-06-23,SKU0007,239.0,542.0,21,395.0
2025-06-30,SKU0007,104.0,0.0,21,395.0
2025-07-07,SKU0007,15.0,756.0,21,395.0
2025-07-14,SKU0007,0.0,789.0,21,395.0
2025-07-21,SKU0007,0.0,0.0,21,395.0
2025-07-28,SKU0007,0.0,492.0,21,395.0
2025-08-04,SKU0007,0.0,0.0,21,395.0
2025-08-11,SKU0007,0.0,758.0,21,395.0
2025-08-18,SKU0007,0.0,0.0,21,395.0
2025-08-25,SKU0007,0.0,0.0,21,395.0
2025-09-01,SKU0007,0.0,0.0,21,395.0
2025-09-08,SKU0007,0.0,765.0,21,395.0
2025-09-15,SKU0007,0.0,627.0,21,395.0
2025-09-22,SKU0007,531.0,531.0,21,395.0
2025-09-29,SKU0007,472.0,0.0,21,395.0
2025-10-06,SKU0007,405.0,0.0,21,395.0
2025-10-13,SKU0007,347.0,0.0,21,395.0
2025-10-20,SKU0007,287.0,710.0,21,395.0
2025-10-27,SKU0007,728.0,527.0,21,395.0
2025-11-03,SKU0007,643.0,0.0,21,395.0
2025-11-10,SKU0007,563.0,0.0,21,395.0
2025-11-17,SKU0007,469.0,0.0,21,395.0
2025-11-24,SKU0007,406.0,0.0,21,395.0
2025-12-01,SKU0007,315.0,0.0,21,395.0
2025-12-08,SKU0007,231.0,780.0,21,395.0
2025-12-15,SKU0007,133.0,669.0,21,395.0
2025-12-22,SKU0007,571.0,556.0,21,395.0
2024-05-27,SKU0008,321.0,785.0,10,487.0
2024-06-03,SKU0008,0.0,0.0,10,487.0
2024-06-10,SKU0008,615.0,615.0,10,487.0
2024-06-17,SKU0008,126.0,963.0,10,487.0
2024-06-24,SKU0008,0.0,647.0,10,487.0
2024-07-01,SKU0008,601.0,601.0,10,487.0
2024-07-08,SKU0008,359.0,680.0,10,487.0
2024-07-15,SKU0008,137.0,761.0,10,487.0
2024-07-22,SKU0008,0.0,0.0,10,487.0
2024-07-29,SKU0008,0.0,712.0,10,487.0
2024-08-05,SKU0008,0.0,,10,487.0
2024-08-12,SKU0008,0.0,0.0,10,487.0
2024-08-19,SKU0008,0.0,853.0,10,487.0
2024-08-26,SKU0008,0.0,0.0,10,487.0
2024-09-02,SKU0008,0.0,0.0,10,487.0
2024-09-09,SKU0008,0.0,620.0,10,487.0
2024-09-16,SKU0008,0.0,0.0,10,487.0
2024-09-23,SKU0008,603.0,603.0,10,487.0
2024-09-30,SKU0008,460.0,797.0,10,487.0
2024-10-07,SKU0008,323.0,690.0,10,487.0
2024-10-14,SKU0008,963.0,811.0,10,487.0
2024-10-21,SKU0008,797.0,0.0,10,487.0
2024-10-28,SKU0008,556.0,0.0,10,487.0
2024-11-04,SKU0008,1190.0,918.0,10,487.0
2024-11-11,SKU0008,937.0,0.0,10,487.0
2024-11-18,SKU0008,693.0,0.0,10,487.0
2024-11-25,SKU0008,497.0,0.0,10,487.0
2024-12-02,SKU0008,262.0,0.0,10,487.0
2024-12-09,SKU0008,33.0,0.0,10,487.0
2024-12-16,SKU0008,0.0,0.0,10,487.0
2024-12-23,SKU0008,0.0,0.0,10,487.0
2024-12-30,SKU0008,0.0,0.0,10,487.0
2025-01-06,SKU0008,754.0,754.0,10,487.0
2025-01-13,SKU0008,489.0,0.0,10,487.0
2025-01-20,SKU0008,118.0,0.0,10,487.0
2025-01-27,SKU0008,0.0,709.0,10,487.0
2025-02-03,SKU0008,0.0,973.0,10,487.0
2025-02-10,SKU0008,0.0,802.0,10,487.0
2025-02-17,SKU0008,0.0,0.0,10,487.0
2025-02-24,SKU0008,725.0,725.0,10,487.0
2025-03-03,SKU0008,413.0,862.0,10,487.0
2025-03-10,SKU0008,117.0,0.0,10,487.0
2025-03-17,SKU0008,0.0,0.0,10,487.0
2025-03-24,SKU0008,751.0,751.0,10,487.0
2025-03-31,SKU0008,394.0,0.0,10,487.0
2025-04-07,SKU0008,73.0,0.0,10,487.0
2025-04-14,SKU0008,0.0,0.0,10,487.0
2025-04-21,SKU0008,0.0,0.0,10,487.0
2025-04-28,SKU0008,0.0,704.0,10,487.0
2025-05-05,SKU0008,0.0,874.0,10,487.0
2025-05-12,SKU0008,0.0,683.0,10,487.0
2025-05-19,SKU0008,0.0,685.0,10,487.0
2025-05-26,SKU0008,0.0,782.0,10,487.0
2025-06-02,SKU0008,0.0,0.0,10,487.0
2025-06-09,SKU0008,0.0,0.0,10,487.0
2025-06-16,SKU0008,0.0,0.0,10,487.0
2025-06-23,SKU0008,658.0,658.0,10,487.0
2025-06-30,SKU0008,312.0,626.0,10,487.0
2025-07-07,SKU0008,783.0,729.0,10,487.0
2025-07-14,SKU0008,518.0,0.0,10,487.0
2025-07-21,SKU0008,311.0,0.0,10,487.0
2025-07-28,SKU0008,95.0,0.0,10,487.0
2025-08-04,SKU0008,0.0,0.0,10,487.0
2025-08-11,SKU0008,0.0,0.0,10,487.0
2025-08-18,SKU0008,0.0,925.0,10,487.0
2025-08-25,SKU0008,0.0,641.0,10,487.0
2025-09-01,SKU0008,0.0,879.0,10,487.0
2025-09-08,SKU0008,0.0,0.0,10,487.0
2025-09-15,SKU0008,0.0,0.0,10,487.0
2025-09-22,SKU0008,0.0,698.0,10,487.0
2025-09-29,SKU0008,0.0,907.0,10,487.0
2025-10-06,SKU0008,0.0,625.0,10,487.0
2025-10-13,SKU0008,0.0,890.0,10,487.0
2025-10-20,SKU0008,0.0,0.0,10,487.0
2025-10-27,SKU0008,0.0,0.0,10,487.0
2025-11-03,SKU0008,772.0,772.0,10,487.0
2025-11-10,SKU0008,503.0,0.0,10,487.0
2025-11-17,SKU0008,238.0,0.0,10,487.0
2025-11-24,SKU0008,968.0,901.0,10,487.0
2025-12-01,SKU0008,744.0,0.0,10,487.0
2025-12-08,SKU0008,553.0,0.0,10,487.0
2025-12-15,SKU0008,331.0,663.0,10,487.0
2025-12-22,SKU0008,67.0,0.0,10,487.0
2024-12-02,SKU0009,330.0,197.0,7,160.0
2024-12-09,SKU0009,213.0,0.0,7,160.0
2024-12-16,SKU0009,123.0,287.0,7,160.0
2024-12-23,SKU0009,2.0,0.0,7,160.0
2024-12-30,SKU0009,0.0,253.0,7,160.0
2025-01-06,SKU0009,0.0,0.0,7,160.0
2025-01-13,SKU0009,253.0,253.0,7,160.0
2025-01-20,SKU0009,372.0,293.0,7,160.0
2025-01-27,SKU0009,220.0,0.0,7,160.0
2025-02-03,SKU0009,295.0,254.0,7,160.0
2025-02-10,SKU0009,155.0,0.0,7,160.0
2025-02-17,SKU0009,31.0,204.0,7,160.0
2025-02-24,SKU0009,0.0,202.0,7,160.0
2025-03-03,SKU0009,0.0,0.0,7,160.0
2025-03-10,SKU0009,0.0,249.0,7,160.0
2025-03-17,SKU0009,0.0,236.0,7,160.0
2025-03-24,SKU0009,230.0,230.0,7,160.0
2025-03-31,SKU0009,376.0,305.0,7,160.0
2025-04-07,SKU0009,237.0,0.0,7,160.0
2025-04-14,SKU0009,92.0,0.0,7,160.0
2025-04-21,SKU0009,0.0,0.0,7,160.0
2025-04-28,SKU0009,0.0,274.0,7,160.0
2025-05-05,SKU0009,198.0,198.0,7,160.0
2025-05-12,SKU0009,27.0,0.0,7,160.0
2025-05-19,SKU0009,0.0,264.0,7,160.0
2025-05-26,SKU0009,0.0,0.0,7,160.0
2025-06-02,SKU0009,0.0,227.0,7,160.0
2025-06-09,SKU0009,271.0,271.0,7,160.0
2025-06-16,SKU0009,86.0,0.0,7,160.0
2025-06-23,SKU0009,0.0,0.0,7,160.0
2025-06-30,SKU0009,0.0,0.0,7,160.0
2025-07-07,SKU0009,281.0,281.0,7,160.0
2025-07-14,SKU0009,161.0,0.0,7,160.0
2025-07-21,SKU0009,39.0,0.0,7,160.0
2025-07-28,SKU0009,0.0,249.0,7,160.0
2025-08-04,SKU0009,0.0,0.0,7,160.0
2025-08-11,SKU0009,0.0,0.0,7,160.0
2025-08-18,SKU0009,0.0,0.0,7,160.0
2025-08-25,SKU0009,299.0,299.0,7,160.0
2025-09-01,SKU0009,204.0,0.0,7,160.0
2025-09-08,SKU0009,125.0,252.0,7,160.0
2025-09-15,SKU0009,34.0,256.0,7,160.0
2025-09-22,SKU0009,0.0,195.0,7,160.0
2025-09-29,SKU0009,0.0,0.0,7,160.0
2025-10-06,SKU0009,0.0,258.0,7,160.0
2025-10-13,SKU0009,0.0,0.0,7,160.0
2025-10-20,SKU0009,0.0,283.0,7,160.0
2025-10-27,SKU0009,0.0,0.0,7,160.0
2025-11-03,SKU0009,0.0,0.0,7,160.0
2025-11-10,SKU0009,0.0,262.0,7,160.0
2025-11-17,SKU0009,0.0,281.0,7,160.0
2025-11-24,SKU0009,0.0,223.0,7,160.0
2025-12-01,SKU0009,0.0,0.0,7,160.0
2025-12-08,SKU0009,222.0,222.0,7,160.0
2025-12-15,SKU0009,102.0,0.0,7,160.0
2025-12-22,SKU0009,0.0,0.0,7,160.0
2024-03-04,SKU0010,132.0,0.0,10,88.0
2024-03-11,SKU0010,74.0,153.0,10,88.0
2024-03-18,SKU0010,16.0,154.0,10,88.0
2024-03-25,SKU0010,0.0,131.0,10,88.0
2024-04-01,SKU0010,0.0,161.0,10,88.0
2024-04-08,SKU0010,0.0,0.0,10,88.0
2024-04-15,SKU0010,148.0,148.0,10,88.0
2024-04-22,SKU0010,242.0,155.0,10,88.0
2024-04-29,SKU0010,169.0,0.0,10,88.0
2024-05-06,SKU0010,109.0,0.0,10,88.0
2024-05-13,SKU0010,209.0,167.0,10,88.0
2024-05-20,SKU0010,148.0,0.0,10,88.0
2024-05-27,SKU0010,92.0,0.0,10,88.0
2024-06-03,SKU0010,37.0,0.0,10,88.0
2024-06-10,SKU0010,0.0,0.0,10,88.0
2024-06-17,SKU0010,0.0,162.0,10,88.0
2024-06-24,SKU0010,0.0,0.0,10,88.0
2024-07-01,SKU0010,0.0,149.0,10,88.0
2024-07-08,SKU0010,0.0,0.0,10,88.0
2024-07-15,SKU0010,0.0,0.0,10,88.0
2024-07-22,SKU0010,0.0,0.0,10,88.0
2024-07-29,SKU0010,0.0,0.0,10,88.0
2024-08-05,SKU0010,128.0,128.0,10,88.0
2024-08-12,SKU0010,86.0,120.0,10,88.0
2024-08-19,SKU0010,217.0,171.0,10,88.0
2024-08-26,SKU0010,187.0,,10,88.0
2024-09-02,SKU0010,149.0,0.0,10,88.0
2024-09-09,SKU0010,110.0,0.0,10,88.0
2024-09-16,SKU0010,203.0,123.0,10,88.0
2024-09-23,SKU0010,165.0,0.0,10,88.0
2024-09-30,SKU0010,135.0,0.0,10,88.0
2024-10-07,SKU0010,109.0,0.0,10,88.0
2024-10-14,SKU0010,81.0,0.0,10,88.0
2024-10-21,SKU0010,51.0,0.0,10,88.0
2024-10-28,SKU0010,17.0,0.0,10,88.0
2024-11-04,SKU0010,0.0,0.0,10,88.0
2024-11-11,SKU0010,131.0,131.0,10,88.0
2024-11-18,SKU0010,97.0,0.0,10,88.0
2024-11-25,SKU0010,68.0,0.0,10,88.0
2024-12-02,SKU0010,190.0,160.0,10,88.0
2024-12-09,SKU0010,152.0,0.0,10,88.0
2024-12-16,SKU0010,110.0,0.0,10,88.0
2024-12-23,SKU0010,66.0,117.0,10,88.0
2024-12-30,SKU0010,135.0,108.0,10,88.0
2025-01-06,SKU0010,90.0,0.0,10,88.0
2025-01-13,SKU0010,37.0,157.0,10,88.0
2025-01-20,SKU0010,0.0,106.0,10,88.0
2025-01-27,SKU0010,0.0,0.0,10,88.0
2025-02-03,SKU0010,0.0,0.0,10,88.0
2025-02-10,SKU0010,0.0,158.0,10,88.0
2025-02-17,SKU0010,141.0,141.0,10,88.0
2025-02-24,SKU0010,90.0,0.0,10,88.0
2025-03-03,SKU0010,38.0,130.0,10,88.0
2025-03-10,SKU0010,0.0,0.0,10,88.0
2025-03-17,SKU0010,167.0,167.0,10,88.0
2025-03-24,SKU0010,115.0,0.0,10,88.0
2025-03-31,SKU0010,190.0,142.0,10,88.0
2025-04-07,SKU0010,124.0,0.0,10,88.0
2025-04-14,SKU0010,49.0,0.0,10,88.0
2025-04-21,SKU0010,0.0,0.0,10,88.0
2025-04-28,SKU0010,141.0,141.0,10,88.0
2025-05-05,SKU0010,198.0,125.0,10,88.0
2025-05-12,SKU0010,136.0,0.0,10,88.0
2025-05-19,SKU0010,74.0,133.0,10,88.0
2025-05-26,SKU0010,28.0,138.0,10,88.0
2025-06-02,SKU0010,0.0,139.0,10,88.0
2025-06-09,SKU0010,0.0,137.0,10,88.0
2025-06-16,SKU0010,0.0,0.0,10,88.0
2025-06-23,SKU0010,0.0,0.0,10,88.0
2025-06-30,SKU0010,0.0,0.0,10,88.0
2025-07-07,SKU0010,164.0,164.0,10,88.0
2025-07-14,SKU0010,122.0,0.0,10,88.0
2025-07-21,SKU0010,73.0,120.0,10,88.0
2025-07-28,SKU0010,27.0,0.0,10,88.0
2025-08-04,SKU0010,121.0,121.0,10,88.0
2025-08-11,SKU0010,82.0,0.0,10,88.0
2025-08-18,SKU0010,51.0,113.0,10,88.0
2025-08-25,SKU0010,22.0,0.0,10,88.0
2025-09-01,SKU0010,0.0,115.0,10,88.0
2025-09-08,SKU0010,0.0,0.0,10,88.0
2025-09-15,SKU0010,0.0,128.0,10,88.0
2025-09-22,SKU0010,0.0,0.0,10,88.0
2025-09-29,SKU0010,0.0,111.0,10,88.0
2025-10-06,SKU0010,0.0,124.0,10,88.0
2025-10-13,SKU0010,124.0,124.0,10,88.0
2025-10-20,SKU0010,96.0,0.0,10,88.0
2025-10-27,SKU0010,60.0,169.0,10,88.0
2025-11-03,SKU0010,144.0,116.0,10,88.0
2025-11-10,SKU0010,118.0,0.0,10,88.0
2025-11-17,SKU0010,206.0,123.0,10,88.0
2025-11-24,SKU0010,170.0,0.0,10,88.0
2025-12-01,SKU0010,134.0,0.0,10,88.0
2025-12-08,SKU0010,93.0,0.0,10,88.0
2025-12-15,SKU0010,53.0,0.0,10,88.0
2025-12-22,SKU0010,8.0,123.0,10,88.0
2024-10-07,SKU0011,463.0,0.0,14,472.0
2024-10-14,SKU0011,356.0,635.0,14,472.0
2024-10-21,SKU0011,244.0,883.0,14,472.0
2024-10-28,SKU0011,99.0,750.0,14,472.0
2024-11-04,SKU0011,0.0,,14,472.0
2024-11-11,SKU0011,0.0,894.0,14,472.0
2024-11-18,SKU0011,0.0,859.0,14,472.0
2024-11-25,SKU0011,0.0,609.0,14,472.0
2024-12-02,SKU0011,702.0,702.0,14,472.0
2024-12-09,SKU0011,542.0,0.0,14,472.0
2024-12-16,SKU0011,393.0,916.0,14,472.0
2024-12-23,SKU0011,253.0,0.0,14,472.0
2024-12-30,SKU0011,117.0,817.0,14,472.0
2025-01-06,SKU0011,0.0,0.0,14,472.0
2025-01-13,SKU0011,0.0,615.0,14,472.0
2025-01-20,SKU0011,0.0,0.0,14,472.0
2025-01-27,SKU0011,0.0,0.0,14,472.0
2025-02-03,SKU0011,648.0,648.0,14,472.0
2025-02-10,SKU0011,1048.0,663.0,14,472.0
2025-02-17,SKU0011,820.0,0.0,14,472.0
2025-02-24,SKU0011,650.0,0.0,14,472.0
2025-03-03,SKU0011,462.0,0.0,14,472.0
2025-03-10,SKU0011,1088.0,816.0,14,472.0
2025-03-17,SKU0011,837.0,0.0,14,472.0
2025-03-24,SKU0011,603.0,0.0,14,472.0
2025-03-31,SKU0011,386.0,0.0,14,472.0
2025-04-07,SKU0011,172.0,596.0,14,472.0
2025-04-14,SKU0011,719.0,719.0,14,472.0
2025-04-21,SKU0011,512.0,0.0,14,472.0
2025-04-28,SKU0011,295.0,573.0,14,472.0
2025-05-05,SKU0011,87.0,0.0,14,472.0
2025-05-12,SKU0011,0.0,622.0,14,472.0
2025-05-19,SKU0011,0.0,917.0,14,472.0
2025-05-26,SKU0011,0.0,726.0,14,472.0
2025-06-02,SKU0011,0.0,0.0,14,472.0
2025-06-09,SKU0011,0.0,651.0,14,472.0
2025-06-16,SKU0011,728.0,728.0,14,472.0
2025-06-23,SKU0011,1342.0,881.0,14,472.0
2025-06-30,SKU0011,1114.0,0.0,14,472.0
2025-07-07,SKU0011,957.0,0.0,14,472.0
2025-07-14,SKU0011,811.0,0.0,14,472.0
2025-07-21,SKU0011,679.0,0.0,14,472.0
2025-07-28,SKU0011,562.0,0.0,14,472.0
2025-08-04,SKU0011,403.0,698.0,14,472.0
2025-08-11,SKU0011,249.0,657.0,14,472.0
2025-08-18,SKU0011,123.0,820.0,14,472.0
2025-08-25,SKU0011,0.0,0.0,14,472.0
2025-09-01,SKU0011,0.0,613.0,14,472.0
2025-09-08,SKU0011,0.0,791.0,14,472.0
2025-09-15,SKU0011,0.0,0.0,14,472.0
2025-09-22,SKU0011,735.0,735.0,14,472.0
2025-09-29,SKU0011,612.0,0.0,14,472.0
2025-10-06,SKU0011,473.0,0.0,14,472.0
2025-10-13,SKU0011,336.0,821.0,14,472.0
2025-10-20,SKU0011,223.0,0.0,14,472.0
2025-10-27,SKU0011,66.0,642.0,14,472.0
2025-11-03,SKU0011,0.0,0.0,14,472.0
2025-11-10,SKU0011,0.0,664.0,14,472.0
2025-11-17,SKU0011,0.0,699.0,14,472.0
2025-11-24,SKU0011,678.0,678.0,14,472.0
2025-12-01,SKU0011,468.0,0.0,14,472.0
2025-12-08,SKU0011,255.0,0.0,14,472.0
2025-12-15,SKU0011,52.0,0.0,14,472.0
2025-12-22,SKU0011,0.0,646.0,14,472.0
2024-07-29,SKU0012,380.0,342.0,21,259.0
2024-08-05,SKU0012,306.0,0.0,21,259.0
2024-08-12,SKU0012,239.0,390.0,21,259.0
2024-08-19,SKU0012,180.0,0.0,21,259.0
2024-08-26,SKU0012,564.0,446.0,21,259.0
2024-09-02,SKU0012,513.0,0.0,21,259.0
2024-09-09,SKU0012,456.0,0.0,21,259.0
2024-09-16,SKU0012,398.0,0.0,21,259.0
2024-09-23,SKU0012,339.0,0.0,21,259.0
2024-09-30,SKU0012,289.0,0.0,21,259.0
2024-10-07,SKU0012,594.0,358.0,21,259.0
2024-10-14,SKU0012,550.0,0.0,21,259.0
2024-10-21,SKU0012,501.0,0.0,21,259.0
2024-10-28,SKU0012,450.0,0.0,21,259.0
2024-11-04,SKU0012,400.0,0.0,21,259.0
2024-11-11,SKU0012,350.0,0.0,21,259.0
2024-11-18,SKU0012,289.0,0.0,21,259.0
2024-11-25,SKU0012,230.0,0.0,21,259.0
2024-12-02,SKU0012,166.0,341.0,21,259.0
2024-12-09,SKU0012,96.0,368.0,21,259.0
2024-12-16,SKU0012,33.0,0.0,21,259.0
2024-12-23,SKU0012,415.0,415.0,21,259.0
2024-12-30,SKU0012,349.0,0.0,21,259.0
2025-01-06,SKU0012,278.0,0.0,21,259.0
2025-01-13,SKU0012,198.0,0.0,21,259.0
2025-01-20,SKU0012,106.0,0.0,21,259.0
2025-01-27,SKU0012,0.0,0.0,21,259.0
2025-02-03,SKU0012,0.0,0.0,21,259.0
2025-02-10,SKU0012,0.0,396.0,21,259.0
2025-02-17,SKU0012,0.0,490.0,21,259.0
2025-02-24,SKU0012,488.0,488.0,21,259.0
2025-03-03,SKU0012,409.0,0.0,21,259.0
2025-03-10,SKU0012,322.0,0.0,21,259.0
2025-03-17,SKU0012,232.0,0.0,21,259.0
2025-03-24,SKU0012,613.0,455.0,21,259.0
2025-03-31,SKU0012,534.0,0.0,21,259.0
2025-04-07,SKU0012,437.0,0.0,21,259.0
2025-04-14,SKU0012,353.0,0.0,21,259.0
2025-04-21,SKU0012,257.0,491.0,21,259.0
2025-04-28,SKU0012,151.0,461.0,21,259.0
2025-05-05,SKU0012,61.0,0.0,21,259.0
2025-05-12,SKU0012,0.0,331.0,21,259.0
2025-05-19,SKU0012,405.0,405.0,21,259.0
2025-05-26,SKU0012,321.0,0.0,21,259.0
2025-06-02,SKU0012,228.0,365.0,21,259.0
2025-06-09,SKU0012,551.0,412.0,21,259.0
2025-06-16,SKU0012,465.0,0.0,21,259.0
2025-06-23,SKU0012,363.0,0.0,21,259.0
2025-06-30,SKU0012,274.0,0.0,21,259.0
2025-07-07,SKU0012,193.0,415.0,21,259.0
2025-07-14,SKU0012,122.0,0.0,21,259.0
2025-07-21,SKU0012,527.0,464.0,21,259.0
2025-07-28,SKU0012,461.0,0.0,21,259.0
2025-08-04,SKU0012,411.0,0.0,21,259.0
2025-08-11,SKU0012,353.0,0.0,21,259.0
2025-08-18,SKU0012,307.0,0.0,21,259.0
2025-08-25,SKU0012,262.0,0.0,21,259.0
2025-09-01,SKU0012,214.0,0.0,21,259.0
2025-09-08,SKU0012,166.0,0.0,21,259.0
2025-09-15,SKU0012,116.0,0.0,21,259.0
2025-09-22,SKU0012,69.0,0.0,21,259.0
2025-09-29,SKU0012,24.0,352.0,21,259.0
2025-10-06,SKU0012,0.0,435.0,21,259.0
2025-10-13,SKU0012,0.0,0.0,21,259.0
2025-10-20,SKU0012,0.0,0.0,21,259.0
2025-10-27,SKU0012,0.0,0.0,21,259.0
2025-11-03,SKU0012,0.0,510.0,21,259.0
2025-11-10,SKU0012,0.0,0.0,21,259.0
2025-11-17,SKU0012,0.0,0.0,21,259.0
2025-11-24,SKU0012,0.0,0.0,21,259.0
2025-12-01,SKU0012,0.0,436.0,21,259.0
2025-12-08,SKU0012,0.0,0.0,21,259.0
2025-12-15,SKU0012,0.0,444.0,21,259.0
2025-12-22,SKU0012,0.0,0.0,21,259.0
2024-12-02,SKU0013,511.0,0.0,10,593.0
2024-12-09,SKU0013,136.0,748.0,10,593.0
2024-12-16,SKU0013,0.0,740.0,10,593.0
2024-12-23,SKU0013,0.0,0.0,10,593.0
2024-12-30,SKU0013,895.0,895.0,10,593.0
2025-01-06,SKU0013,587.0,1070.0,10,593.0
2025-01-13,SKU0013,1322.0,1059.0,10,593.0
2025-01-20,SKU0013,950.0,0.0,10,593.0
2025-01-27,SKU0013,506.0,819.0,10,593.0
2025-02-03,SKU0013,46.0,0.0,10,593.0
2025-02-10,SKU0013,0.0,1028.0,10,593.0
2025-02-17,SKU0013,0.0,0.0,10,593.0
2025-02-24,SKU0013,0.0,1013.0,10,593.0
2025-03-03,SKU0013,0.0,0.0,10,593.0
2025-03-10,SKU0013,1111.0,1111.0,10,593.0
2025-03-17,SKU0013,779.0,0.0,10,593.0
2025-03-24,SKU0013,1425.0,1045.0,10,593.0
2025-03-31,SKU0013,1057.0,0.0,10,593.0
2025-04-07,SKU0013,690.0,0.0,10,593.0
2025-04-14,SKU0013,273.0,0.0,10,593.0
2025-04-21,SKU0013,0.0,0.0,10,593.0
2025-04-28,SKU0013,0.0,0.0,10,593.0
2025-05-05,SKU0013,0.0,0.0,10,593.0
2025-05-12,SKU0013,887.0,887.0,10,593.0
2025-05-19,SKU0013,1705.0,1144.0,10,593.0
2025-05-26,SKU0013,1312.0,0.0,10,593.0
2025-06-02,SKU0013,860.0,0.0,10,593.0
2025-06-09,SKU0013,450.0,0.0,10,593.0
2025-06-16,SKU0013,0.0,1030.0,10,593.0
2025-06-23,SKU0013,0.0,0.0,10,593.0
2025-06-30,SKU0013,0.0,973.0,10,593.0
2025-07-07,SKU0013,0.0,,10,593.0
2025-07-14,SKU0013,0.0,768.0,10,593.0
2025-07-21,SKU0013,0.0,0.0,10,593.0
2025-07-28,SKU0013,0.0,863.0,10,593.0
2025-08-04,SKU0013,0.0,0.0,10,593.0
2025-08-11,SKU0013,0.0,0.0,10,593.0
2025-08-18,SKU0013,0.0,935.0,10,593.0
2025-08-25,SKU0013,0.0,0.0,10,593.0
2025-09-01,SKU0013,0.0,0.0,10,593.0
2025-09-08,SKU0013,0.0,1041.0,10,593.0
2025-09-15,SKU0013,1022.0,1022.0,10,593.0
2025-09-22,SKU0013,817.0,0.0,10,593.0
2025-09-29,SKU0013,637.0,0.0,10,593.0
2025-10-06,SKU0013,440.0,1010.0,10,593.0
2025-10-13,SKU0013,245.0,810.0,10,593.0
2025-10-20,SKU0013,35.0,887.0,10,593.0
2025-10-27,SKU0013,0.0,1029.0,10,593.0
2025-11-03,SKU0013,822.0,822.0,10,593.0
2025-11-10,SKU0013,551.0,980.0,10,593.0
2025-11-17,SKU0013,263.0,1157.0,10,593.0
2025-11-24,SKU0013,28.0,0.0,10,593.0
2025-12-01,SKU0013,0.0,1053.0,10,593.0
2025-12-08,SKU0013,0.0,911.0,10,593.0
2025-12-15,SKU0013,1080.0,1080.0,10,593.0
2025-12-22,SKU0013,709.0,0.0,10,593.0
2024-03-25,SKU0014,23.0,165.0,7,85.0
2024-04-01,SKU0014,122.0,122.0,7,85.0
2024-04-08,SKU0014,68.0,0.0,7,85.0
2024-04-15,SKU0014,0.0,0.0,7,85.0
2024-04-22,SKU0014,0.0,0.0,7,85.0
2024-04-29,SKU0014,0.0,168.0,7,85.0
2024-05-06,SKU0014,0.0,0.0,7,85.0
2024-05-13,SKU0014,0.0,0.0,7,85.0
2024-05-20,SKU0014,109.0,109.0,7,85.0
2024-05-27,SKU0014,31.0,153.0,7,85.0
2024-06-03,SKU0014,0.0,132.0,7,85.0
2024-06-10,SKU0014,107.0,107.0,7,85.0
2024-06-17,SKU0014,8.0,0.0,7,85.0
2024-06-24,SKU0014,0.0,106.0,7,85.0
2024-07-01,SKU0014,0.0,0.0,7,85.0
2024-07-08,SKU0014,0.0,131.0,7,85.0
2024-07-15,SKU0014,0.0,0.0,7,85.0
2024-07-22,SKU0014,109.0,109.0,7,85.0
2024-07-29,SKU0014,50.0,153.0,7,85.0
2024-08-05,SKU0014,0.0,0.0,7,85.0
2024-08-12,SKU0014,0.0,0.0,7,85.0
2024-08-19,SKU0014,0.0,0.0,7,85.0
2024-08-26,SKU0014,0.0,0.0,7,85.0
2024-09-02,SKU0014,0.0,,7,85.0
2024-09-09,SKU0014,0.0,0.0,7,85.0
2024-09-16,SKU0014,0.0,167.0,7,85.0
2024-09-23,SKU0014,118.0,118.0,7,85.0
2024-09-30,SKU0014,79.0,0.0,7,85.0
2024-10-07,SKU0014,48.0,149.0,7,85.0
2024-10-14,SKU0014,12.0,136.0,7,85.0
2024-10-21,SKU0014,0.0,125.0,7,85.0
2024-10-28,SKU0014,127.0,127.0,7,85.0
2024-11-04,SKU0014,77.0,169.0,7,85.0
2024-11-11,SKU0014,31.0,108.0,7,85.0
2024-11-18,SKU0014,0.0,161.0,7,85.0
2024-11-25,SKU0014,114.0,114.0,7,85.0
2024-12-02,SKU0014,55.0,0.0,7,85.0
2024-12-09,SKU0014,0.0,147.0,7,85.0
2024-12-16,SKU0014,0.0,102.0,7,85.0
2024-12-23,SKU0014,0.0,167.0,7,85.0
2024-12-30,SKU0014,0.0,151.0,7,85.0
2025-01-06,SKU0014,0.0,165.0,7,85.0
2025-01-13,SKU0014,0.0,157.0,7,85.0
2025-01-20,SKU0014,0.0,137.0,7,85.0
2025-01-27,SKU0014,139.0,139.0,7,85.0
2025-02-03,SKU0014,193.0,151.0,7,85.0
2025-02-10,SKU0014,91.0,0.0,7,85.0
2025-02-17,SKU0014,7.0,110.0,7,85.0
2025-02-24,SKU0014,0.0,0.0,7,85.0
2025-03-03,SKU0014,0.0,0.0,7,85.0
2025-03-10,SKU0014,0.0,0.0,7,85.0
2025-03-17,SKU0014,0.0,0.0,7,85.0
2025-03-24,SKU0014,0.0,0.0,7,85.0
2025-03-31,SKU0014,0.0,0.0,7,85.0
2025-04-07,SKU0014,0.0,0.0,7,85.0
2025-04-14,SKU0014,0.0,116.0,7,85.0
2025-04-21,SKU0014,0.0,137.0,7,85.0
2025-04-28,SKU0014,130.0,130.0,7,85.0
2025-05-05,SKU0014,163.0,107.0,7,85.0
2025-05-12,SKU0014,76.0,113.0,7,85.0
2025-05-19,SKU0014,0.0,152.0,7,85.0
2025-05-26,SKU0014,0.0,113.0,7,85.0
2025-06-02,SKU0014,0.0,122.0,7,85.0
2025-06-09,SKU0014,0.0,0.0,7,85.0
2025-06-16,SKU0014,125.0,125.0,7,85.0
2025-06-23,SKU0014,38.0,0.0,7,85.0
2025-06-30,SKU0014,0.0,106.0,7,85.0
2025-07-07,SKU0014,0.0,0.0,7,85.0
2025-07-14,SKU0014,0.0,105.0,7,85.0
2025-07-21,SKU0014,137.0,137.0,7,85.0
2025-07-28,SKU0014,206.0,131.0,7,85.0
2025-08-04,SKU0014,147.0,0.0,7,85.0
2025-08-11,SKU0014,93.0,0.0,7,85.0
2025-08-18,SKU0014,147.0,107.0,7,85.0
2025-08-25,SKU0014,95.0,0.0,7,85.0
2025-09-01,SKU0014,150.0,104.0,7,85.0
2025-09-08,SKU0014,115.0,0.0,7,85.0
2025-09-15,SKU0014,83.0,149.0,7,85.0
2025-09-22,SKU0014,46.0,164.0,7,85.0
2025-09-29,SKU0014,5.0,0.0,7,85.0
2025-10-06,SKU0014,0.0,150.0,7,85.0
2025-10-13,SKU0014,0.0,124.0,7,85.0
2025-10-20,SKU0014,0.0,168.0,7,85.0
2025-10-27,SKU0014,0.0,0.0,7,85.0
2025-11-03,SKU0014,0.0,125.0,7,85.0
2025-11-10,SKU0014,0.0,0.0,7,85.0
2025-11-17,SKU0014,137.0,137.0,7,85.0
2025-11-24,SKU0014,99.0,0.0,7,85.0
2025-12-01,SKU0014,37.0,0.0,7,85.0
2025-12-08,SKU0014,144.0,144.0,7,85.0
2025-12-15,SKU0014,74.0,0.0,7,85.0
2025-12-22,SKU0014,8.0,0.0,7,85.0
2024-09-09,SKU0015,400.0,1735.0,21,894.0
2024-09-16,SKU0015,1954.0,1679.0,21,894.0
2024-09-23,SKU0015,1803.0,0.0,21,894.0
2024-09-30,SKU0015,1676.0,0.0,21,894.0
2024-10-07,SKU0015,1552.0,0.0,21,894.0
2024-10-14,SKU0015,1409.0,0.0,21,894.0
2024-10-21,SKU0015,1238.0,0.0,21,894.0
2024-10-28,SKU0015,1059.0,0.0,21,894.0
2024-11-04,SKU0015,846.0,1339.0,21,894.0
2024-11-11,SKU0015,654.0,1720.0,21,894.0
2024-11-18,SKU0015,403.0,1763.0,21,894.0
2024-11-25,SKU0015,226.0,0.0,21,894.0
2024-12-02,SKU0015,2.0,1121.0,21,894.0
2024-12-09,SKU0015,0.0,1455.0,21,894.0
2024-12-16,SKU0015,1722.0,1722.0,21,894.0
2024-12-23,SKU0015,1507.0,0.0,21,894.0
2024-12-30,SKU0015,1264.0,0.0,21,894.0
2025-01-06,SKU0015,1049.0,0.0,21,894.0
2025-01-13,SKU0015,777.0,0.0,21,894.0
2025-01-20,SKU0015,503.0,0.0,21,894.0
2025-01-27,SKU0015,159.0,1543.0,21,894.0
2025-02-03,SKU0015,1314.0,1314.0,21,894.0
2025-02-10,SKU0015,928.0,0.0,21,894.0
2025-02-17,SKU0015,608.0,0.0,21,894.0
2025-02-24,SKU0015,308.0,1364.0,21,894.0
2025-03-03,SKU0015,33.0,0.0,21,894.0
2025-03-10,SKU0015,0.0,1680.0,21,894.0
2025-03-17,SKU0015,0.0,0.0,21,894.0
2025-03-24,SKU0015,0.0,,21,894.0
2025-03-31,SKU0015,1376.0,1376.0,21,894.0
2025-04-07,SKU0015,1104.0,0.0,21,894.0
2025-04-14,SKU0015,1903.0,1078.0,21,894.0
2025-04-21,SKU0015,1561.0,,21,894.0
2025-04-28,SKU0015,1213.0,0.0,21,894.0
2025-05-05,SKU0015,861.0,0.0,21,894.0
2025-05-12,SKU0015,548.0,1624.0,21,894.0
2025-05-19,SKU0015,250.0,1676.0,21,894.0
2025-05-26,SKU0015,0.0,1653.0,21,894.0
2025-06-02,SKU0015,0.0,1117.0,21,894.0
2025-06-09,SKU0015,0.0,0.0,21,894.0
2025-06-16,SKU0015,0.0,1697.0,21,894.0
2025-06-23,SKU0015,0.0,0.0,21,894.0
2025-06-30,SKU0015,0.0,0.0,21,894.0
2025-07-07,SKU0015,1488.0,1488.0,21,894.0
2025-07-14,SKU0015,1266.0,0.0,21,894.0
2025-07-21,SKU0015,1030.0,0.0,21,894.0
2025-07-28,SKU0015,823.0,1536.0,21,894.0
2025-08-04,SKU0015,661.0,0.0,21,894.0
2025-08-11,SKU0015,514.0,0.0,21,894.0
2025-08-18,SKU0015,366.0,0.0,21,894.0
2025-08-25,SKU0015,209.0,0.0,21,894.0
2025-09-01,SKU0015,35.0,1759.0,21,894.0
2025-09-08,SKU0015,0.0,0.0,21,894.0
2025-09-15,SKU0015,0.0,0.0,21,894.0
2025-09-22,SKU0015,0.0,1596.0,21,894.0
2025-09-29,SKU0015,0.0,0.0,21,894.0
2025-10-06,SKU0015,0.0,0.0,21,894.0
2025-10-13,SKU0015,0.0,1123.0,21,894.0
2025-10-20,SKU0015,0.0,0.0,21,894.0
2025-10-27,SKU0015,0.0,1106.0,21,894.0
2025-11-03,SKU0015,0.0,1115.0,21,894.0
2025-11-10,SKU0015,0.0,1543.0,21,894.0
2025-11-17,SKU0015,1173.0,1173.0,21,894.0
2025-11-24,SKU0015,992.0,0.0,21,894.0
2025-12-01,SKU0015,760.0,,21,894.0
2025-12-08,SKU0015,550.0,1104.0,21,894.0
2025-12-15,SKU0015,359.0,1587.0,21,894.0
2025-12-22,SKU0015,101.0,0.0,21,894.0
2024-11-11,SKU0016,181.0,0.0,10,143.0
2024-11-18,SKU0016,138.0,284.0,10,143.0
2024-11-25,SKU0016,94.0,286.0,10,143.0
2024-12-02,SKU0016,19.0,273.0,10,143.0
2024-12-09,SKU0016,0.0,,10,143.0
2024-12-16,SKU0016,0.0,0.0,10,143.0
2024-12-23,SKU0016,0.0,175.0,10,143.0
2024-12-30,SKU0016,0.0,236.0,10,143.0
2025-01-06,SKU0016,0.0,0.0,10,143.0
2025-01-13,SKU0016,0.0,0.0,10,143.0
2025-01-20,SKU0016,0.0,272.0,10,143.0
2025-01-27,SKU0016,0.0,,10,143.0
2025-02-03,SKU0016,0.0,0.0,10,143.0
2025-02-10,SKU0016,0.0,0.0,10,143.0
2025-02-17,SKU0016,0.0,0.0,10,143.0
2025-02-24,SKU0016,0.0,0.0,10,143.0
2025-03-03,SKU0016,270.0,270.0,10,143.0
2025-03-10,SKU0016,179.0,0.0,10,143.0
2025-03-17,SKU0016,94.0,0.0,10,143.0
2025-03-24,SKU0016,283.0,271.0,10,143.0
2025-03-31,SKU0016,205.0,0.0,10,143.0
2025-04-07,SKU0016,114.0,0.0,10,143.0
2025-04-14,SKU0016,28.0,228.0,10,143.0
2025-04-21,SKU0016,0.0,0.0,10,143.0
2025-04-28,SKU0016,239.0,239.0,10,143.0
2025-05-05,SKU0016,152.0,0.0,10,143.0
2025-05-12,SKU0016,70.0,0.0,10,143.0
2025-05-19,SKU0016,0.0,0.0,10,143.0
2025-05-26,SKU0016,229.0,229.0,10,143.0
2025-06-02,SKU0016,128.0,0.0,10,143.0
2025-06-09,SKU0016,0.0,172.0,10,143.0
2025-06-16,SKU0016,0.0,0.0,10,143.0
2025-06-23,SKU0016,0.0,0.0,10,143.0
2025-06-30,SKU0016,0.0,200.0,10,143.0
2025-07-07,SKU0016,179.0,179.0,10,143.0
2025-07-14,SKU0016,105.0,0.0,10,143.0
2025-07-21,SKU0016,20.0,199.0,10,143.0
2025-07-28,SKU0016,0.0,0.0,10,143.0
2025-08-04,SKU0016,205.0,205.0,10,143.0
2025-08-11,SKU0016,136.0,213.0,10,143.0
2025-08-18,SKU0016,77.0,236.0,10,143.0
2025-08-25,SKU0016,222.0,199.0,10,143.0
2025-09-01,SKU0016,160.0,0.0,10,143.0
2025-09-08,SKU0016,101.0,0.0,10,143.0
2025-09-15,SKU0016,46.0,0.0,10,143.0
2025-09-22,SKU0016,0.0,233.0,10,143.0
2025-09-29,SKU0016,0.0,0.0,10,143.0
2025-10-06,SKU0016,0.0,0.0,10,143.0
2025-10-13,SKU0016,0.0,0.0,10,143.0
2025-10-20,SKU0016,186.0,186.0,10,143.0
2025-10-27,SKU0016,367.0,244.0,10,143.0
2025-11-03,SKU0016,294.0,0.0,10,143.0
2025-11-10,SKU0016,211.0,0.0,10,143.0
2025-11-17,SKU0016,130.0,0.0,10,143.0
2025-11-24,SKU0016,58.0,0.0,10,143.0
2025-12-01,SKU0016,0.0,279.0,10,143.0
2025-12-08,SKU0016,0.0,278.0,10,143.0
2025-12-15,SKU0016,0.0,257.0,10,143.0
2025-12-22,SKU0016,0.0,213.0,10,143.0
2024-12-16,SKU0017,764.0,574.0,14,292.0
2024-12-23,SKU0017,661.0,0.0,14,292.0
2024-12-30,SKU0017,556.0,0.0,14,292.0
2025-01-06,SKU0017,435.0,0.0,14,292.0
2025-01-13,SKU0017,307.0,0.0,14,292.0
2025-01-20,SKU0017,172.0,392.0,14,292.0
2025-01-27,SKU0017,44.0,0.0,14,292.0
2025-02-03,SKU0017,0.0,476.0,14,292.0
2025-02-10,SKU0017,0.0,0.0,14,292.0
2025-02-17,SKU0017,0.0,0.0,14,292.0
2025-02-24,SKU0017,0.0,0.0,14,292.0
2025-03-03,SKU0017,0.0,430.0,14,292.0
2025-03-10,SKU0017,0.0,483.0,14,292.0
2025-03-17,SKU0017,0.0,0.0,14,292.0
2025-03-24,SKU0017,0.0,583.0,14,292.0
2025-03-31,SKU0017,0.0,421.0,14,292.0
2025-04-07,SKU0017,0.0,413.0,14,292.0
2025-04-14,SKU0017,0.0,557.0,14,292.0
2025-04-21,SKU0017,0.0,357.0,14,292.0
2025-04-28,SKU0017,0.0,420.0,14,292.0
2025-05-05,SKU0017,0.0,0.0,14,292.0
2025-05-12,SKU0017,0.0,572.0,14,292.0
2025-05-19,SKU0017,0.0,460.0,14,292.0
2025-05-26,SKU0017,0.0,404.0,14,292.0
2025-06-02,SKU0017,0.0,384.0,14,292.0
2025-06-09,SKU0017,525.0,525.0,14,292.0
2025-06-16,SKU0017,359.0,0.0,14,292.0
2025-06-23,SKU0017,227.0,514.0,14,292.0
2025-06-30,SKU0017,99.0,505.0,14,292.0
2025-07-07,SKU0017,0.0,528.0,14,292.0
2025-07-14,SKU0017,0.0,445.0,14,292.0
2025-07-21,SKU0017,0.0,532.0,14,292.0
2025-07-28,SKU0017,0.0,,14,292.0
2025-08-04,SKU0017,0.0,0.0,14,292.0
2025-08-11,SKU0017,365.0,365.0,14,292.0
2025-08-18,SKU0017,275.0,498.0,14,292.0
2025-08-25,SKU0017,181.0,470.0,14,292.0
2025-09-01,SKU0017,84.0,492.0,14,292.0
2025-09-08,SKU0017,2.0,467.0,14,292.0
2025-09-15,SKU0017,542.0,542.0,14,292.0
2025-09-22,SKU0017,474.0,0.0,14,292.0
2025-09-29,SKU0017,408.0,0.0,14,292.0
2025-10-06,SKU0017,338.0,,14,292.0
2025-10-13,SKU0017,273.0,,14,292.0
2025-10-20,SKU0017,202.0,0.0,14,292.0
2025-10-27,SKU0017,129.0,351.0,14,292.0
2025-11-03,SKU0017,42.0,352.0,14,292.0
2025-11-10,SKU0017,444.0,444.0,14,292.0
2025-11-17,SKU0017,367.0,0.0,14,292.0
2025-11-24,SKU0017,304.0,0.0,14,292.0
2025-12-01,SKU0017,589.0,355.0,14,292.0
2025-12-08,SKU0017,511.0,,14,292.0
2025-12-15,SKU0017,432.0,0.0,14,292.0
2025-12-22,SKU0017,335.0,0.0,14,292.0
2024-05-20,SKU0018,1828.0,1478.0,21,1137.0
2024-05-27,SKU0018,1464.0,0.0,21,1137.0
2024-06-03,SKU0018,1006.0,2014.0,21,1137.0
2024-06-10,SKU0018,512.0,1448.0,21,1137.0
2024-06-17,SKU0018,43.0,0.0,21,1137.0
2024-06-24,SKU0018,0.0,1839.0,21,1137.0
2024-07-01,SKU0018,0.0,2207.0,21,1137.0
2024-07-08,SKU0018,1616.0,1616.0,21,1137.0
2024-07-15,SKU0018,1362.0,0.0,21,1137.0
2024-07-22,SKU0018,1125.0,1775.0,21,1137.0
2024-07-29,SKU0018,859.0,2092.0,21,1137.0
2024-08-05,SKU0018,646.0,0.0,21,1137.0
2024-08-12,SKU0018,420.0,2014.0,21,1137.0
2024-08-19,SKU0018,218.0,2086.0,21,1137.0
2024-08-26,SKU0018,2067.0,2044.0,21,1137.0
2024-09-02,SKU0018,1817.0,0.0,21,1137.0
2024-09-09,SKU0018,1636.0,0.0,21,1137.0
2024-09-16,SKU0018,1429.0,0.0,21,1137.0
2024-09-23,SKU0018,1240.0,0.0,21,1137.0
2024-09-30,SKU0018,1026.0,0.0,21,1137.0
2024-10-07,SKU0018,822.0,0.0,21,1137.0
2024-10-14,SKU0018,620.0,0.0,21,1137.0
2024-10-21,SKU0018,2513.0,2092.0,21,1137.0
2024-10-28,SKU0018,2288.0,,21,1137.0
2024-11-04,SKU0018,1994.0,0.0,21,1137.0
2024-11-11,SKU0018,1733.0,0.0,21,1137.0
2024-11-18,SKU0018,1431.0,0.0,21,1137.0
2024-11-25,SKU0018,1185.0,0.0,21,1137.0
2024-12-02,SKU0018,900.0,0.0,21,1137.0
2024-12-09,SKU0018,623.0,0.0,21,1137.0
2024-12-16,SKU0018,326.0,2107.0,21,1137.0
2024-12-23,SKU0018,0.0,0.0,21,1137.0
2024-12-30,SKU0018,0.0,0.0,21,1137.0
2025-01-06,SKU0018,0.0,1490.0,21,1137.0
2025-01-13,SKU0018,0.0,0.0,21,1137.0
2025-01-20,SKU0018,0.0,1456.0,21,1137.0
2025-01-27,SKU0018,0.0,1930.0,21,1137.0
2025-02-03,SKU0018,0.0,0.0,21,1137.0
2025-02-10,SKU0018,0.0,1706.0,21,1137.0
2025-02-17,SKU0018,0.0,2239.0,21,1137.0
2025-02-24,SKU0018,0.0,0.0,21,1137.0
2025-03-03,SKU0018,0.0,1829.0,21,1137.0
2025-03-10,SKU0018,0.0,1595.0,21,1137.0
2025-03-17,SKU0018,0.0,0.0,21,1137.0
2025-03-24,SKU0018,0.0,0.0,21,1137.0
2025-03-31,SKU0018,1938.0,1938.0,21,1137.0
2025-04-07,SKU0018,1520.0,0.0,21,1137.0
2025-04-14,SKU0018,1182.0,0.0,21,1137.0
2025-04-21,SKU0018,813.0,0.0,21,1137.0
2025-04-28,SKU0018,394.0,2197.0,21,1137.0
2025-05-05,SKU0018,27.0,0.0,21,1137.0
2025-05-12,SKU0018,1711.0,1711.0,21,1137.0
2025-05-19,SKU0018,1380.0,0.0,21,1137.0
2025-05-26,SKU0018,996.0,0.0,21,1137.0
2025-06-02,SKU0018,2408.0,1765.0,21,1137.0
2025-06-09,SKU0018,2012.0,0.0,21,1137.0
2025-06-16,SKU0018,1600.0,0.0,21,1137.0
2025-06-23,SKU0018,1192.0,0.0,21,1137.0
2025-06-30,SKU0018,766.0,2065.0,21,1137.0
2025-07-07,SKU0018,431.0,0.0,21,1137.0
2025-07-14,SKU0018,110.0,1894.0,21,1137.0
2025-07-21,SKU0018,0.0,0.0,21,1137.0
2025-07-28,SKU0018,0.0,1428.0,21,1137.0
2025-08-04,SKU0018,0.0,2053.0,21,1137.0
2025-08-11,SKU0018,0.0,1798.0,21,1137.0
2025-08-18,SKU0018,0.0,0.0,21,1137.0
2025-08-25,SKU0018,0.0,0.0,21,1137.0
2025-09-01,SKU0018,0.0,1841.0,21,1137.0
2025-09-08,SKU0018,0.0,0.0,21,1137.0
2025-09-15,SKU0018,2250.0,2250.0,21,1137.0
2025-09-22,SKU0018,2047.0,0.0,21,1137.0
2025-09-29,SKU0018,1847.0,0.0,21,1137.0
2025-10-06,SKU0018,1685.0,0.0,21,1137.0
2025-10-13,SKU0018,1510.0,0.0,21,1137.0
2025-10-20,SKU0018,1351.0,0.0,21,1137.0
2025-10-27,SKU0018,1097.0,1883.0,21,1137.0
2025-11-03,SKU0018,851.0,0.0,21,1137.0
2025-11-10,SKU0018,621.0,1501.0,21,1137.0
2025-11-17,SKU0018,347.0,1403.0,21,1137.0
2025-11-24,SKU0018,126.0,1537.0,21,1137.0
2025-12-01,SKU0018,0.0,0.0,21,1137.0
2025-12-08,SKU0018,0.0,1426.0,21,1137.0
2025-12-15,SKU0018,0.0,0.0,21,1137.0
2025-12-22,SKU0018,0.0,0.0,21,1137.0
2024-10-21,SKU0019,232.0,0.0,7,171.0
2024-10-28,SKU0019,71.0,0.0,7,171.0
2024-11-04,SKU0019,270.0,270.0,7,171.0
2024-11-11,SKU0019,358.0,209.0,7,171.0
2024-11-18,SKU0019,228.0,0.0,7,171.0
2024-11-25,SKU0019,443.0,321.0,7,171.0
2024-12-02,SKU0019,318.0,0.0,7,171.0
2024-12-09,SKU0019,161.0,0.0,7,171.0
2024-12-16,SKU0019,23.0,329.0,7,171.0
2024-12-23,SKU0019,0.0,0.0,7,171.0
2024-12-30,SKU0019,241.0,241.0,7,171.0
2025-01-06,SKU0019,111.0,336.0,7,171.0
2025-01-13,SKU0019,222.0,222.0,7,171.0
2025-01-20,SKU0019,22.0,292.0,7,171.0
2025-01-27,SKU0019,0.0,0.0,7,171.0
2025-02-03,SKU0019,0.0,0.0,7,171.0
2025-02-10,SKU0019,0.0,263.0,7,171.0
2025-02-17,SKU0019,0.0,0.0,7,171.0
2025-02-24,SKU0019,0.0,342.0,7,171.0
2025-03-03,SKU0019,339.0,339.0,7,171.0
2025-03-10,SKU0019,178.0,0.0,7,171.0
2025-03-17,SKU0019,334.0,319.0,7,171.0
2025-03-24,SKU0019,170.0,282.0,7,171.0
2025-03-31,SKU0019,0.0,0.0,7,171.0
2025-04-07,SKU0019,0.0,252.0,7,171.0
2025-04-14,SKU0019,0.0,0.0,7,171.0
2025-04-21,SKU0019,0.0,279.0,7,171.0
2025-04-28,SKU0019,0.0,276.0,7,171.0
2025-05-05,SKU0019,0.0,0.0,7,171.0
2025-05-12,SKU0019,0.0,267.0,7,171.0
2025-05-19,SKU0019,0.0,338.0,7,171.0
2025-05-26,SKU0019,0.0,0.0,7,171.0
2025-06-02,SKU0019,0.0,288.0,7,171.0
2025-06-09,SKU0019,0.0,334.0,7,171.0
2025-06-16,SKU0019,237.0,237.0,7,171.0
2025-06-23,SKU0019,58.0,0.0,7,171.0
2025-06-30,SKU0019,0.0,208.0,7,171.0
2025-07-07,SKU0019,0.0,315.0,7,171.0
2025-07-14,SKU0019,0.0,265.0,7,171.0
2025-07-21,SKU0019,0.0,266.0,7,171.0
2025-07-28,SKU0019,0.0,302.0,7,171.0
2025-08-04,SKU0019,0.0,333.0,7,171.0
2025-08-11,SKU0019,0.0,0.0,7,171.0
2025-08-18,SKU0019,0.0,0.0,7,171.0
2025-08-25,SKU0019,0.0,0.0,7,171.0
2025-09-01,SKU0019,0.0,0.0,7,171.0
2025-09-08,SKU0019,0.0,247.0,7,171.0
2025-09-15,SKU0019,0.0,214.0,7,171.0
2025-09-22,SKU0019,0.0,327.0,7,171.0
2025-09-29,SKU0019,0.0,237.0,7,171.0
2025-10-06,SKU0019,242.0,242.0,7,171.0
2025-10-13,SKU0019,171.0,0.0,7,171.0
2025-10-20,SKU0019,95.0,0.0,7,171.0
2025-10-27,SKU0019,22.0,0.0,7,171.0
2025-11-03,SKU0019,0.0,269.0,7,171.0
2025-11-10,SKU0019,0.0,222.0,7,171.0
2025-11-17,SKU0019,0.0,0.0,7,171.0
2025-11-24,SKU0019,0.0,0.0,7,171.0
2025-12-01,SKU0019,0.0,303.0,7,171.0
2025-12-08,SKU0019,0.0,0.0,7,171.0
2025-12-15,SKU0019,0.0,0.0,7,171.0
2025-12-22,SKU0019,295.0,295.0,7,171.0
2024-11-11,SKU0020,118.0,0.0,10,137.0
2024-11-18,SKU0020,41.0,0.0,10,137.0
2024-11-25,SKU0020,0.0,269.0,10,137.0
2024-12-02,SKU0020,235.0,235.0,10,137.0
2024-12-09,SKU0020,167.0,0.0,10,137.0
2024-12-16,SKU0020,91.0,188.0,10,137.0
2024-12-23,SKU0020,21.0,0.0,10,137.0
2024-12-30,SKU0020,0.0,0.0,10,137.0
2025-01-06,SKU0020,0.0,248.0,10,137.0
2025-01-13,SKU0020,0.0,201.0,10,137.0
2025-01-20,SKU0020,0.0,179.0,10,137.0
2025-01-27,SKU0020,0.0,239.0,10,137.0
2025-02-03,SKU0020,0.0,0.0,10,137.0
2025-02-10,SKU0020,0.0,224.0,10,137.0
2025-02-17,SKU0020,0.0,0.0,10,137.0
2025-02-24,SKU0020,0.0,230.0,10,137.0
2025-03-03,SKU0020,0.0,170.0,10,137.0
2025-03-10,SKU0020,0.0,0.0,10,137.0
2025-03-17,SKU0020,0.0,0.0,10,137.0
2025-03-24,SKU0020,0.0,0.0,10,137.0
2025-03-31,SKU0020,0.0,265.0,10,137.0
2025-04-07,SKU0020,0.0,0.0,10,137.0
2025-04-14,SKU0020,0.0,0.0,10,137.0
2025-04-21,SKU0020,0.0,220.0,10,137.0
2025-04-28,SKU0020,0.0,0.0,10,137.0
2025-05-05,SKU0020,0.0,265.0,10,137.0
2025-05-12,SKU0020,247.0,247.0,10,137.0
2025-05-19,SKU0020,150.0,0.0,10,137.0
2025-05-26,SKU0020,62.0,174.0,10,137.0
2025-06-02,SKU0020,0.0,241.0,10,137.0
2025-06-09,SKU0020,0.0,262.0,10,137.0
2025-06-16,SKU0020,0.0,0.0,10,137.0
2025-06-23,SKU0020,0.0,0.0,10,137.0
2025-06-30,SKU0020,0.0,218.0,10,137.0
2025-07-07,SKU0020,0.0,0.0,10,137.0
2025-07-14,SKU0020,0.0,0.0,10,137.0
2025-07-21,SKU0020,0.0,273.0,10,137.0
2025-07-28,SKU0020,0.0,222.0,10,137.0
2025-08-04,SKU0020,0.0,222.0,10,137.0
2025-08-11,SKU0020,0.0,198.0,10,137.0
2025-08-18,SKU0020,0.0,0.0,10,137.0
2025-08-25,SKU0020,0.0,0.0,10,137.0
2025-09-01,SKU0020,0.0,194.0,10,137.0
2025-09-08,SKU0020,0.0,211.0,10,137.0
2025-09-15,SKU0020,0.0,202.0,10,137.0
2025-09-22,SKU0020,0.0,0.0,10,137.0
2025-09-29,SKU0020,0.0,0.0,10,137.0
2025-10-06,SKU0020,217.0,217.0,10,137.0
2025-10-13,SKU0020,179.0,0.0,10,137.0
2025-10-20,SKU0020,302.0,174.0,10,137.0
2025-10-27,SKU0020,246.0,0.0,10,137.0
2025-11-03,SKU0020,178.0,0.0,10,137.0
2025-11-10,SKU0020,104.0,0.0,10,137.0
2025-11-17,SKU0020,211.0,177.0,10,137.0
2025-11-24,SKU0020,156.0,0.0,10,137.0
2025-12-01,SKU0020,278.0,189.0,10,137.0
2025-12-08,SKU0020,202.0,0.0,10,137.0
2025-12-15,SKU0020,311.0,183.0,10,137.0
2025-12-22,SKU0020,248.0,0.0,10,137.0
2024-09-09,SKU0021,1011.0,0.0,10,690.0
2024-09-16,SKU0021,747.0,0.0,10,690.0
2024-09-23,SKU0021,487.0,1167.0,10,690.0
2024-09-30,SKU0021,263.0,0.0,10,690.0
2024-10-07,SKU0021,0.0,0.0,10,690.0
2024-10-14,SKU0021,0.0,904.0,10,690.0
2024-10-21,SKU0021,0.0,1137.0,10,690.0
2024-10-28,SKU0021,0.0,0.0,10,690.0
2024-11-04,SKU0021,0.0,1078.0,10,690.0
2024-11-11,SKU0021,0.0,1373.0,10,690.0
2024-11-18,SKU0021,0.0,1038.0,10,690.0
2024-11-25,SKU0021,1225.0,1225.0,10,690.0
2024-12-02,SKU0021,880.0,0.0,10,690.0
2024-12-09,SKU0021,527.0,0.0,10,690.0
2024-12-16,SKU0021,228.0,1218.0,10,690.0
2024-12-23,SKU0021,0.0,0.0,10,690.0
2024-12-30,SKU0021,0.0,982.0,10,690.0
2025-01-06,SKU0021,0.0,1202.0,10,690.0
2025-01-13,SKU0021,0.0,1097.0,10,690.0
2025-01-20,SKU0021,0.0,0.0,10,690.0
2025-01-27,SKU0021,0.0,1145.0,10,690.0
2025-02-03,SKU0021,0.0,0.0,10,690.0
2025-02-10,SKU0021,0.0,0.0,10,690.0
2025-02-17,SKU0021,0.0,0.0,10,690.0
2025-02-24,SKU0021,0.0,0.0,10,690.0
2025-03-03,SKU0021,0.0,0.0,10,690.0
2025-03-10,SKU0021,0.0,0.0,10,690.0
2025-03-17,SKU0021,0.0,1375.0,10,690.0
2025-03-24,SKU0021,0.0,0.0,10,690.0
2025-03-31,SKU0021,0.0,0.0,10,690.0
2025-04-07,SKU0021,0.0,0.0,10,690.0
2025-04-14,SKU0021,0.0,0.0,10,690.0
2025-04-21,SKU0021,0.0,0.0,10,690.0
2025-04-28,SKU0021,0.0,0.0,10,690.0
2025-05-05,SKU0021,0.0,1059.0,10,690.0
2025-05-12,SKU0021,0.0,1090.0,10,690.0
2025-05-19,SKU0021,0.0,1084.0,10,690.0
2025-05-26,SKU0021,0.0,0.0,10,690.0
2025-06-02,SKU0021,0.0,1014.0,10,690.0
2025-06-09,SKU0021,0.0,0.0,10,690.0
2025-06-16,SKU0021,1181.0,1181.0,10,690.0
2025-06-23,SKU0021,640.0,0.0,10,690.0
2025-06-30,SKU0021,226.0,0.0,10,690.0
2025-07-07,SKU0021,0.0,0.0,10,690.0
2025-07-14,SKU0021,0.0,0.0,10,690.0
2025-07-21,SKU0021,0.0,1088.0,10,690.0
2025-07-28,SKU0021,0.0,1279.0,10,690.0
2025-08-04,SKU0021,1082.0,1082.0,10,690.0
2025-08-11,SKU0021,778.0,0.0,10,690.0
2025-08-18,SKU0021,448.0,0.0,10,690.0
2025-08-25,SKU0021,190.0,0.0,10,690.0
2025-09-01,SKU0021,1132.0,1132.0,10,690.0
2025-09-08,SKU0021,871.0,0.0,10,690.0
2025-09-15,SKU0021,1535.0,939.0,10,690.0
2025-09-22,SKU0021,1321.0,0.0,10,690.0
2025-09-29,SKU0021,1089.0,0.0,10,690.0
2025-10-06,SKU0021,842.0,0.0,10,690.0
2025-10-13,SKU0021,589.0,0.0,10,690.0
2025-10-20,SKU0021,366.0,911.0,10,690.0
2025-10-27,SKU0021,68.0,1196.0,10,690.0
2025-11-03,SKU0021,1152.0,1152.0,10,690.0
2025-11-10,SKU0021,812.0,0.0,10,690.0
2025-11-17,SKU0021,518.0,1329.0,10,690.0
2025-11-24,SKU0021,228.0,1057.0,10,690.0
2025-12-01,SKU0021,0.0,1034.0,10,690.0
2025-12-08,SKU0021,0.0,0.0,10,690.0
2025-12-15,SKU0021,0.0,0.0,10,690.0
2025-12-22,SKU0021,983.0,983.0,10,690.0
2025-04-07,SKU0022,54.0,528.0,7,372.0
2025-04-14,SKU0022,0.0,472.0,7,372.0
2025-04-21,SKU0022,0.0,723.0,7,372.0
2025-04-28,SKU0022,0.0,588.0,7,372.0
2025-05-05,SKU0022,0.0,531.0,7,372.0
2025-05-12,SKU0022,0.0,0.0,7,372.0
2025-05-19,SKU0022,531.0,531.0,7,372.0
2025-05-26,SKU0022,706.0,550.0,7,372.0
2025-06-02,SKU0022,421.0,0.0,7,372.0
2025-06-09,SKU0022,78.0,695.0,7,372.0
2025-06-16,SKU0022,0.0,667.0,7,372.0
2025-06-23,SKU0022,0.0,628.0,7,372.0
2025-06-30,SKU0022,452.0,452.0,7,372.0
2025-07-07,SKU0022,107.0,633.0,7,372.0
2025-07-14,SKU0022,0.0,0.0,7,372.0
2025-07-21,SKU0022,0.0,711.0,7,372.0
2025-07-28,SKU0022,0.0,455.0,7,372.0
2025-08-04,SKU0022,0.0,592.0,7,372.0
2025-08-11,SKU0022,0.0,0.0,7,372.0
2025-08-18,SKU0022,0.0,0.0,7,372.0
2025-08-25,SKU0022,0.0,0.0,7,372.0
2025-09-01,SKU0022,0.0,633.0,7,372.0
2025-09-08,SKU0022,0.0,627.0,7,372.0
2025-09-15,SKU0022,0.0,0.0,7,372.0
2025-09-22,SKU0022,0.0,595.0,7,372.0
2025-09-29,SKU0022,0.0,0.0,7,372.0
2025-10-06,SKU0022,0.0,674.0,7,372.0
2025-10-13,SKU0022,0.0,609.0,7,372.0
2025-10-20,SKU0022,0.0,0.0,7,372.0
2025-10-27,SKU0022,739.0,739.0,7,372.0
2025-11-03,SKU0022,493.0,0.0,7,372.0
2025-11-10,SKU0022,756.0,502.0,7,372.0
2025-11-17,SKU0022,468.0,0.0,7,372.0
2025-11-24,SKU0022,197.0,514.0,7,372.0
2025-12-01,SKU0022,0.0,626.0,7,372.0
2025-12-08,SKU0022,0.0,0.0,7,372.0
2025-12-15,SKU0022,0.0,691.0,7,372.0
2025-12-22,SKU0022,0.0,0.0,7,372.0
2024-09-02,SKU0023,1643.0,0.0,10,1148.0
2024-09-09,SKU0023,1233.0,0.0,10,1148.0
2024-09-16,SKU0023,866.0,2285.0,10,1148.0
2024-09-23,SKU0023,435.0,0.0,10,1148.0
2024-09-30,SKU0023,1649.0,1612.0,10,1148.0
2024-10-07,SKU0023,1269.0,,10,1148.0
2024-10-14,SKU0023,894.0,2181.0,10,1148.0
2024-10-21,SKU0023,541.0,1529.0,10,1148.0
2024-10-28,SKU0023,115.0,1831.0,10,1148.0
2024-11-04,SKU0023,0.0,0.0,10,1148.0
2024-11-11,SKU0023,2180.0,2180.0,10,1148.0
2024-11-18,SKU0023,1688.0,0.0,10,1148.0
2024-11-25,SKU0023,1163.0,0.0,10,1148.0
2024-12-02,SKU0023,735.0,0.0,10,1148.0
2024-12-09,SKU0023,187.0,0.0,10,1148.0
2024-12-16,SKU0023,2080.0,2080.0,10,1148.0
2024-12-23,SKU0023,1609.0,0.0,10,1148.0
2024-12-30,SKU0023,1042.0,1738.0,10,1148.0
2025-01-06,SKU0023,476.0,2255.0,10,1148.0
2025-01-13,SKU0023,0.0,0.0,10,1148.0
2025-01-20,SKU0023,0.0,,10,1148.0
2025-01-27,SKU0023,0.0,1831.0,10,1148.0
2025-02-03,SKU0023,0.0,2132.0,10,1148.0
2025-02-10,SKU0023,0.0,2008.0,10,1148.0
2025-02-17,SKU0023,0.0,1924.0,10,1148.0
2025-02-24,SKU0023,0.0,1834.0,10,1148.0
2025-03-03,SKU0023,0.0,1387.0,10,1148.0
2025-03-10,SKU0023,0.0,0.0,10,1148.0
2025-03-17,SKU0023,2176.0,2176.0,10,1148.0
2025-03-24,SKU0023,1309.0,0.0,10,1148.0
2025-03-31,SKU0023,630.0,0.0,10,1148.0
2025-04-07,SKU0023,1558.0,1558.0,10,1148.0
2025-04-14,SKU0023,777.0,1960.0,10,1148.0
2025-04-21,SKU0023,0.0,0.0,10,1148.0
2025-04-28,SKU0023,0.0,0.0,10,1148.0
2025-05-05,SKU0023,0.0,2120.0,10,1148.0
2025-05-12,SKU0023,0.0,0.0,10,1148.0
2025-05-19,SKU0023,0.0,1660.0,10,1148.0
2025-05-26,SKU0023,0.0,1739.0,10,1148.0
2025-06-02,SKU0023,0.0,2014.0,10,1148.0
2025-06-09,SKU0023,1807.0,1807.0,10,1148.0
2025-06-16,SKU0023,756.0,0.0,10,1148.0
2025-06-23,SKU0023,0.0,0.0,10,1148.0
2025-06-30,SKU0023,0.0,0.0,10,1148.0
2025-07-07,SKU0023,0.0,2014.0,10,1148.0
2025-07-14,SKU0023,0.0,0.0,10,1148.0
2025-07-21,SKU0023,0.0,0.0,10,1148.0
2025-07-28,SKU0023,0.0,0.0,10,1148.0
2025-08-04,SKU0023,0.0,1804.0,10,1148.0
2025-08-11,SKU0023,0.0,2264.0,10,1148.0
2025-08-18,SKU0023,0.0,0.0,10,1148.0
2025-08-25,SKU0023,0.0,0.0,10,1148.0
2025-09-01,SKU0023,0.0,2206.0,10,1148.0
2025-09-08,SKU0023,0.0,0.0,10,1148.0
2025-09-15,SKU0023,2162.0,2162.0,10,1148.0
2025-09-22,SKU0023,1755.0,0.0,10,1148.0
2025-09-29,SKU0023,1342.0,0.0,10,1148.0
2025-10-06,SKU0023,905.0,1684.0,10,1148.0
2025-10-13,SKU0023,2214.0,1763.0,10,1148.0
2025-10-20,SKU0023,1868.0,0.0,10,1148.0
2025-10-27,SKU0023,1379.0,0.0,10,1148.0
2025-11-03,SKU0023,863.0,2207.0,10,1148.0
2025-11-10,SKU0023,259.0,0.0,10,1148.0
2025-11-17,SKU0023,0.0,2164.0,10,1148.0
2025-11-24,SKU0023,0.0,0.0,10,1148.0
2025-12-01,SKU0023,0.0,0.0,10,1148.0
2025-12-08,SKU0023,0.0,0.0,10,1148.0
2025-12-15,SKU0023,0.0,1392.0,10,1148.0
2025-12-22,SKU0023,0.0,0.0,10,1148.0
2024-10-14,SKU0024,294.0,0.0,14,313.0
2024-10-21,SKU0024,595.0,391.0,14,313.0
2024-10-28,SKU0024,501.0,0.0,14,313.0
2024-11-04,SKU0024,413.0,0.0,14,313.0
2024-11-11,SKU0024,305.0,0.0,14,313.0
2024-11-18,SKU0024,200.0,0.0,14,313.0
2024-11-25,SKU0024,120.0,412.0,14,313.0
2024-12-02,SKU0024,0.0,540.0,14,313.0
2024-12-09,SKU0024,0.0,0.0,14,313.0
2024-12-16,SKU0024,0.0,0.0,14,313.0
2024-12-23,SKU0024,0.0,0.0,14,313.0
2024-12-30,SKU0024,0.0,486.0,14,313.0
2025-01-06,SKU0024,0.0,0.0,14,313.0
2025-01-13,SKU0024,0.0,0.0,14,313.0
2025-01-20,SKU0024,0.0,412.0,14,313.0
2025-01-27,SKU0024,0.0,558.0,14,313.0
2025-02-03,SKU0024,0.0,534.0,14,313.0
2025-02-10,SKU0024,452.0,452.0,14,313.0
2025-02-17,SKU0024,301.0,552.0,14,313.0
2025-02-24,SKU0024,164.0,439.0,14,313.0
2025-03-03,SKU0024,24.0,0.0,14,313.0
2025-03-10,SKU0024,0.0,0.0,14,313.0
2025-03-17,SKU0024,0.0,527.0,14,313.0
2025-03-24,SKU0024,0.0,0.0,14,313.0
2025-03-31,SKU0024,0.0,597.0,14,313.0
2025-04-07,SKU0024,0.0,402.0,14,313.0
2025-04-14,SKU0024,509.0,,14,313.0
2025-04-21,SKU0024,358.0,0.0,14,313.0
2025-04-28,SKU0024,232.0,458.0,14,313.0
2025-05-05,SKU0024,687.0,,14,313.0
2025-05-12,SKU0024,557.0,0.0,14,313.0
2025-05-19,SKU0024,427.0,0.0,14,313.0
2025-05-26,SKU0024,271.0,0.0,14,313.0
2025-06-02,SKU0024,106.0,0.0,14,313.0
2025-06-09,SKU0024,0.0,0.0,14,313.0
2025-06-16,SKU0024,0.0,0.0,14,313.0
2025-06-23,SKU0024,0.0,0.0,14,313.0
2025-06-30,SKU0024,0.0,587.0,14,313.0
2025-07-07,SKU0024,0.0,447.0,14,313.0
2025-07-14,SKU0024,0.0,0.0,14,313.0
2025-07-21,SKU0024,0.0,0.0,14,313.0
2025-07-28,SKU0024,0.0,0.0,14,313.0
2025-08-04,SKU0024,469.0,469.0,14,313.0
2025-08-11,SKU0024,380.0,0.0,14,313.0
2025-08-18,SKU0024,293.0,0.0,14,313.0
2025-08-25,SKU0024,217.0,0.0,14,313.0
2025-09-01,SKU0024,698.0,573.0,14,313.0
2025-09-08,SKU0024,618.0,0.0,14,313.0
2025-09-15,SKU0024,550.0,,14,313.0
2025-09-22,SKU0024,477.0,0.0,14,313.0
2025-09-29,SKU0024,399.0,0.0,14,313.0
2025-10-06,SKU0024,329.0,0.0,14,313.0
2025-10-13,SKU0024,663.0,410.0,14,313.0
2025-10-20,SKU0024,578.0,0.0,14,313.0
2025-10-27,SKU0024,476.0,0.0,14,313.0
2025-11-03,SKU0024,373.0,0.0,14,313.0
2025-11-10,SKU0024,269.0,0.0,14,313.0
2025-11-17,SKU0024,147.0,0.0,14,313.0
2025-11-24,SKU0024,617.0,574.0,14,313.0
2025-12-01,SKU0024,490.0,0.0,14,313.0
2025-12-08,SKU0024,362.0,0.0,14,313.0
2025-12-15,SKU0024,226.0,0.0,14,313.0
2025-12-22,SKU0024,104.0,407.0,14,313.0
2024-01-15,SKU0025,18.0,0.0,14,329.0
2024-01-22,SKU0025,0.0,399.0,14,329.0
2024-01-29,SKU0025,0.0,487.0,14,329.0
2024-02-05,SKU0025,0.0,0.0,14,329.0
2024-02-12,SKU0025,0.0,400.0,14,329.0
2024-02-19,SKU0025,0.0,0.0,14,329.0
2024-02-26,SKU0025,0.0,547.0,14,329.0
2024-03-04,SKU0025,0.0,521.0,14,329.0
2024-03-11,SKU0025,0.0,416.0,14,329.0
2024-03-18,SKU0025,0.0,578.0,14,329.0
2024-03-25,SKU0025,0.0,0.0,14,329.0
2024-04-01,SKU0025,0.0,564.0,14,329.0
2024-04-08,SKU0025,0.0,571.0,14,329.0
2024-04-15,SKU0025,0.0,558.0,14,329.0
2024-04-22,SKU0025,0.0,0.0,14,329.0
2024-04-29,SKU0025,0.0,0.0,14,329.0
2024-05-06,SKU0025,627.0,627.0,14,329.0
2024-05-13,SKU0025,458.0,0.0,14,329.0
2024-05-20,SKU0025,261.0,0.0,14,329.0
2024-05-27,SKU0025,103.0,0.0,14,329.0
2024-06-03,SKU0025,415.0,415.0,14,329.0
2024-06-10,SKU0025,251.0,0.0,14,329.0
2024-06-17,SKU0025,92.0,496.0,14,329.0
2024-06-24,SKU0025,0.0,0.0,14,329.0
2024-07-01,SKU0025,0.0,0.0,14,329.0
2024-07-08,SKU0025,0.0,445.0,14,329.0
2024-07-15,SKU0025,0.0,596.0,14,329.0
2024-07-22,SKU0025,0.0,0.0,14,329.0
2024-07-29,SKU0025,539.0,539.0,14,329.0
2024-08-05,SKU0025,423.0,0.0,14,329.0
2024-08-12,SKU0025,301.0,568.0,14,329.0
2024-08-19,SKU0025,211.0,614.0,14,329.0
2024-08-26,SKU0025,126.0,0.0,14,329.0
2024-09-02,SKU0025,24.0,0.0,14,329.0
2024-09-09,SKU0025,0.0,0.0,14,329.0
2024-09-16,SKU0025,0.0,487.0,14,329.0
2024-09-23,SKU0025,0.0,417.0,14,329.0
2024-09-30,SKU0025,0.0,637.0,14,329.0
2024-10-07,SKU0025,0.0,531.0,14,329.0
2024-10-14,SKU0025,0.0,628.0,14,329.0
2024-10-21,SKU0025,590.0,590.0,14,329.0
2024-10-28,SKU0025,495.0,0.0,14,329.0
2024-11-04,SKU0025,390.0,0.0,14,329.0
2024-11-11,SKU0025,288.0,0.0,14,329.0
2024-11-18,SKU0025,166.0,0.0,14,329.0
2024-11-25,SKU0025,68.0,0.0,14,329.0
2024-12-02,SKU0025,0.0,0.0,14,329.0
2024-12-09,SKU0025,0.0,0.0,14,329.0
2024-12-16,SKU0025,496.0,496.0,14,329.0
2024-12-23,SKU0025,387.0,0.0,14,329.0
2024-12-30,SKU0025,297.0,512.0,14,329.0
2025-01-06,SKU0025,186.0,0.0,14,329.0
2025-01-13,SKU0025,487.0,405.0,14,329.0
2025-01-20,SKU0025,331.0,0.0,14,329.0
2025-01-27,SKU0025,801.0,646.0,14,329.0
2025-02-03,SKU0025,649.0,0.0,14,329.0
2025-02-10,SKU0025,482.0,0.0,14,329.0
2025-02-17,SKU0025,322.0,0.0,14,329.0
2025-02-24,SKU0025,747.0,561.0,14,329.0
2025-03-03,SKU0025,600.0,0.0,14,329.0
2025-03-10,SKU0025,468.0,0.0,14,329.0
2025-03-17,SKU0025,339.0,0.0,14,329.0
2025-03-24,SKU0025,196.0,456.0,14,329.0
2025-03-31,SKU0025,42.0,459.0,14,329.0
2025-04-07,SKU0025,0.0,0.0,14,329.0
2025-04-14,SKU0025,643.0,643.0,14,329.0
2025-04-21,SKU0025,514.0,0.0,14,329.0
2025-04-28,SKU0025,352.0,0.0,14,329.0
2025-05-05,SKU0025,182.0,0.0,14,329.0
2025-05-12,SKU0025,421.0,406.0,14,329.0
2025-05-19,SKU0025,250.0,554.0,14,329.0
2025-05-26,SKU0025,121.0,0.0,14,329.0
2025-06-02,SKU0025,7.0,0.0,14,329.0
2025-06-09,SKU0025,0.0,517.0,14,329.0
2025-06-16,SKU0025,0.0,0.0,14,329.0
2025-06-23,SKU0025,467.0,467.0,14,329.0
2025-06-30,SKU0025,347.0,0.0,14,329.0
2025-07-07,SKU0025,256.0,0.0,14,329.0
2025-07-14,SKU0025,162.0,469.0,14,329.0
2025-07-21,SKU0025,68.0,0.0,14,329.0
2025-07-28,SKU0025,0.0,0.0,14,329.0
2025-08-04,SKU0025,0.0,468.0,14,329.0
2025-08-11,SKU0025,0.0,0.0,14,329.0
2025-08-18,SKU0025,0.0,613.0,14,329.0
2025-08-25,SKU0025,0.0,493.0,14,329.0
2025-09-01,SKU0025,0.0,468.0,14,329.0
2025-09-08,SKU0025,0.0,0.0,14,329.0
2025-09-15,SKU0025,0.0,,14,329.0
2025-09-22,SKU0025,0.0,0.0,14,329.0
2025-09-29,SKU0025,0.0,584.0,14,329.0
2025-10-06,SKU0025,460.0,460.0,14,329.0
2025-10-13,SKU0025,396.0,0.0,14,329.0
2025-10-20,SKU0025,340.0,0.0,14,329.0
2025-10-27,SKU0025,267.0,0.0,14,329.0
2025-11-03,SKU0025,180.0,537.0,14,329.0
2025-11-10,SKU0025,102.0,412.0,14,329.0
2025-11-17,SKU0025,440.0,426.0,14,329.0
2025-11-24,SKU0025,333.0,0.0,14,329.0
2025-12-01,SKU0025,213.0,632.0,14,329.0
2025-12-08,SKU0025,93.0,0.0,14,329.0
2025-12-15,SKU0025,0.0,0.0,14,329.0
2025-12-22,SKU0025,0.0,0.0,14,329.0
2024-12-02,SKU0026,3278.0,2369.0,10,1312.0
2024-12-09,SKU0026,2750.0,0.0,10,1312.0
2024-12-16,SKU0026,2220.0,0.0,10,1312.0
2024-12-23,SKU0026,1712.0,0.0,10,1312.0
2024-12-30,SKU0026,1134.0,2345.0,10,1312.0
2025-01-06,SKU0026,551.0,2474.0,10,1312.0
2025-01-13,SKU0026,0.0,0.0,10,1312.0
2025-01-20,SKU0026,0.0,,10,1312.0
2025-01-27,SKU0026,0.0,0.0,10,1312.0
2025-02-03,SKU0026,0.0,1599.0,10,1312.0
2025-02-10,SKU0026,0.0,2421.0,10,1312.0
2025-02-17,SKU0026,0.0,1589.0,10,1312.0
2025-02-24,SKU0026,0.0,2158.0,10,1312.0
2025-03-03,SKU0026,0.0,1837.0,10,1312.0
2025-03-10,SKU0026,1687.0,1687.0,10,1312.0
2025-03-17,SKU0026,1014.0,2338.0,10,1312.0
2025-03-24,SKU0026,111.0,0.0,10,1312.0
2025-03-31,SKU0026,2213.0,2213.0,10,1312.0
2025-04-07,SKU0026,1480.0,0.0,10,1312.0
2025-04-14,SKU0026,559.0,1901.0,10,1312.0
2025-04-21,SKU0026,0.0,0.0,10,1312.0
2025-04-28,SKU0026,0.0,0.0,10,1312.0
2025-05-05,SKU0026,0.0,0.0,10,1312.0
2025-05-12,SKU0026,0.0,0.0,10,1312.0
2025-05-19,SKU0026,0.0,0.0,10,1312.0
2025-05-26,SKU0026,0.0,2134.0,10,1312.0
2025-06-02,SKU0026,0.0,0.0,10,1312.0
2025-06-09,SKU0026,0.0,0.0,10,1312.0
2025-06-16,SKU0026,2471.0,2471.0,10,1312.0
2025-06-23,SKU0026,1469.0,0.0,10,1312.0
2025-06-30,SKU0026,720.0,0.0,10,1312.0
2025-07-07,SKU0026,93.0,0.0,10,1312.0
2025-07-14,SKU0026,0.0,1881.0,10,1312.0
2025-07-21,SKU0026,0.0,0.0,10,1312.0
2025-07-28,SKU0026,1769.0,1769.0,10,1312.0
2025-08-04,SKU0026,1116.0,2471.0,10,1312.0
2025-08-11,SKU0026,627.0,2340.0,10,1312.0
2025-08-18,SKU0026,104.0,1658.0,10,1312.0
2025-08-25,SKU0026,0.0,2287.0,10,1312.0
2025-09-01,SKU0026,0.0,0.0,10,1312.0
2025-09-08,SKU0026,0.0,2475.0,10,1312.0
2025-09-15,SKU0026,0.0,2288.0,10,1312.0
2025-09-22,SKU0026,0.0,1612.0,10,1312.0
2025-09-29,SKU0026,0.0,0.0,10,1312.0
2025-10-06,SKU0026,0.0,1982.0,10,1312.0
2025-10-13,SKU0026,0.0,0.0,10,1312.0
2025-10-20,SKU0026,0.0,0.0,10,1312.0
2025-10-27,SKU0026,0.0,0.0,10,1312.0
2025-11-03,SKU0026,0.0,1769.0,10,1312.0
2025-11-10,SKU0026,0.0,0.0,10,1312.0
2025-11-17,SKU0026,0.0,0.0,10,1312.0
2025-11-24,SKU0026,0.0,0.0,10,1312.0
2025-12-01,SKU0026,0.0,2365.0,10,1312.0
2025-12-08,SKU0026,1883.0,1883.0,10,1312.0
2025-12-15,SKU0026,3497.0,2428.0,10,1312.0
2025-12-22,SKU0026,2771.0,0.0,10,1312.0
2025-04-07,SKU0027,191.0,464.0,14,261.0
2025-04-14,SKU0027,92.0,513.0,14,261.0
2025-04-21,SKU0027,0.0,0.0,14,261.0
2025-04-28,SKU0027,0.0,0.0,14,261.0
2025-05-05,SKU0027,0.0,0.0,14,261.0
2025-05-12,SKU0027,0.0,0.0,14,261.0
2025-05-19,SKU0027,0.0,0.0,14,261.0
2025-05-26,SKU0027,0.0,457.0,14,261.0
2025-06-02,SKU0027,0.0,433.0,14,261.0
2025-06-09,SKU0027,0.0,0.0,14,261.0
2025-06-16,SKU0027,338.0,338.0,14,261.0
2025-06-23,SKU0027,195.0,410.0,14,261.0
2025-06-30,SKU0027,59.0,,14,261.0
2025-07-07,SKU0027,0.0,0.0,14,261.0
2025-07-14,SKU0027,0.0,0.0,14,261.0
2025-07-21,SKU0027,0.0,0.0,14,261.0
2025-07-28,SKU0027,0.0,0.0,14,261.0
2025-08-04,SKU0027,0.0,374.0,14,261.0
2025-08-11,SKU0027,0.0,434.0,14,261.0
2025-08-18,SKU0027,0.0,0.0,14,261.0
2025-08-25,SKU0027,327.0,327.0,14,261.0
2025-09-01,SKU0027,754.0,507.0,14,261.0
2025-09-08,SKU0027,676.0,0.0,14,261.0
2025-09-15,SKU0027,605.0,0.0,14,261.0
2025-09-22,SKU0027,535.0,0.0,14,261.0
2025-09-29,SKU0027,466.0,0.0,14,261.0
2025-10-06,SKU0027,387.0,0.0,14,261.0
2025-10-13,SKU0027,299.0,0.0,14,261.0
2025-10-20,SKU0027,230.0,0.0,14,261.0
2025-10-27,SKU0027,524.0,391.0,14,261.0
2025-11-03,SKU0027,430.0,0.0,14,261.0
2025-11-10,SKU0027,347.0,0.0,14,261.0
2025-11-17,SKU0027,258.0,462.0,14,261.0
2025-11-24,SKU0027,182.0,0.0,14,261.0
2025-12-01,SKU0027,605.0,521.0,14,261.0
2025-12-08,SKU0027,485.0,0.0,14,261.0
2025-12-15,SKU0027,371.0,0.0,14,261.0
2025-12-22,SKU0027,266.0,0.0,14,261.0
2025-02-10,SKU0028,384.0,0.0,10,376.0
2025-02-17,SKU0028,186.0,599.0,10,376.0
2025-02-24,SKU0028,0.0,0.0,10,376.0
2025-03-03,SKU0028,0.0,0.0,10,376.0
2025-03-10,SKU0028,636.0,636.0,10,376.0
2025-03-17,SKU0028,360.0,0.0,10,376.0
2025-03-24,SKU0028,120.0,503.0,10,376.0
2025-03-31,SKU0028,629.0,629.0,10,376.0
2025-04-07,SKU0028,409.0,0.0,10,376.0
2025-04-14,SKU0028,175.0,0.0,10,376.0
2025-04-21,SKU0028,0.0,474.0,10,376.0
2025-04-28,SKU0028,0.0,467.0,10,376.0
2025-05-05,SKU0028,0.0,0.0,10,376.0
2025-05-12,SKU0028,0.0,653.0,10,376.0
2025-05-19,SKU0028,0.0,561.0,10,376.0
2025-05-26,SKU0028,0.0,460.0,10,376.0
2025-06-02,SKU0028,0.0,0.0,10,376.0
2025-06-09,SKU0028,0.0,0.0,10,376.0
2025-06-16,SKU0028,0.0,654.0,10,376.0
2025-06-23,SKU0028,0.0,0.0,10,376.0
2025-06-30,SKU0028,0.0,625.0,10,376.0
2025-07-07,SKU0028,0.0,0.0,10,376.0
2025-07-14,SKU0028,0.0,0.0,10,376.0
2025-07-21,SKU0028,0.0,706.0,10,376.0
2025-07-28,SKU0028,0.0,607.0,10,376.0
2025-08-04,SKU0028,0.0,548.0,10,376.0
2025-08-11,SKU0028,0.0,569.0,10,376.0
2025-08-18,SKU0028,0.0,0.0,10,376.0
2025-08-25,SKU0028,0.0,549.0,10,376.0
2025-09-01,SKU0028,545.0,545.0,10,376.0
2025-09-08,SKU0028,434.0,0.0,10,376.0
2025-09-15,SKU0028,294.0,478.0,10,376.0
2025-09-22,SKU0028,179.0,646.0,10,376.0
2025-09-29,SKU0028,628.0,588.0,10,376.0
2025-10-06,SKU0028,496.0,0.0,10,376.0
2025-10-13,SKU0028,370.0,734.0,10,376.0
2025-10-20,SKU0028,255.0,0.0,10,376.0
2025-10-27,SKU0028,76.0,0.0,10,376.0
2025-11-03,SKU0028,0.0,0.0,10,376.0
2025-11-10,SKU0028,0.0,723.0,10,376.0
2025-11-17,SKU0028,0.0,674.0,10,376.0
2025-11-24,SKU0028,0.0,0.0,10,376.0
2025-12-01,SKU0028,591.0,591.0,10,376.0
2025-12-08,SKU0028,408.0,0.0,10,376.0
2025-12-15,SKU0028,193.0,0.0,10,376.0
2025-12-22,SKU0028,0.0,600.0,10,376.0
2025-04-14,SKU0029,1583.0,1249.0,14,741.0
2025-04-21,SKU0029,1224.0,0.0,14,741.0
2025-04-28,SKU0029,869.0,0.0,14,741.0
2025-05-05,SKU0029,535.0,1033.0,14,741.0
2025-05-12,SKU0029,207.0,1024.0,14,741.0
2025-05-19,SKU0029,0.0,0.0,14,741.0
2025-05-26,SKU0029,1142.0,1142.0,14,741.0
2025-06-02,SKU0029,799.0,0.0,14,741.0
2025-06-09,SKU0029,358.0,0.0,14,741.0
2025-06-16,SKU0029,0.0,1307.0,14,741.0
2025-06-23,SKU0029,0.0,904.0,14,741.0
2025-06-30,SKU0029,0.0,1394.0,14,741.0
2025-07-07,SKU0029,0.0,0.0,14,741.0
2025-07-14,SKU0029,0.0,1275.0,14,741.0
2025-07-21,SKU0029,0.0,1409.0,14,741.0
2025-07-28,SKU0029,0.0,1204.0,14,741.0
2025-08-04,SKU0029,0.0,0.0,14,741.0
2025-08-11,SKU0029,0.0,0.0,14,741.0
2025-08-18,SKU0029,0.0,0.0,14,741.0
2025-08-25,SKU0029,0.0,1011.0,14,741.0
2025-09-01,SKU0029,0.0,1280.0,14,741.0
2025-09-08,SKU0029,990.0,990.0,14,741.0
2025-09-15,SKU0029,821.0,0.0,14,741.0
2025-09-22,SKU0029,652.0,1349.0,14,741.0
2025-09-29,SKU0029,456.0,0.0,14,741.0
2025-10-06,SKU0029,287.0,0.0,14,741.0
2025-10-13,SKU0029,71.0,935.0,14,741.0
2025-10-20,SKU0029,1155.0,1155.0,14,741.0
2025-10-27,SKU0029,874.0,0.0,14,741.0
2025-11-03,SKU0029,574.0,0.0,14,741.0
2025-11-10,SKU0029,1248.0,953.0,14,741.0
2025-11-17,SKU0029,915.0,0.0,14,741.0
2025-11-24,SKU0029,717.0,0.0,14,741.0
2025-12-01,SKU0029,420.0,896.0,14,741.0
2025-12-08,SKU0029,90.0,0.0,14,741.0
2025-12-15,SKU0029,0.0,1381.0,14,741.0
2025-12-22,SKU0029,0.0,1190.0,14,741.0
2025-03-24,SKU0030,549.0,485.0,10,358.0
2025-03-31,SKU0030,306.0,568.0,10,358.0
2025-04-07,SKU0030,546.0,518.0,10,358.0
2025-04-14,SKU0030,261.0,0.0,10,358.0
2025-04-21,SKU0030,15.0,498.0,10,358.0
2025-04-28,SKU0030,0.0,0.0,10,358.0
2025-05-05,SKU0030,0.0,682.0,10,358.0
2025-05-12,SKU0030,0.0,0.0,10,358.0
2025-05-19,SKU0030,0.0,0.0,10,358.0
2025-05-26,SKU0030,609.0,609.0,10,358.0
2025-06-02,SKU0030,824.0,479.0,10,358.0
2025-06-09,SKU0030,465.0,0.0,10,358.0
2025-06-16,SKU0030,186.0,611.0,10,358.0
2025-06-23,SKU0030,0.0,675.0,10,358.0
2025-06-30,SKU0030,0.0,648.0,10,358.0
2025-07-07,SKU0030,0.0,697.0,10,358.0
2025-07-14,SKU0030,0.0,0.0,10,358.0
2025-07-21,SKU0030,0.0,0.0,10,358.0
2025-07-28,SKU0030,0.0,598.0,10,358.0
2025-08-04,SKU0030,0.0,534.0,10,358.0
2025-08-11,SKU0030,0.0,533.0,10,358.0
2025-08-18,SKU0030,613.0,613.0,10,358.0
2025-08-25,SKU0030,473.0,,10,358.0
2025-09-01,SKU0030,350.0,667.0,10,358.0
2025-09-08,SKU0030,197.0,0.0,10,358.0
2025-09-15,SKU0030,77.0,518.0,10,358.0
2025-09-22,SKU0030,437.0,437.0,10,358.0
2025-09-29,SKU0030,312.0,522.0,10,358.0
2025-10-06,SKU0030,209.0,463.0,10,358.0
2025-10-13,SKU0030,95.0,0.0,10,358.0
2025-10-20,SKU0030,0.0,644.0,10,358.0
2025-10-27,SKU0030,0.0,0.0,10,358.0
2025-11-03,SKU0030,0.0,0.0,10,358.0
2025-11-10,SKU0030,0.0,0.0,10,358.0
2025-11-17,SKU0030,0.0,608.0,10,358.0
2025-11-24,SKU0030,0.0,0.0,10,358.0
2025-12-01,SKU0030,0.0,465.0,10,358.0
2025-12-08,SKU0030,0.0,0.0,10,358.0
2025-12-15,SKU0030,0.0,0.0,10,358.0
2025-12-22,SKU0030,0.0,636.0,10,358.0
2024-02-19,SKU0031,188.0,0.0,7,93.0
2024-02-26,SKU0031,90.0,185.0,7,93.0
2024-03-04,SKU0031,9.0,0.0,7,93.0
2024-03-11,SKU0031,0.0,0.0,7,93.0
2024-03-18,SKU0031,0.0,136.0,7,93.0
2024-03-25,SKU0031,0.0,0.0,7,93.0
2024-04-01,SKU0031,0.0,,7,93.0
2024-04-08,SKU0031,0.0,0.0,7,93.0
2024-04-15,SKU0031,0.0,137.0,7,93.0
2024-04-22,SKU0031,0.0,0.0,7,93.0
2024-04-29,SKU0031,0.0,0.0,7,93.0
2024-05-06,SKU0031,0.0,134.0,7,93.0
2024-05-13,SKU0031,0.0,0.0,7,93.0
2024-05-20,SKU0031,0.0,158.0,7,93.0
2024-05-27,SKU0031,166.0,166.0,7,93.0
2024-06-03,SKU0031,189.0,118.0,7,93.0
2024-06-10,SKU0031,73.0,167.0,7,93.0
2024-06-17,SKU0031,0.0,0.0,7,93.0
2024-06-24,SKU0031,0.0,179.0,7,93.0
2024-07-01,SKU0031,0.0,0.0,7,93.0
2024-07-08,SKU0031,0.0,151.0,7,93.0
2024-07-15,SKU0031,167.0,167.0,7,93.0
2024-07-22,SKU0031,102.0,0.0,7,93.0
2024-07-29,SKU0031,47.0,0.0,7,93.0
2024-08-05,SKU0031,0.0,149.0,7,93.0
2024-08-12,SKU0031,0.0,0.0,7,93.0
2024-08-19,SKU0031,0.0,,7,93.0
2024-08-26,SKU0031,0.0,0.0,7,93.0
2024-09-02,SKU0031,0.0,0.0,7,93.0
2024-09-09,SKU0031,168.0,168.0,7,93.0
2024-09-16,SKU0031,112.0,0.0,7,93.0
2024-09-23,SKU0031,245.0,184.0,7,93.0
2024-09-30,SKU0031,208.0,0.0,7,93.0
2024-10-07,SKU0031,161.0,0.0,7,93.0
2024-10-14,SKU0031,112.0,0.0,7,93.0
2024-10-21,SKU0031,74.0,0.0,7,93.0
2024-10-28,SKU0031,192.0,175.0,7,93.0
2024-11-04,SKU0031,136.0,0.0,7,93.0
2024-11-11,SKU0031,72.0,158.0,7,93.0
2024-11-18,SKU0031,8.0,0.0,7,93.0
2024-11-25,SKU0031,152.0,152.0,7,93.0
2024-12-02,SKU0031,95.0,0.0,7,93.0
2024-12-09,SKU0031,41.0,0.0,7,93.0
2024-12-16,SKU0031,0.0,0.0,7,93.0
2024-12-23,SKU0031,0.0,0.0,7,93.0
2024-12-30,SKU0031,123.0,123.0,7,93.0
2025-01-06,SKU0031,53.0,0.0,7,93.0
2025-01-13,SKU0031,0.0,144.0,7,93.0
2025-01-20,SKU0031,0.0,154.0,7,93.0
2025-01-27,SKU0031,144.0,144.0,7,93.0
2025-02-03,SKU0031,62.0,158.0,7,93.0
2025-02-10,SKU0031,0.0,0.0,7,93.0
2025-02-17,SKU0031,0.0,0.0,7,93.0
2025-02-24,SKU0031,0.0,134.0,7,93.0
2025-03-03,SKU0031,0.0,0.0,7,93.0
2025-03-10,SKU0031,0.0,171.0,7,93.0
2025-03-17,SKU0031,184.0,,7,93.0
2025-03-24,SKU0031,110.0,,7,93.0
2025-03-31,SKU0031,24.0,0.0,7,93.0
2025-04-07,SKU0031,0.0,0.0,7,93.0
2025-04-14,SKU0031,0.0,169.0,7,93.0
2025-04-21,SKU0031,0.0,139.0,7,93.0
2025-04-28,SKU0031,0.0,0.0,7,93.0
2025-05-05,SKU0031,0.0,0.0,7,93.0
2025-05-12,SKU0031,0.0,148.0,7,93.0
2025-05-19,SKU0031,0.0,182.0,7,93.0
2025-05-26,SKU0031,0.0,0.0,7,93.0
2025-06-02,SKU0031,0.0,128.0,7,93.0
2025-06-09,SKU0031,0.0,0.0,7,93.0
2025-06-16,SKU0031,0.0,0.0,7,93.0
2025-06-23,SKU0031,0.0,161.0,7,93.0
2025-06-30,SKU0031,0.0,123.0,7,93.0
2025-07-07,SKU0031,0.0,0.0,7,93.0
2025-07-14,SKU0031,0.0,175.0,7,93.0
2025-07-21,SKU0031,0.0,,7,93.0
2025-07-28,SKU0031,0.0,141.0,7,93.0
2025-08-04,SKU0031,0.0,0.0,7,93.0
2025-08-11,SKU0031,0.0,138.0,7,93.0
2025-08-18,SKU0031,0.0,0.0,7,93.0
2025-08-25,SKU0031,0.0,0.0,7,93.0
2025-09-01,SKU0031,0.0,0.0,7,93.0
2025-09-08,SKU0031,0.0,183.0,7,93.0
2025-09-15,SKU0031,0.0,174.0,7,93.0
2025-09-22,SKU0031,0.0,115.0,7,93.0
2025-09-29,SKU0031,0.0,117.0,7,93.0
2025-10-06,SKU0031,0.0,0.0,7,93.0
2025-10-13,SKU0031,0.0,0.0,7,93.0
2025-10-20,SKU0031,0.0,164.0,7,93.0
2025-10-27,SKU0031,0.0,112.0,7,93.0
2025-11-03,SKU0031,0.0,0.0,7,93.0
2025-11-10,SKU0031,126.0,126.0,7,93.0
2025-11-17,SKU0031,62.0,167.0,7,93.0
2025-11-24,SKU0031,0.0,0.0,7,93.0
2025-12-01,SKU0031,0.0,0.0,7,93.0
2025-12-08,SKU0031,135.0,135.0,7,93.0
2025-12-15,SKU0031,218.0,148.0,7,93.0
2025-12-22,SKU0031,140.0,0.0,7,93.0
2025-02-24,SKU0032,1162.0,3753.0,21,2341.0
2025-03-03,SKU0032,561.0,0.0,21,2341.0
2025-03-10,SKU0032,4306.0,4306.0,21,2341.0
2025-03-17,SKU0032,3580.0,0.0,21,2341.0
2025-03-24,SKU0032,2888.0,0.0,21,2341.0
2025-03-31,SKU0032,2033.0,0.0,21,2341.0
2025-04-07,SKU0032,1183.0,0.0,21,2341.0
2025-04-14,SKU0032,437.0,3113.0,21,2341.0
2025-04-21,SKU0032,0.0,0.0,21,2341.0
2025-04-28,SKU0032,0.0,0.0,21,2341.0
2025-05-05,SKU0032,4064.0,4064.0,21,2341.0
2025-05-12,SKU0032,3447.0,0.0,21,2341.0
2025-05-19,SKU0032,2755.0,0.0,21,2341.0
2025-05-26,SKU0032,2095.0,0.0,21,2341.0
2025-06-02,SKU0032,5084.0,3704.0,21,2341.0
2025-06-09,SKU0032,4260.0,0.0,21,2341.0
2025-06-16,SKU0032,3480.0,0.0,21,2341.0
2025-06-23,SKU0032,2742.0,0.0,21,2341.0
2025-06-30,SKU0032,6625.0,4574.0,21,2341.0
2025-07-07,SKU0032,5977.0,0.0,21,2341.0
2025-07-14,SKU0032,5444.0,0.0,21,2341.0
2025-07-21,SKU0032,4929.0,0.0,21,2341.0
2025-07-28,SKU0032,4455.0,0.0,21,2341.0
2025-08-04,SKU0032,3957.0,,21,2341.0
2025-08-11,SKU0032,3416.0,0.0,21,2341.0
2025-08-18,SKU0032,3002.0,0.0,21,2341.0
2025-08-25,SKU0032,2482.0,0.0,21,2341.0
2025-09-01,SKU0032,2084.0,0.0,21,2341.0
2025-09-08,SKU0032,1668.0,3048.0,21,2341.0
2025-09-15,SKU0032,1199.0,4066.0,21,2341.0
2025-09-22,SKU0032,819.0,0.0,21,2341.0
2025-09-29,SKU0032,453.0,0.0,21,2341.0
2025-10-06,SKU0032,11.0,3421.0,21,2341.0
2025-10-13,SKU0032,0.0,3360.0,21,2341.0
2025-10-20,SKU0032,0.0,2890.0,21,2341.0
2025-10-27,SKU0032,3497.0,3497.0,21,2341.0
2025-11-03,SKU0032,2931.0,0.0,21,2341.0
2025-11-10,SKU0032,2413.0,0.0,21,2341.0
2025-11-17,SKU0032,6214.0,4310.0,21,2341.0
2025-11-24,SKU0032,5772.0,0.0,21,2341.0
2025-12-01,SKU0032,5247.0,0.0,21,2341.0
2025-12-08,SKU0032,4679.0,0.0,21,2341.0
2025-12-15,SKU0032,4139.0,0.0,21,2341.0
2025-12-22,SKU0032,3529.0,0.0,21,2341.0
2024-06-10,SKU0033,144.0,1165.0,21,666.0
2024-06-17,SKU0033,0.0,0.0,21,666.0
2024-06-24,SKU0033,0.0,0.0,21,666.0
2024-07-01,SKU0033,0.0,0.0,21,666.0
2024-07-08,SKU0033,0.0,865.0,21,666.0
2024-07-15,SKU0033,891.0,891.0,21,666.0
2024-07-22,SKU0033,743.0,0.0,21,666.0
2024-07-29,SKU0033,589.0,1082.0,21,666.0
2024-08-05,SKU0033,448.0,0.0,21,666.0
2024-08-12,SKU0033,290.0,0.0,21,666.0
2024-08-19,SKU0033,176.0,0.0,21,666.0
2024-08-26,SKU0033,48.0,875.0,21,666.0
2024-09-02,SKU0033,0.0,0.0,21,666.0
2024-09-09,SKU0033,0.0,0.0,21,666.0
2024-09-16,SKU0033,1220.0,1220.0,21,666.0
2024-09-23,SKU0033,1097.0,0.0,21,666.0
2024-09-30,SKU0033,997.0,0.0,21,666.0
2024-10-07,SKU0033,905.0,0.0,21,666.0
2024-10-14,SKU0033,795.0,0.0,21,666.0
2024-10-21,SKU0033,691.0,0.0,21,666.0
2024-10-28,SKU0033,1547.0,1014.0,21,666.0
2024-11-04,SKU0033,1409.0,0.0,21,666.0
2024-11-11,SKU0033,1236.0,0.0,21,666.0
2024-11-18,SKU0033,1079.0,0.0,21,666.0
2024-11-25,SKU0033,940.0,0.0,21,666.0
2024-12-02,SKU0033,759.0,0.0,21,666.0
2024-12-09,SKU0033,568.0,1212.0,21,666.0
2024-12-16,SKU0033,389.0,843.0,21,666.0
2024-12-23,SKU0033,1164.0,973.0,21,666.0
2024-12-30,SKU0033,1015.0,0.0,21,666.0
2025-01-06,SKU0033,844.0,0.0,21,666.0
2025-01-13,SKU0033,675.0,0.0,21,666.0
2025-01-20,SKU0033,491.0,0.0,21,666.0
2025-01-27,SKU0033,270.0,1284.0,21,666.0
2025-02-03,SKU0033,46.0,1239.0,21,666.0
2025-02-10,SKU0033,932.0,932.0,21,666.0
2025-02-17,SKU0033,696.0,0.0,21,666.0
2025-02-24,SKU0033,474.0,1137.0,21,666.0
2025-03-03,SKU0033,269.0,0.0,21,666.0
2025-03-10,SKU0033,60.0,1030.0,21,666.0
2025-03-17,SKU0033,0.0,0.0,21,666.0
2025-03-24,SKU0033,0.0,0.0,21,666.0
2025-03-31,SKU0033,807.0,807.0,21,666.0
2025-04-07,SKU0033,607.0,0.0,21,666.0
2025-04-14,SKU0033,350.0,0.0,21,666.0
2025-04-21,SKU0033,1007.0,844.0,21,666.0
2025-04-28,SKU0033,786.0,0.0,21,666.0
2025-05-05,SKU0033,561.0,0.0,21,666.0
2025-05-12,SKU0033,363.0,863.0,21,666.0
2025-05-19,SKU0033,154.0,1181.0,21,666.0
2025-05-26,SKU0033,0.0,,21,666.0
2025-06-02,SKU0033,0.0,905.0,21,666.0
2025-06-09,SKU0033,0.0,0.0,21,666.0
2025-06-16,SKU0033,0.0,0.0,21,666.0
2025-06-23,SKU0033,0.0,0.0,21,666.0
2025-06-30,SKU0033,0.0,852.0,21,666.0
2025-07-07,SKU0033,0.0,1277.0,21,666.0
2025-07-14,SKU0033,0.0,0.0,21,666.0
2025-07-21,SKU0033,1130.0,1130.0,21,666.0
2025-07-28,SKU0033,964.0,0.0,21,666.0
2025-08-04,SKU0033,831.0,0.0,21,666.0
2025-08-11,SKU0033,691.0,0.0,21,666.0
2025-08-18,SKU0033,558.0,0.0,21,666.0
2025-08-25,SKU0033,414.0,0.0,21,666.0
2025-09-01,SKU0033,265.0,0.0,21,666.0
2025-09-08,SKU0033,129.0,0.0,21,666.0
2025-09-15,SKU0033,3.0,0.0,21,666.0
2025-09-22,SKU0033,0.0,916.0,21,666.0
2025-09-29,SKU0033,0.0,1198.0,21,666.0
2025-10-06,SKU0033,0.0,1166.0,21,666.0
2025-10-13,SKU0033,0.0,973.0,21,666.0
2025-10-20,SKU0033,0.0,1188.0,21,666.0
2025-10-27,SKU0033,893.0,893.0,21,666.0
2025-11-03,SKU0033,716.0,0.0,21,666.0
2025-11-10,SKU0033,556.0,1315.0,21,666.0
2025-11-17,SKU0033,407.0,1098.0,21,666.0
2025-11-24,SKU0033,276.0,1280.0,21,666.0
2025-12-01,SKU0033,96.0,0.0,21,666.0
2025-12-08,SKU0033,0.0,0.0,21,666.0
2025-12-15,SKU0033,0.0,829.0,21,666.0
2025-12-22,SKU0033,0.0,0.0,21,666.0
2024-04-29,SKU0034,89.0,0.0,10,71.0
2024-05-06,SKU0034,48.0,0.0,10,71.0
2024-05-13,SKU0034,8.0,112.0,10,71.0
2024-05-20,SKU0034,0.0,105.0,10,71.0
2024-05-27,SKU0034,0.0,0.0,10,71.0
2024-06-03,SKU0034,0.0,0.0,10,71.0
2024-06-10,SKU0034,0.0,123.0,10,71.0
2024-06-17,SKU0034,0.0,0.0,10,71.0
2024-06-24,SKU0034,0.0,114.0,10,71.0
2024-07-01,SKU0034,0.0,0.0,10,71.0
2024-07-08,SKU0034,0.0,129.0,10,71.0
2024-07-15,SKU0034,0.0,121.0,10,71.0
2024-07-22,SKU0034,118.0,118.0,10,71.0
2024-07-29,SKU0034,90.0,0.0,10,71.0
2024-08-05,SKU0034,59.0,0.0,10,71.0
2024-08-12,SKU0034,33.0,126.0,10,71.0
2024-08-19,SKU0034,9.0,103.0,10,71.0
2024-08-26,SKU0034,0.0,0.0,10,71.0
2024-09-02,SKU0034,0.0,0.0,10,71.0
2024-09-09,SKU0034,0.0,0.0,10,71.0
2024-09-16,SKU0034,0.0,130.0,10,71.0
2024-09-23,SKU0034,0.0,85.0,10,71.0
2024-09-30,SKU0034,0.0,,10,71.0
2024-10-07,SKU0034,0.0,134.0,10,71.0
2024-10-14,SKU0034,0.0,0.0,10,71.0
2024-10-21,SKU0034,0.0,0.0,10,71.0
2024-10-28,SKU0034,0.0,0.0,10,71.0
2024-11-04,SKU0034,96.0,96.0,10,71.0
2024-11-11,SKU0034,64.0,0.0,10,71.0
2024-11-18,SKU0034,112.0,86.0,10,71.0
2024-11-25,SKU0034,82.0,0.0,10,71.0
2024-12-02,SKU0034,184.0,139.0,10,71.0
2024-12-09,SKU0034,150.0,0.0,10,71.0
2024-12-16,SKU0034,113.0,0.0,10,71.0
2024-12-23,SKU0034,73.0,0.0,10,71.0
2024-12-30,SKU0034,36.0,134.0,10,71.0
2025-01-06,SKU0034,0.0,0.0,10,71.0
2025-01-13,SKU0034,0.0,0.0,10,71.0
2025-01-20,SKU0034,94.0,94.0,10,71.0
2025-01-27,SKU0034,139.0,102.0,10,71.0
2025-02-03,SKU0034,73.0,0.0,10,71.0
2025-02-10,SKU0034,108.0,106.0,10,71.0
2025-02-17,SKU0034,52.0,86.0,10,71.0
2025-02-24,SKU0034,138.0,132.0,10,71.0
2025-03-03,SKU0034,79.0,0.0,10,71.0
2025-03-10,SKU0034,131.0,98.0,10,71.0
2025-03-17,SKU0034,79.0,0.0,10,71.0
2025-03-24,SKU0034,30.0,0.0,10,71.0
2025-03-31,SKU0034,0.0,123.0,10,71.0
2025-04-07,SKU0034,0.0,101.0,10,71.0
2025-04-14,SKU0034,0.0,87.0,10,71.0
2025-04-21,SKU0034,120.0,120.0,10,71.0
2025-04-28,SKU0034,62.0,0.0,10,71.0
2025-05-05,SKU0034,8.0,0.0,10,71.0
2025-05-12,SKU0034,0.0,100.0,10,71.0
2025-05-19,SKU0034,0.0,118.0,10,71.0
2025-05-26,SKU0034,0.0,0.0,10,71.0
2025-06-02,SKU0034,0.0,0.0,10,71.0
2025-06-09,SKU0034,0.0,128.0,10,71.0
2025-06-16,SKU0034,0.0,0.0,10,71.0
2025-06-23,SKU0034,0.0,0.0,10,71.0
2025-06-30,SKU0034,118.0,118.0,10,71.0
2025-07-07,SKU0034,79.0,0.0,10,71.0
2025-07-14,SKU0034,45.0,0.0,10,71.0
2025-07-21,SKU0034,3.0,0.0,10,71.0
2025-07-28,SKU0034,117.0,117.0,10,71.0
2025-08-04,SKU0034,84.0,0.0,10,71.0
2025-08-11,SKU0034,52.0,110.0,10,71.0
2025-08-18,SKU0034,26.0,0.0,10,71.0
2025-08-25,SKU0034,108.0,108.0,10,71.0
2025-09-01,SKU0034,81.0,0.0,10,71.0
2025-09-08,SKU0034,52.0,0.0,10,71.0
2025-09-15,SKU0034,21.0,0.0,10,71.0
2025-09-22,SKU0034,0.0,119.0,10,71.0
2025-09-29,SKU0034,0.0,139.0,10,71.0
2025-10-06,SKU0034,140.0,140.0,10,71.0
2025-10-13,SKU0034,118.0,0.0,10,71.0
2025-10-20,SKU0034,94.0,0.0,10,71.0
2025-10-27,SKU0034,64.0,0.0,10,71.0
2025-11-03,SKU0034,32.0,119.0,10,71.0
2025-11-10,SKU0034,0.0,0.0,10,71.0
2025-11-17,SKU0034,0.0,0.0,10,71.0
2025-11-24,SKU0034,0.0,0.0,10,71.0
2025-12-01,SKU0034,0.0,,10,71.0
2025-12-08,SKU0034,0.0,0.0,10,71.0
2025-12-15,SKU0034,0.0,127.0,10,71.0
2025-12-22,SKU0034,0.0,139.0,10,71.0
2024-10-21,SKU0035,535.0,1091.0,10,766.0
2024-10-28,SKU0035,108.0,1351.0,10,766.0
2024-11-04,SKU0035,0.0,1321.0,10,766.0
2024-11-11,SKU0035,0.0,0.0,10,766.0
2024-11-18,SKU0035,1123.0,1123.0,10,766.0
2024-11-25,SKU0035,879.0,0.0,10,766.0
2024-12-02,SKU0035,564.0,0.0,10,766.0
2024-12-09,SKU0035,275.0,0.0,10,766.0
2024-12-16,SKU0035,0.0,1295.0,10,766.0
2024-12-23,SKU0035,0.0,0.0,10,766.0
2024-12-30,SKU0035,1488.0,1488.0,10,766.0
2025-01-06,SKU0035,1146.0,0.0,10,766.0
2025-01-13,SKU0035,776.0,0.0,10,766.0
2025-01-20,SKU0035,257.0,1522.0,10,766.0
2025-01-27,SKU0035,0.0,0.0,10,766.0
2025-02-03,SKU0035,0.0,1089.0,10,766.0
2025-02-10,SKU0035,0.0,1011.0,10,766.0
2025-02-17,SKU0035,1198.0,1198.0,10,766.0
2025-02-24,SKU0035,736.0,1459.0,10,766.0
2025-03-03,SKU0035,1691.0,1410.0,10,766.0
2025-03-10,SKU0035,1132.0,0.0,10,766.0
2025-03-17,SKU0035,677.0,0.0,10,766.0
2025-03-24,SKU0035,113.0,0.0,10,766.0
2025-03-31,SKU0035,0.0,0.0,10,766.0
2025-04-07,SKU0035,0.0,0.0,10,766.0
2025-04-14,SKU0035,0.0,0.0,10,766.0
2025-04-21,SKU0035,0.0,0.0,10,766.0
2025-04-28,SKU0035,0.0,0.0,10,766.0
2025-05-05,SKU0035,0.0,1338.0,10,766.0
2025-05-12,SKU0035,0.0,1337.0,10,766.0
2025-05-19,SKU0035,1203.0,1203.0,10,766.0
2025-05-26,SKU0035,710.0,0.0,10,766.0
2025-06-02,SKU0035,253.0,0.0,10,766.0
2025-06-09,SKU0035,1324.0,1324.0,10,766.0
2025-06-16,SKU0035,807.0,0.0,10,766.0
2025-06-23,SKU0035,1367.0,1188.0,10,766.0
2025-06-30,SKU0035,848.0,0.0,10,766.0
2025-07-07,SKU0035,1624.0,1272.0,10,766.0
2025-07-14,SKU0035,1258.0,0.0,10,766.0
2025-07-21,SKU0035,808.0,0.0,10,766.0
2025-07-28,SKU0035,412.0,0.0,10,766.0
2025-08-04,SKU0035,87.0,0.0,10,766.0
2025-08-11,SKU0035,0.0,0.0,10,766.0
2025-08-18,SKU0035,0.0,1478.0,10,766.0
2025-08-25,SKU0035,0.0,0.0,10,766.0
2025-09-01,SKU0035,0.0,1308.0,10,766.0
2025-09-08,SKU0035,0.0,987.0,10,766.0
2025-09-15,SKU0035,0.0,0.0,10,766.0
2025-09-22,SKU0035,0.0,1088.0,10,766.0
2025-09-29,SKU0035,1422.0,1422.0,10,766.0
2025-10-06,SKU0035,1167.0,0.0,10,766.0
2025-10-13,SKU0035,907.0,0.0,10,766.0
2025-10-20,SKU0035,621.0,1162.0,10,766.0
2025-10-27,SKU0035,1822.0,1527.0,10,766.0
2025-11-03,SKU0035,1417.0,0.0,10,766.0
2025-11-10,SKU0035,1059.0,0.0,10,766.0
2025-11-17,SKU0035,728.0,1314.0,10,766.0
2025-11-24,SKU0035,448.0,1239.0,10,766.0
2025-12-01,SKU0035,72.0,0.0,10,766.0
2025-12-08,SKU0035,0.0,0.0,10,766.0
2025-12-15,SKU0035,0.0,1091.0,10,766.0
2025-12-22,SKU0035,0.0,0.0,10,766.0
2024-03-04,SKU0036,280.0,658.0,14,330.0
2024-03-11,SKU0036,767.0,638.0,14,330.0
2024-03-18,SKU0036,600.0,0.0,14,330.0
2024-03-25,SKU0036,418.0,0.0,14,330.0
2024-04-01,SKU0036,262.0,569.0,14,330.0
2024-04-08,SKU0036,100.0,,14,330.0
2024-04-15,SKU0036,0.0,566.0,14,330.0
2024-04-22,SKU0036,0.0,621.0,14,330.0
2024-04-29,SKU0036,0.0,0.0,14,330.0
2024-05-06,SKU0036,0.0,598.0,14,330.0
2024-05-13,SKU0036,0.0,0.0,14,330.0
2024-05-20,SKU0036,0.0,431.0,14,330.0
2024-05-27,SKU0036,0.0,454.0,14,330.0
2024-06-03,SKU0036,0.0,0.0,14,330.0
2024-06-10,SKU0036,0.0,535.0,14,330.0
2024-06-17,SKU0036,0.0,0.0,14,330.0
2024-06-24,SKU0036,0.0,0.0,14,330.0
2024-07-01,SKU0036,0.0,0.0,14,330.0
2024-07-08,SKU0036,588.0,588.0,14,330.0
2024-07-15,SKU0036,468.0,0.0,14,330.0
2024-07-22,SKU0036,346.0,0.0,14,330.0
2024-07-29,SKU0036,241.0,643.0,14,330.0
2024-08-05,SKU0036,121.0,549.0,14,330.0
2024-08-12,SKU0036,0.0,0.0,14,330.0
2024-08-19,SKU0036,0.0,0.0,14,330.0
2024-08-26,SKU0036,0.0,0.0,14,330.0
2024-09-02,SKU0036,0.0,541.0,14,330.0
2024-09-09,SKU0036,0.0,,14,330.0
2024-09-16,SKU0036,0.0,0.0,14,330.0
2024-09-23,SKU0036,0.0,0.0,14,330.0
2024-09-30,SKU0036,0.0,0.0,14,330.0
2024-10-07,SKU0036,0.0,530.0,14,330.0
2024-10-14,SKU0036,0.0,0.0,14,330.0
2024-10-21,SKU0036,0.0,0.0,14,330.0
2024-10-28,SKU0036,0.0,450.0,14,330.0
2024-11-04,SKU0036,0.0,557.0,14,330.0
2024-11-11,SKU0036,406.0,406.0,14,330.0
2024-11-18,SKU0036,802.0,490.0,14,330.0
2024-11-25,SKU0036,714.0,0.0,14,330.0
2024-12-02,SKU0036,599.0,0.0,14,330.0
2024-12-09,SKU0036,491.0,0.0,14,330.0
2024-12-16,SKU0036,383.0,0.0,14,330.0
2024-12-23,SKU0036,766.0,508.0,14,330.0
2024-12-30,SKU0036,663.0,0.0,14,330.0
2025-01-06,SKU0036,548.0,,14,330.0
2025-01-13,SKU0036,421.0,0.0,14,330.0
2025-01-20,SKU0036,266.0,428.0,14,330.0
2025-01-27,SKU0036,73.0,622.0,14,330.0
2025-02-03,SKU0036,0.0,0.0,14,330.0
2025-02-10,SKU0036,0.0,0.0,14,330.0
2025-02-17,SKU0036,0.0,600.0,14,330.0
2025-02-24,SKU0036,473.0,473.0,14,330.0
2025-03-03,SKU0036,772.0,444.0,14,330.0
2025-03-10,SKU0036,639.0,0.0,14,330.0
2025-03-17,SKU0036,498.0,0.0,14,330.0
2025-03-24,SKU0036,365.0,0.0,14,330.0
2025-03-31,SKU0036,180.0,,14,330.0
2025-04-07,SKU0036,610.0,592.0,14,330.0
2025-04-14,SKU0036,452.0,0.0,14,330.0
2025-04-21,SKU0036,290.0,605.0,14,330.0
2025-04-28,SKU0036,155.0,0.0,14,330.0
2025-05-05,SKU0036,0.0,424.0,14,330.0
2025-05-12,SKU0036,0.0,0.0,14,330.0
2025-05-19,SKU0036,0.0,418.0,14,330.0
2025-05-26,SKU0036,0.0,0.0,14,330.0
2025-06-02,SKU0036,0.0,0.0,14,330.0
2025-06-09,SKU0036,0.0,0.0,14,330.0
2025-06-16,SKU0036,657.0,657.0,14,330.0
2025-06-23,SKU0036,499.0,0.0,14,330.0
2025-06-30,SKU0036,320.0,0.0,14,330.0
2025-07-07,SKU0036,189.0,0.0,14,330.0
2025-07-14,SKU0036,66.0,,14,330.0
2025-07-21,SKU0036,0.0,0.0,14,330.0
2025-07-28,SKU0036,0.0,399.0,14,330.0
2025-08-04,SKU0036,0.0,0.0,14,330.0
2025-08-11,SKU0036,0.0,611.0,14,330.0
2025-08-18,SKU0036,0.0,509.0,14,330.0
2025-08-25,SKU0036,0.0,0.0,14,330.0
2025-09-01,SKU0036,0.0,490.0,14,330.0
2025-09-08,SKU0036,0.0,586.0,14,330.0
2025-09-15,SKU0036,0.0,0.0,14,330.0
2025-09-22,SKU0036,0.0,0.0,14,330.0
2025-09-29,SKU0036,0.0,464.0,14,330.0
2025-10-06,SKU0036,0.0,655.0,14,330.0
2025-10-13,SKU0036,645.0,645.0,14,330.0
2025-10-20,SKU0036,564.0,0.0,14,330.0
2025-10-27,SKU0036,459.0,0.0,14,330.0
2025-11-03,SKU0036,361.0,0.0,14,330.0
2025-11-10,SKU0036,245.0,588.0,14,330.0
2025-11-17,SKU0036,733.0,594.0,14,330.0
2025-11-24,SKU0036,659.0,0.0,14,330.0
2025-12-01,SKU0036,560.0,0.0,14,330.0
2025-12-08,SKU0036,454.0,0.0,14,330.0
2025-12-15,SKU0036,339.0,0.0,14,330.0
2025-12-22,SKU0036,228.0,0.0,14,330.0
2025-04-28,SKU0037,248.0,467.0,14,364.0
2025-05-05,SKU0037,53.0,490.0,14,364.0
2025-05-12,SKU0037,0.0,0.0,14,364.0
2025-05-19,SKU0037,0.0,681.0,14,364.0
2025-05-26,SKU0037,0.0,692.0,14,364.0
2025-06-02,SKU0037,0.0,0.0,14,364.0
2025-06-09,SKU0037,0.0,0.0,14,364.0
2025-06-16,SKU0037,611.0,611.0,14,364.0
2025-06-23,SKU0037,421.0,0.0,14,364.0
2025-06-30,SKU0037,259.0,,14,364.0
2025-07-07,SKU0037,101.0,671.0,14,364.0
2025-07-14,SKU0037,0.0,0.0,14,364.0
2025-07-21,SKU0037,0.0,568.0,14,364.0
2025-07-28,SKU0037,0.0,483.0,14,364.0
2025-08-04,SKU0037,0.0,0.0,14,364.0
2025-08-11,SKU0037,0.0,627.0,14,364.0
2025-08-18,SKU0037,0.0,0.0,14,364.0
2025-08-25,SKU0037,0.0,560.0,14,364.0
2025-09-01,SKU0037,441.0,441.0,14,364.0
2025-09-08,SKU0037,317.0,0.0,14,364.0
2025-09-15,SKU0037,230.0,555.0,14,364.0
2025-09-22,SKU0037,118.0,0.0,14,364.0
2025-09-29,SKU0037,35.0,0.0,14,364.0
2025-10-06,SKU0037,0.0,720.0,14,364.0
2025-10-13,SKU0037,551.0,551.0,14,364.0
2025-10-20,SKU0037,451.0,0.0,14,364.0
2025-10-27,SKU0037,860.0,535.0,14,364.0
2025-11-03,SKU0037,732.0,,14,364.0
2025-11-10,SKU0037,618.0,0.0,14,364.0
2025-11-17,SKU0037,477.0,0.0,14,364.0
2025-11-24,SKU0037,367.0,0.0,14,364.0
2025-12-01,SKU0037,754.0,520.0,14,364.0
2025-12-08,SKU0037,627.0,0.0,14,364.0
2025-12-15,SKU0037,491.0,0.0,14,364.0
2025-12-22,SKU0037,371.0,0.0,14,364.0
2024-02-26,SKU0038,4773.0,3320.0,14,1755.0
2024-03-04,SKU0038,4019.0,0.0,14,1755.0
2024-03-11,SKU0038,3212.0,0.0,14,1755.0
2024-03-18,SKU0038,2531.0,0.0,14,1755.0
2024-03-25,SKU0038,1688.0,0.0,14,1755.0
2024-04-01,SKU0038,810.0,2756.0,14,1755.0
2024-04-08,SKU0038,0.0,2910.0,14,1755.0
2024-04-15,SKU0038,0.0,0.0,14,1755.0
2024-04-22,SKU0038,0.0,2160.0,14,1755.0
2024-04-29,SKU0038,0.0,3109.0,14,1755.0
2024-05-06,SKU0038,0.0,2129.0,14,1755.0
2024-05-13,SKU0038,0.0,0.0,14,1755.0
2024-05-20,SKU0038,0.0,0.0,14,1755.0
2024-05-27,SKU0038,0.0,2291.0,14,1755.0
2024-06-03,SKU0038,0.0,2331.0,14,1755.0
2024-06-10,SKU0038,0.0,2765.0,14,1755.0
2024-06-17,SKU0038,0.0,0.0,14,1755.0
2024-06-24,SKU0038,0.0,2941.0,14,1755.0
2024-07-01,SKU0038,0.0,0.0,14,1755.0
2024-07-08,SKU0038,0.0,3384.0,14,1755.0
2024-07-15,SKU0038,0.0,0.0,14,1755.0
2024-07-22,SKU0038,3238.0,3238.0,14,1755.0
2024-07-29,SKU0038,2680.0,0.0,14,1755.0
2024-08-05,SKU0038,2090.0,0.0,14,1755.0
2024-08-12,SKU0038,1421.0,0.0,14,1755.0
2024-08-19,SKU0038,930.0,0.0,14,1755.0
2024-08-26,SKU0038,448.0,3071.0,14,1755.0
2024-09-02,SKU0038,0.0,0.0,14,1755.0
2024-09-09,SKU0038,0.0,2716.0,14,1755.0
2024-09-16,SKU0038,0.0,0.0,14,1755.0
2024-09-23,SKU0038,0.0,3114.0,14,1755.0
2024-09-30,SKU0038,2489.0,2489.0,14,1755.0
2024-10-07,SKU0038,2098.0,0.0,14,1755.0
2024-10-14,SKU0038,1656.0,0.0,14,1755.0
2024-10-21,SKU0038,1165.0,0.0,14,1755.0
2024-10-28,SKU0038,544.0,3203.0,14,1755.0
2024-11-04,SKU0038,0.0,3447.0,14,1755.0
2024-11-11,SKU0038,2118.0,2118.0,14,1755.0
2024-11-18,SKU0038,1558.0,0.0,14,1755.0
2024-11-25,SKU0038,1059.0,0.0,14,1755.0
2024-12-02,SKU0038,364.0,2554.0,14,1755.0
2024-12-09,SKU0038,0.0,0.0,14,1755.0
2024-12-16,SKU0038,0.0,3467.0,14,1755.0
2024-12-23,SKU0038,0.0,0.0,14,1755.0
2024-12-30,SKU0038,0.0,3171.0,14,1755.0
2025-01-06,SKU0038,0.0,0.0,14,1755.0
2025-01-13,SKU0038,0.0,2974.0,14,1755.0
2025-01-20,SKU0038,0.0,0.0,14,1755.0
2025-01-27,SKU0038,0.0,2389.0,14,1755.0
2025-02-03,SKU0038,0.0,2175.0,14,1755.0
2025-02-10,SKU0038,0.0,3250.0,14,1755.0
2025-02-17,SKU0038,0.0,0.0,14,1755.0
2025-02-24,SKU0038,0.0,0.0,14,1755.0
2025-03-03,SKU0038,3306.0,3306.0,14,1755.0
2025-03-10,SKU0038,2463.0,0.0,14,1755.0
2025-03-17,SKU0038,1679.0,0.0,14,1755.0
2025-03-24,SKU0038,3387.0,2461.0,14,1755.0
2025-03-31,SKU0038,2539.0,0.0,14,1755.0
2025-04-07,SKU0038,1692.0,3186.0,14,1755.0
2025-04-14,SKU0038,813.0,0.0,14,1755.0
2025-04-21,SKU0038,34.0,0.0,14,1755.0
2025-04-28,SKU0038,0.0,2755.0,14,1755.0
2025-05-05,SKU0038,0.0,0.0,14,1755.0
2025-05-12,SKU0038,0.0,,14,1755.0
2025-05-19,SKU0038,3326.0,3326.0,14,1755.0
2025-05-26,SKU0038,2410.0,0.0,14,1755.0
2025-06-02,SKU0038,3977.0,2362.0,14,1755.0
2025-06-09,SKU0038,2887.0,0.0,14,1755.0
2025-06-16,SKU0038,1841.0,0.0,14,1755.0
2025-06-23,SKU0038,927.0,0.0,14,1755.0
2025-06-30,SKU0038,2725.0,2543.0,14,1755.0
2025-07-07,SKU0038,1972.0,0.0,14,1755.0
2025-07-14,SKU0038,1292.0,0.0,14,1755.0
2025-07-21,SKU0038,3919.0,3188.0,14,1755.0
2025-07-28,SKU0038,3282.0,0.0,14,1755.0
2025-08-04,SKU0038,2762.0,0.0,14,1755.0
2025-08-11,SKU0038,2232.0,0.0,14,1755.0
2025-08-18,SKU0038,1769.0,0.0,14,1755.0
2025-08-25,SKU0038,1197.0,0.0,14,1755.0
2025-09-01,SKU0038,683.0,0.0,14,1755.0
2025-09-08,SKU0038,214.0,0.0,14,1755.0
2025-09-15,SKU0038,0.0,2771.0,14,1755.0
2025-09-22,SKU0038,2428.0,2428.0,14,1755.0
2025-09-29,SKU0038,1983.0,0.0,14,1755.0
2025-10-06,SKU0038,3722.0,2214.0,14,1755.0
2025-10-13,SKU0038,3329.0,0.0,14,1755.0
2025-10-20,SKU0038,2922.0,0.0,14,1755.0
2025-10-27,SKU0038,2520.0,0.0,14,1755.0
2025-11-03,SKU0038,1978.0,0.0,14,1755.0
2025-11-10,SKU0038,1479.0,0.0,14,1755.0
2025-11-17,SKU0038,1005.0,3500.0,14,1755.0
2025-11-24,SKU0038,524.0,2827.0,14,1755.0
2025-12-01,SKU0038,31.0,0.0,14,1755.0
2025-12-08,SKU0038,0.0,0.0,14,1755.0
2025-12-15,SKU0038,0.0,0.0,14,1755.0
2025-12-22,SKU0038,0.0,0.0,14,1755.0
2025-02-10,SKU0039,353.0,988.0,10,509.0
2025-02-17,SKU0039,4.0,0.0,10,509.0
2025-02-24,SKU0039,0.0,0.0,10,509.0
2025-03-03,SKU0039,0.0,0.0,10,509.0
2025-03-10,SKU0039,0.0,0.0,10,509.0
2025-03-17,SKU0039,0.0,877.0,10,509.0
2025-03-24,SKU0039,0.0,876.0,10,509.0
2025-03-31,SKU0039,0.0,0.0,10,509.0
2025-04-07,SKU0039,0.0,787.0,10,509.0
2025-04-14,SKU0039,0.0,0.0,10,509.0
2025-04-21,SKU0039,0.0,966.0,10,509.0
2025-04-28,SKU0039,0.0,873.0,10,509.0
2025-05-05,SKU0039,0.0,645.0,10,509.0
2025-05-12,SKU0039,0.0,973.0,10,509.0
2025-05-19,SKU0039,671.0,671.0,10,509.0
2025-05-26,SKU0039,309.0,0.0,10,509.0
2025-06-02,SKU0039,894.0,894.0,10,509.0
2025-06-09,SKU0039,566.0,,10,509.0
2025-06-16,SKU0039,223.0,0.0,10,509.0
2025-06-23,SKU0039,0.0,0.0,10,509.0
2025-06-30,SKU0039,0.0,761.0,10,509.0
2025-07-07,SKU0039,0.0,975.0,10,509.0
2025-07-14,SKU0039,0.0,0.0,10,509.0
2025-07-21,SKU0039,837.0,837.0,10,509.0
2025-07-28,SKU0039,580.0,0.0,10,509.0
2025-08-04,SKU0039,316.0,0.0,10,509.0
2025-08-11,SKU0039,107.0,904.0,10,509.0
2025-08-18,SKU0039,0.0,954.0,10,509.0
2025-08-25,SKU0039,0.0,732.0,10,509.0
2025-09-01,SKU0039,0.0,977.0,10,509.0
2025-09-08,SKU0039,0.0,793.0,10,509.0
2025-09-15,SKU0039,624.0,624.0,10,509.0
2025-09-22,SKU0039,1169.0,726.0,10,509.0
2025-09-29,SKU0039,1012.0,0.0,10,509.0
2025-10-06,SKU0039,862.0,0.0,10,509.0
2025-10-13,SKU0039,692.0,0.0,10,509.0
2025-10-20,SKU0039,520.0,0.0,10,509.0
2025-10-27,SKU0039,306.0,0.0,10,509.0
2025-11-03,SKU0039,95.0,0.0,10,509.0
2025-11-10,SKU0039,0.0,0.0,10,509.0
2025-11-17,SKU0039,0.0,0.0,10,509.0
2025-11-24,SKU0039,0.0,743.0,10,509.0
2025-12-01,SKU0039,0.0,776.0,10,509.0
2025-12-08,SKU0039,0.0,688.0,10,509.0
2025-12-15,SKU0039,0.0,0.0,10,509.0
2025-12-22,SKU0039,758.0,758.0,10,509.0
2025-02-03,SKU0040,397.0,268.0,14,175.0
2025-02-10,SKU0040,325.0,0.0,14,175.0
2025-02-17,SKU0040,231.0,0.0,14,175.0
2025-02-24,SKU0040,159.0,0.0,14,175.0
2025-03-03,SKU0040,416.0,329.0,14,175.0
2025-03-10,SKU0040,338.0,0.0,14,175.0
2025-03-17,SKU0040,260.0,0.0,14,175.0
2025-03-24,SKU0040,165.0,256.0,14,175.0
2025-03-31,SKU0040,81.0,217.0,14,175.0
2025-04-07,SKU0040,0.0,273.0,14,175.0
2025-04-14,SKU0040,0.0,280.0,14,175.0
2025-04-21,SKU0040,0.0,212.0,14,175.0
2025-04-28,SKU0040,0.0,0.0,14,175.0
2025-05-05,SKU0040,0.0,0.0,14,175.0
2025-05-12,SKU0040,287.0,287.0,14,175.0
2025-05-19,SKU0040,199.0,0.0,14,175.0
2025-05-26,SKU0040,116.0,249.0,14,175.0
2025-06-02,SKU0040,279.0,253.0,14,175.0
2025-06-09,SKU0040,171.0,242.0,14,175.0
2025-06-16,SKU0040,75.0,0.0,14,175.0
2025-06-23,SKU0040,0.0,0.0,14,175.0
2025-06-30,SKU0040,294.0,294.0,14,175.0
2025-07-07,SKU0040,220.0,0.0,14,175.0
2025-07-14,SKU0040,165.0,0.0,14,175.0
2025-07-21,SKU0040,101.0,281.0,14,175.0
2025-07-28,SKU0040,296.0,260.0,14,175.0
2025-08-04,SKU0040,239.0,0.0,14,175.0
2025-08-11,SKU0040,186.0,0.0,14,175.0
2025-08-18,SKU0040,130.0,315.0,14,175.0
2025-08-25,SKU0040,72.0,309.0,14,175.0
2025-09-01,SKU0040,22.0,0.0,14,175.0
2025-09-08,SKU0040,322.0,322.0,14,175.0
2025-09-15,SKU0040,275.0,0.0,14,175.0
2025-09-22,SKU0040,241.0,0.0,14,175.0
2025-09-29,SKU0040,196.0,0.0,14,175.0
2025-10-06,SKU0040,163.0,343.0,14,175.0
2025-10-13,SKU0040,123.0,327.0,14,175.0
2025-10-20,SKU0040,331.0,239.0,14,175.0
2025-10-27,SKU0040,288.0,0.0,14,175.0
2025-11-03,SKU0040,236.0,0.0,14,175.0
2025-11-10,SKU0040,174.0,0.0,14,175.0
2025-11-17,SKU0040,111.0,0.0,14,175.0
2025-11-24,SKU0040,65.0,0.0,14,175.0
2025-12-01,SKU0040,4.0,329.0,14,175.0
2025-12-08,SKU0040,0.0,0.0,14,175.0
2025-12-15,SKU0040,0.0,0.0,14,175.0
2025-12-22,SKU0040,0.0,0.0,14,175.0
2024-07-29,SKU0041,172.0,0.0,14,397.0
2024-08-05,SKU0041,653.0,592.0,14,397.0
2024-08-12,SKU0041,547.0,0.0,14,397.0
2024-08-19,SKU0041,442.0,0.0,14,397.0
2024-08-26,SKU0041,328.0,717.0,14,397.0
2024-09-02,SKU0041,211.0,747.0,14,397.0
2024-09-09,SKU0041,105.0,0.0,14,397.0
2024-09-16,SKU0041,637.0,626.0,14,397.0
2024-09-23,SKU0041,548.0,0.0,14,397.0
2024-09-30,SKU0041,451.0,0.0,14,397.0
2024-10-07,SKU0041,343.0,600.0,14,397.0
2024-10-14,SKU0041,235.0,558.0,14,397.0
2024-10-21,SKU0041,119.0,0.0,14,397.0
2024-10-28,SKU0041,665.0,665.0,14,397.0
2024-11-04,SKU0041,489.0,0.0,14,397.0
2024-11-11,SKU0041,324.0,609.0,14,397.0
2024-11-18,SKU0041,174.0,0.0,14,397.0
2024-11-25,SKU0041,33.0,592.0,14,397.0
2024-12-02,SKU0041,0.0,541.0,14,397.0
2024-12-09,SKU0041,0.0,485.0,14,397.0
2024-12-16,SKU0041,0.0,556.0,14,397.0
2024-12-23,SKU0041,676.0,676.0,14,397.0
2024-12-30,SKU0041,557.0,0.0,14,397.0
2025-01-06,SKU0041,406.0,0.0,14,397.0
2025-01-13,SKU0041,265.0,533.0,14,397.0
2025-01-20,SKU0041,794.0,705.0,14,397.0
2025-01-27,SKU0041,557.0,0.0,14,397.0
2025-02-03,SKU0041,353.0,0.0,14,397.0
2025-02-10,SKU0041,134.0,770.0,14,397.0
2025-02-17,SKU0041,0.0,703.0,14,397.0
2025-02-24,SKU0041,531.0,531.0,14,397.0
2025-03-03,SKU0041,334.0,548.0,14,397.0
2025-03-10,SKU0041,170.0,646.0,14,397.0
2025-03-17,SKU0041,0.0,0.0,14,397.0
2025-03-24,SKU0041,664.0,664.0,14,397.0
2025-03-31,SKU0041,477.0,0.0,14,397.0
2025-04-07,SKU0041,303.0,587.0,14,397.0
2025-04-14,SKU0041,92.0,0.0,14,397.0
2025-04-21,SKU0041,0.0,715.0,14,397.0
2025-04-28,SKU0041,0.0,532.0,14,397.0
2025-05-05,SKU0041,0.0,0.0,14,397.0
2025-05-12,SKU0041,679.0,679.0,14,397.0
2025-05-19,SKU0041,463.0,0.0,14,397.0
2025-05-26,SKU0041,298.0,660.0,14,397.0
2025-06-02,SKU0041,81.0,0.0,14,397.0
2025-06-09,SKU0041,781.0,781.0,14,397.0
2025-06-16,SKU0041,553.0,0.0,14,397.0
2025-06-23,SKU0041,287.0,740.0,14,397.0
2025-06-30,SKU0041,58.0,782.0,14,397.0
2025-07-07,SKU0041,0.0,640.0,14,397.0
2025-07-14,SKU0041,0.0,0.0,14,397.0
2025-07-21,SKU0041,0.0,490.0,14,397.0
2025-07-28,SKU0041,0.0,0.0,14,397.0
2025-08-04,SKU0041,0.0,0.0,14,397.0
2025-08-11,SKU0041,0.0,0.0,14,397.0
2025-08-18,SKU0041,0.0,0.0,14,397.0
2025-08-25,SKU0041,0.0,0.0,14,397.0
2025-09-01,SKU0041,0.0,535.0,14,397.0
2025-09-08,SKU0041,580.0,580.0,14,397.0
2025-09-15,SKU0041,482.0,0.0,14,397.0
2025-09-22,SKU0041,392.0,,14,397.0
2025-09-29,SKU0041,292.0,537.0,14,397.0
2025-10-06,SKU0041,202.0,0.0,14,397.0
2025-10-13,SKU0041,99.0,0.0,14,397.0
2025-10-20,SKU0041,0.0,639.0,14,397.0
2025-10-27,SKU0041,0.0,580.0,14,397.0
2025-11-03,SKU0041,0.0,0.0,14,397.0
2025-11-10,SKU0041,0.0,628.0,14,397.0
2025-11-17,SKU0041,0.0,697.0,14,397.0
2025-11-24,SKU0041,0.0,0.0,14,397.0
2025-12-01,SKU0041,0.0,686.0,14,397.0
2025-12-08,SKU0041,0.0,0.0,14,397.0
2025-12-15,SKU0041,0.0,542.0,14,397.0
2025-12-22,SKU0041,0.0,544.0,14,397.0
2024-05-06,SKU0042,377.0,0.0,10,1071.0
2024-05-13,SKU0042,2065.0,2065.0,10,1071.0
2024-05-20,SKU0042,1461.0,0.0,10,1071.0
2024-05-27,SKU0042,2904.0,2021.0,10,1071.0
2024-06-03,SKU0042,2176.0,0.0,10,1071.0
2024-06-10,SKU0042,1500.0,0.0,10,1071.0
2024-06-17,SKU0042,2585.0,1725.0,10,1071.0
2024-06-24,SKU0042,1852.0,0.0,10,1071.0
2024-07-01,SKU0042,1334.0,0.0,10,1071.0
2024-07-08,SKU0042,849.0,0.0,10,1071.0
2024-07-15,SKU0042,373.0,0.0,10,1071.0
2024-07-22,SKU0042,1884.0,1884.0,10,1071.0
2024-07-29,SKU0042,1463.0,0.0,10,1071.0
2024-08-05,SKU0042,1079.0,0.0,10,1071.0
2024-08-12,SKU0042,634.0,0.0,10,1071.0
2024-08-19,SKU0042,169.0,1989.0,10,1071.0
2024-08-26,SKU0042,0.0,1539.0,10,1071.0
2024-09-02,SKU0042,0.0,0.0,10,1071.0
2024-09-09,SKU0042,0.0,0.0,10,1071.0
2024-09-16,SKU0042,0.0,0.0,10,1071.0
2024-09-23,SKU0042,0.0,0.0,10,1071.0
2024-09-30,SKU0042,0.0,0.0,10,1071.0
2024-10-07,SKU0042,0.0,1295.0,10,1071.0
2024-10-14,SKU0042,0.0,1638.0,10,1071.0
2024-10-21,SKU0042,0.0,1614.0,10,1071.0
2024-10-28,SKU0042,1541.0,1541.0,10,1071.0
2024-11-04,SKU0042,1113.0,0.0,10,1071.0
2024-11-11,SKU0042,2021.0,1338.0,10,1071.0
2024-11-18,SKU0042,1535.0,0.0,10,1071.0
2024-11-25,SKU0042,1099.0,0.0,10,1071.0
2024-12-02,SKU0042,559.0,0.0,10,1071.0
2024-12-09,SKU0042,36.0,0.0,10,1071.0
2024-12-16,SKU0042,1898.0,1898.0,10,1071.0
2024-12-23,SKU0042,1366.0,0.0,10,1071.0
2024-12-30,SKU0042,847.0,0.0,10,1071.0
2025-01-06,SKU0042,2045.0,1692.0,10,1071.0
2025-01-13,SKU0042,1530.0,0.0,10,1071.0
2025-01-20,SKU0042,968.0,1816.0,10,1071.0
2025-01-27,SKU0042,294.0,0.0,10,1071.0
2025-02-03,SKU0042,0.0,,10,1071.0
2025-02-10,SKU0042,0.0,0.0,10,1071.0
2025-02-17,SKU0042,0.0,2123.0,10,1071.0
2025-02-24,SKU0042,0.0,1552.0,10,1071.0
2025-03-03,SKU0042,0.0,0.0,10,1071.0
2025-03-10,SKU0042,0.0,1526.0,10,1071.0
2025-03-17,SKU0042,0.0,1997.0,10,1071.0
2025-03-24,SKU0042,0.0,1660.0,10,1071.0
2025-03-31,SKU0042,1477.0,1477.0,10,1071.0
2025-04-07,SKU0042,758.0,0.0,10,1071.0
2025-04-14,SKU0042,0.0,,10,1071.0
2025-04-21,SKU0042,0.0,1908.0,10,1071.0
2025-04-28,SKU0042,0.0,1988.0,10,1071.0
2025-05-05,SKU0042,0.0,1587.0,10,1071.0
2025-05-12,SKU0042,0.0,1545.0,10,1071.0
2025-05-19,SKU0042,0.0,1856.0,10,1071.0
2025-05-26,SKU0042,2046.0,,10,1071.0
2025-06-02,SKU0042,1146.0,0.0,10,1071.0
2025-06-09,SKU0042,348.0,0.0,10,1071.0
2025-06-16,SKU0042,0.0,0.0,10,1071.0
2025-06-23,SKU0042,0.0,0.0,10,1071.0
2025-06-30,SKU0042,1646.0,1646.0,10,1071.0
2025-07-07,SKU0042,1006.0,1935.0,10,1071.0
2025-07-14,SKU0042,499.0,1830.0,10,1071.0
2025-07-21,SKU0042,0.0,1301.0,10,1071.0
2025-07-28,SKU0042,0.0,0.0,10,1071.0
2025-08-04,SKU0042,0.0,1354.0,10,1071.0
2025-08-11,SKU0042,0.0,1828.0,10,1071.0
2025-08-18,SKU0042,2021.0,2021.0,10,1071.0
2025-08-25,SKU0042,1533.0,0.0,10,1071.0
2025-09-01,SKU0042,2843.0,1788.0,10,1071.0
2025-09-08,SKU0042,2438.0,0.0,10,1071.0
2025-09-15,SKU0042,2043.0,0.0,10,1071.0
2025-09-22,SKU0042,1575.0,0.0,10,1071.0
2025-09-29,SKU0042,1109.0,0.0,10,1071.0
2025-10-06,SKU0042,661.0,0.0,10,1071.0
2025-10-13,SKU0042,219.0,1731.0,10,1071.0
2025-10-20,SKU0042,0.0,0.0,10,1071.0
2025-10-27,SKU0042,0.0,0.0,10,1071.0
2025-11-03,SKU0042,0.0,0.0,10,1071.0
2025-11-10,SKU0042,0.0,1891.0,10,1071.0
2025-11-17,SKU0042,0.0,1443.0,10,1071.0
2025-11-24,SKU0042,0.0,1856.0,10,1071.0
2025-12-01,SKU0042,1392.0,1392.0,10,1071.0
2025-12-08,SKU0042,857.0,0.0,10,1071.0
2025-12-15,SKU0042,166.0,1547.0,10,1071.0
2025-12-22,SKU0042,0.0,1957.0,10,1071.0
2024-10-28,SKU0043,89.0,0.0,14,138.0
2024-11-04,SKU0043,31.0,0.0,14,138.0
2024-11-11,SKU0043,0.0,232.0,14,138.0
2024-11-18,SKU0043,0.0,0.0,14,138.0
2024-11-25,SKU0043,221.0,221.0,14,138.0
2024-12-02,SKU0043,164.0,0.0,14,138.0
2024-12-09,SKU0043,350.0,245.0,14,138.0
2024-12-16,SKU0043,282.0,0.0,14,138.0
2024-12-23,SKU0043,219.0,0.0,14,138.0
2024-12-30,SKU0043,159.0,0.0,14,138.0
2025-01-06,SKU0043,357.0,262.0,14,138.0
2025-01-13,SKU0043,299.0,0.0,14,138.0
2025-01-20,SKU0043,215.0,0.0,14,138.0
2025-01-27,SKU0043,120.0,0.0,14,138.0
2025-02-03,SKU0043,29.0,0.0,14,138.0
2025-02-10,SKU0043,0.0,0.0,14,138.0
2025-02-17,SKU0043,0.0,0.0,14,138.0
2025-02-24,SKU0043,0.0,229.0,14,138.0
2025-03-03,SKU0043,0.0,0.0,14,138.0
2025-03-10,SKU0043,0.0,237.0,14,138.0
2025-03-17,SKU0043,0.0,179.0,14,138.0
2025-03-24,SKU0043,0.0,203.0,14,138.0
2025-03-31,SKU0043,0.0,0.0,14,138.0
2025-04-07,SKU0043,0.0,246.0,14,138.0
2025-04-14,SKU0043,0.0,0.0,14,138.0
2025-04-21,SKU0043,201.0,201.0,14,138.0
2025-04-28,SKU0043,145.0,0.0,14,138.0
2025-05-05,SKU0043,75.0,190.0,14,138.0
2025-05-12,SKU0043,231.0,231.0,14,138.0
2025-05-19,SKU0043,168.0,0.0,14,138.0
2025-05-26,SKU0043,108.0,0.0,14,138.0
2025-06-02,SKU0043,49.0,232.0,14,138.0
2025-06-09,SKU0043,0.0,205.0,14,138.0
2025-06-16,SKU0043,0.0,224.0,14,138.0
2025-06-23,SKU0043,0.0,192.0,14,138.0
2025-06-30,SKU0043,0.0,262.0,14,138.0
2025-07-07,SKU0043,199.0,199.0,14,138.0
2025-07-14,SKU0043,148.0,0.0,14,138.0
2025-07-21,SKU0043,111.0,180.0,14,138.0
2025-07-28,SKU0043,66.0,216.0,14,138.0
2025-08-04,SKU0043,30.0,178.0,14,138.0
2025-08-11,SKU0043,0.0,195.0,14,138.0
2025-08-18,SKU0043,263.0,263.0,14,138.0
2025-08-25,SKU0043,232.0,0.0,14,138.0
2025-09-01,SKU0043,200.0,0.0,14,138.0
2025-09-08,SKU0043,170.0,0.0,14,138.0
2025-09-15,SKU0043,135.0,0.0,14,138.0
2025-09-22,SKU0043,102.0,261.0,14,138.0
2025-09-29,SKU0043,64.0,228.0,14,138.0
2025-10-06,SKU0043,30.0,0.0,14,138.0
2025-10-13,SKU0043,0.0,269.0,14,138.0
2025-10-20,SKU0043,0.0,186.0,14,138.0
2025-10-27,SKU0043,0.0,208.0,14,138.0
2025-11-03,SKU0043,0.0,0.0,14,138.0
2025-11-10,SKU0043,0.0,0.0,14,138.0
2025-11-17,SKU0043,0.0,198.0,14,138.0
2025-11-24,SKU0043,0.0,182.0,14,138.0
2025-12-01,SKU0043,0.0,194.0,14,138.0
2025-12-08,SKU0043,239.0,239.0,14,138.0
2025-12-15,SKU0043,197.0,0.0,14,138.0
2025-12-22,SKU0043,163.0,0.0,14,138.0
2024-03-25,SKU0044,125.0,0.0,7,93.0
2024-04-01,SKU0044,190.0,169.0,7,93.0
2024-04-08,SKU0044,108.0,0.0,7,93.0
2024-04-15,SKU0044,25.0,0.0,7,93.0
2024-04-22,SKU0044,0.0,179.0,7,93.0
2024-04-29,SKU0044,0.0,163.0,7,93.0
2024-05-06,SKU0044,0.0,0.0,7,93.0
2024-05-13,SKU0044,0.0,137.0,7,93.0
2024-05-20,SKU0044,0.0,0.0,7,93.0
2024-05-27,SKU0044,0.0,0.0,7,93.0
2024-06-03,SKU0044,171.0,171.0,7,93.0
2024-06-10,SKU0044,93.0,0.0,7,93.0
2024-06-17,SKU0044,187.0,168.0,7,93.0
2024-06-24,SKU0044,107.0,0.0,7,93.0
2024-07-01,SKU0044,36.0,124.0,7,93.0
2024-07-08,SKU0044,0.0,155.0,7,93.0
2024-07-15,SKU0044,0.0,132.0,7,93.0
2024-07-22,SKU0044,0.0,128.0,7,93.0
2024-07-29,SKU0044,0.0,0.0,7,93.0
2024-08-05,SKU0044,121.0,121.0,7,93.0
2024-08-12,SKU0044,73.0,155.0,7,93.0
2024-08-19,SKU0044,15.0,160.0,7,93.0
2024-08-26,SKU0044,0.0,166.0,7,93.0
2024-09-02,SKU0044,0.0,0.0,7,93.0
2024-09-09,SKU0044,0.0,145.0,7,93.0
2024-09-16,SKU0044,0.0,0.0,7,93.0
2024-09-23,SKU0044,0.0,141.0,7,93.0
2024-09-30,SKU0044,0.0,168.0,7,93.0
2024-10-07,SKU0044,127.0,127.0,7,93.0
2024-10-14,SKU0044,86.0,117.0,7,93.0
2024-10-21,SKU0044,30.0,0.0,7,93.0
2024-10-28,SKU0044,180.0,180.0,7,93.0
2024-11-04,SKU0044,114.0,,7,93.0
2024-11-11,SKU0044,40.0,0.0,7,93.0
2024-11-18,SKU0044,0.0,0.0,7,93.0
2024-11-25,SKU0044,130.0,130.0,7,93.0
2024-12-02,SKU0044,69.0,177.0,7,93.0
2024-12-09,SKU0044,8.0,0.0,7,93.0
2024-12-16,SKU0044,118.0,118.0,7,93.0
2024-12-23,SKU0044,64.0,0.0,7,93.0
2024-12-30,SKU0044,173.0,173.0,7,93.0
2025-01-06,SKU0044,118.0,0.0,7,93.0
2025-01-13,SKU0044,50.0,0.0,7,93.0
2025-01-20,SKU0044,0.0,0.0,7,93.0
2025-01-27,SKU0044,0.0,124.0,7,93.0
2025-02-03,SKU0044,0.0,145.0,7,93.0
2025-02-10,SKU0044,123.0,123.0,7,93.0
2025-02-17,SKU0044,166.0,139.0,7,93.0
2025-02-24,SKU0044,74.0,149.0,7,93.0
2025-03-03,SKU0044,0.0,183.0,7,93.0
2025-03-10,SKU0044,129.0,129.0,7,93.0
2025-03-17,SKU0044,43.0,122.0,7,93.0
2025-03-24,SKU0044,0.0,0.0,7,93.0
2025-03-31,SKU0044,164.0,164.0,7,93.0
2025-04-07,SKU0044,66.0,0.0,7,93.0
2025-04-14,SKU0044,0.0,0.0,7,93.0
2025-04-21,SKU0044,0.0,183.0,7,93.0
2025-04-28,SKU0044,0.0,0.0,7,93.0
2025-05-05,SKU0044,0.0,124.0,7,93.0
2025-05-12,SKU0044,0.0,0.0,7,93.0
2025-05-19,SKU0044,162.0,162.0,7,93.0
2025-05-26,SKU0044,87.0,0.0,7,93.0
2025-06-02,SKU0044,0.0,147.0,7,93.0
2025-06-09,SKU0044,0.0,136.0,7,93.0
2025-06-16,SKU0044,0.0,0.0,7,93.0
2025-06-23,SKU0044,0.0,0.0,7,93.0
2025-06-30,SKU0044,149.0,149.0,7,93.0
2025-07-07,SKU0044,202.0,145.0,7,93.0
2025-07-14,SKU0044,116.0,0.0,7,93.0
2025-07-21,SKU0044,43.0,159.0,7,93.0
2025-07-28,SKU0044,147.0,147.0,7,93.0
2025-08-04,SKU0044,80.0,0.0,7,93.0
2025-08-11,SKU0044,19.0,,7,93.0
2025-08-18,SKU0044,0.0,115.0,7,93.0
2025-08-25,SKU0044,0.0,0.0,7,93.0
2025-09-01,SKU0044,0.0,136.0,7,93.0
2025-09-08,SKU0044,0.0,0.0,7,93.0
2025-09-15,SKU0044,119.0,119.0,7,93.0
2025-09-22,SKU0044,76.0,0.0,7,93.0
2025-09-29,SKU0044,35.0,0.0,7,93.0
2025-10-06,SKU0044,0.0,174.0,7,93.0
2025-10-13,SKU0044,144.0,144.0,7,93.0
2025-10-20,SKU0044,91.0,0.0,7,93.0
2025-10-27,SKU0044,38.0,0.0,7,93.0
2025-11-03,SKU0044,0.0,175.0,7,93.0
2025-11-10,SKU0044,155.0,155.0,7,93.0
2025-11-17,SKU0044,92.0,164.0,7,93.0
2025-11-24,SKU0044,31.0,0.0,7,93.0
2025-12-01,SKU0044,0.0,0.0,7,93.0
2025-12-08,SKU0044,0.0,0.0,7,93.0
2025-12-15,SKU0044,0.0,0.0,7,93.0
2025-12-22,SKU0044,179.0,179.0,7,93.0
2024-04-01,SKU0045,268.0,,10,714.0
2024-04-08,SKU0045,1386.0,1386.0,10,714.0
2024-04-15,SKU0045,968.0,0.0,10,714.0
2024-04-22,SKU0045,499.0,942.0,10,714.0
2024-04-29,SKU0045,12.0,0.0,10,714.0
2024-05-06,SKU0045,0.0,0.0,10,714.0
2024-05-13,SKU0045,0.0,1221.0,10,714.0
2024-05-20,SKU0045,0.0,0.0,10,714.0
2024-05-27,SKU0045,0.0,884.0,10,714.0
2024-06-03,SKU0045,943.0,943.0,10,714.0
2024-06-10,SKU0045,1431.0,1065.0,10,714.0
2024-06-17,SKU0045,978.0,0.0,10,714.0
2024-06-24,SKU0045,435.0,0.0,10,714.0
2024-07-01,SKU0045,1228.0,1228.0,10,714.0
2024-07-08,SKU0045,923.0,0.0,10,714.0
2024-07-15,SKU0045,638.0,1280.0,10,714.0
2024-07-22,SKU0045,367.0,1112.0,10,714.0
2024-07-29,SKU0045,1245.0,1147.0,10,714.0
2024-08-05,SKU0045,970.0,0.0,10,714.0
2024-08-12,SKU0045,724.0,0.0,10,714.0
2024-08-19,SKU0045,424.0,0.0,10,714.0
2024-08-26,SKU0045,125.0,0.0,10,714.0
2024-09-02,SKU0045,1351.0,1351.0,10,714.0
2024-09-09,SKU0045,1098.0,0.0,10,714.0
2024-09-16,SKU0045,841.0,0.0,10,714.0
2024-09-23,SKU0045,607.0,0.0,10,714.0
2024-09-30,SKU0045,425.0,935.0,10,714.0
2024-10-07,SKU0045,234.0,1384.0,10,714.0
2024-10-14,SKU0045,18.0,1139.0,10,714.0
2024-10-21,SKU0045,0.0,1385.0,10,714.0
2024-10-28,SKU0045,0.0,1143.0,10,714.0
2024-11-04,SKU0045,0.0,0.0,10,714.0
2024-11-11,SKU0045,0.0,0.0,10,714.0
2024-11-18,SKU0045,0.0,1380.0,10,714.0
2024-11-25,SKU0045,0.0,0.0,10,714.0
2024-12-02,SKU0045,0.0,0.0,10,714.0
2024-12-09,SKU0045,0.0,1015.0,10,714.0
2024-12-16,SKU0045,0.0,0.0,10,714.0
2024-12-23,SKU0045,0.0,0.0,10,714.0
2024-12-30,SKU0045,0.0,0.0,10,714.0
2025-01-06,SKU0045,0.0,0.0,10,714.0
2025-01-13,SKU0045,0.0,950.0,10,714.0
2025-01-20,SKU0045,0.0,0.0,10,714.0
2025-01-27,SKU0045,0.0,1379.0,10,714.0
2025-02-03,SKU0045,1086.0,1086.0,10,714.0
2025-02-10,SKU0045,521.0,0.0,10,714.0
2025-02-17,SKU0045,88.0,0.0,10,714.0
2025-02-24,SKU0045,0.0,0.0,10,714.0
2025-03-03,SKU0045,0.0,938.0,10,714.0
2025-03-10,SKU0045,0.0,0.0,10,714.0
2025-03-17,SKU0045,0.0,0.0,10,714.0
2025-03-24,SKU0045,0.0,0.0,10,714.0
2025-03-31,SKU0045,0.0,972.0,10,714.0
2025-04-07,SKU0045,0.0,1288.0,10,714.0
2025-04-14,SKU0045,0.0,1386.0,10,714.0
2025-04-21,SKU0045,1081.0,1081.0,10,714.0
2025-04-28,SKU0045,625.0,0.0,10,714.0
2025-05-05,SKU0045,113.0,974.0,10,714.0
2025-05-12,SKU0045,0.0,0.0,10,714.0
2025-05-19,SKU0045,1419.0,1419.0,10,714.0
2025-05-26,SKU0045,897.0,0.0,10,714.0
2025-06-02,SKU0045,283.0,865.0,10,714.0
2025-06-09,SKU0045,1041.0,1041.0,10,714.0
2025-06-16,SKU0045,416.0,1399.0,10,714.0
2025-06-23,SKU0045,0.0,1350.0,10,714.0
2025-06-30,SKU0045,0.0,1205.0,10,714.0
2025-07-07,SKU0045,0.0,961.0,10,714.0
2025-07-14,SKU0045,0.0,947.0,10,714.0
2025-07-21,SKU0045,0.0,0.0,10,714.0
2025-07-28,SKU0045,0.0,1348.0,10,714.0
2025-08-04,SKU0045,0.0,0.0,10,714.0
2025-08-11,SKU0045,0.0,0.0,10,714.0
2025-08-18,SKU0045,0.0,0.0,10,714.0
2025-08-25,SKU0045,0.0,0.0,10,714.0
2025-09-01,SKU0045,1327.0,1327.0,10,714.0
2025-09-08,SKU0045,1032.0,0.0,10,714.0
2025-09-15,SKU0045,696.0,1043.0,10,714.0
2025-09-22,SKU0045,400.0,990.0,10,714.0
2025-09-29,SKU0045,151.0,1218.0,10,714.0
2025-10-06,SKU0045,0.0,971.0,10,714.0
2025-10-13,SKU0045,0.0,1277.0,10,714.0
2025-10-20,SKU0045,0.0,0.0,10,714.0
2025-10-27,SKU0045,0.0,0.0,10,714.0
2025-11-03,SKU0045,0.0,1304.0,10,714.0
2025-11-10,SKU0045,0.0,0.0,10,714.0
2025-11-17,SKU0045,0.0,0.0,10,714.0
2025-11-24,SKU0045,0.0,0.0,10,714.0
2025-12-01,SKU0045,0.0,0.0,10,714.0
2025-12-08,SKU0045,0.0,0.0,10,714.0
2025-12-15,SKU0045,0.0,1303.0,10,714.0
2025-12-22,SKU0045,0.0,1060.0,10,714.0
2024-09-09,SKU0046,536.0,0.0,10,442.0
2024-09-16,SKU0046,353.0,0.0,10,442.0
2024-09-23,SKU0046,168.0,633.0,10,442.0
2024-09-30,SKU0046,4.0,734.0,10,442.0
2024-10-07,SKU0046,697.0,697.0,10,442.0
2024-10-14,SKU0046,577.0,0.0,10,442.0
2024-10-21,SKU0046,450.0,0.0,10,442.0
2024-10-28,SKU0046,268.0,0.0,10,442.0
2024-11-04,SKU0046,66.0,0.0,10,442.0
2024-11-11,SKU0046,0.0,645.0,10,442.0
2024-11-18,SKU0046,0.0,668.0,10,442.0
2024-11-25,SKU0046,0.0,0.0,10,442.0
2024-12-02,SKU0046,0.0,0.0,10,442.0
2024-12-09,SKU0046,0.0,0.0,10,442.0
2024-12-16,SKU0046,0.0,0.0,10,442.0
2024-12-23,SKU0046,0.0,835.0,10,442.0
2024-12-30,SKU0046,0.0,0.0,10,442.0
2025-01-06,SKU0046,827.0,827.0,10,442.0
2025-01-13,SKU0046,607.0,0.0,10,442.0
2025-01-20,SKU0046,345.0,0.0,10,442.0
2025-01-27,SKU0046,0.0,0.0,10,442.0
2025-02-03,SKU0046,0.0,0.0,10,442.0
2025-02-10,SKU0046,0.0,0.0,10,442.0
2025-02-17,SKU0046,0.0,0.0,10,442.0
2025-02-24,SKU0046,0.0,631.0,10,442.0
2025-03-03,SKU0046,0.0,0.0,10,442.0
2025-03-10,SKU0046,0.0,664.0,10,442.0
2025-03-17,SKU0046,0.0,728.0,10,442.0
2025-03-24,SKU0046,0.0,540.0,10,442.0
2025-03-31,SKU0046,0.0,688.0,10,442.0
2025-04-07,SKU0046,533.0,533.0,10,442.0
2025-04-14,SKU0046,263.0,0.0,10,442.0
2025-04-21,SKU0046,0.0,0.0,10,442.0
2025-04-28,SKU0046,809.0,809.0,10,442.0
2025-05-05,SKU0046,479.0,0.0,10,442.0
2025-05-12,SKU0046,191.0,621.0,10,442.0
2025-05-19,SKU0046,806.0,806.0,10,442.0
2025-05-26,SKU0046,470.0,0.0,10,442.0
2025-06-02,SKU0046,902.0,735.0,10,442.0
2025-06-09,SKU0046,576.0,0.0,10,442.0
2025-06-16,SKU0046,187.0,,10,442.0
2025-06-23,SKU0046,0.0,536.0,10,442.0
2025-06-30,SKU0046,652.0,652.0,10,442.0
2025-07-07,SKU0046,1273.0,863.0,10,442.0
2025-07-14,SKU0046,1050.0,0.0,10,442.0
2025-07-21,SKU0046,798.0,0.0,10,442.0
2025-07-28,SKU0046,576.0,0.0,10,442.0
2025-08-04,SKU0046,1136.0,774.0,10,442.0
2025-08-11,SKU0046,950.0,0.0,10,442.0
2025-08-18,SKU0046,774.0,0.0,10,442.0
2025-08-25,SKU0046,622.0,0.0,10,442.0
2025-09-01,SKU0046,467.0,0.0,10,442.0
2025-09-08,SKU0046,307.0,798.0,10,442.0
2025-09-15,SKU0046,166.0,546.0,10,442.0
2025-09-22,SKU0046,11.0,602.0,10,442.0
2025-09-29,SKU0046,0.0,0.0,10,442.0
2025-10-06,SKU0046,0.0,761.0,10,442.0
2025-10-13,SKU0046,0.0,830.0,10,442.0
2025-10-20,SKU0046,0.0,651.0,10,442.0
2025-10-27,SKU0046,0.0,0.0,10,442.0
2025-11-03,SKU0046,0.0,0.0,10,442.0
2025-11-10,SKU0046,0.0,0.0,10,442.0
2025-11-17,SKU0046,0.0,568.0,10,442.0
2025-11-24,SKU0046,718.0,718.0,10,442.0
2025-12-01,SKU0046,467.0,0.0,10,442.0
2025-12-08,SKU0046,953.0,722.0,10,442.0
2025-12-15,SKU0046,698.0,0.0,10,442.0
2025-12-22,SKU0046,474.0,0.0,10,442.0
2024-05-06,SKU0047,148.0,0.0,10,143.0
2024-05-13,SKU0047,0.0,213.0,10,143.0
2024-05-20,SKU0047,0.0,0.0,10,143.0
2024-05-27,SKU0047,0.0,175.0,10,143.0
2024-06-03,SKU0047,211.0,211.0,10,143.0
2024-06-10,SKU0047,47.0,0.0,10,143.0
2024-06-17,SKU0047,0.0,252.0,10,143.0
2024-06-24,SKU0047,0.0,273.0,10,143.0
2024-07-01,SKU0047,0.0,0.0,10,143.0
2024-07-08,SKU0047,0.0,0.0,10,143.0
2024-07-15,SKU0047,0.0,0.0,10,143.0
2024-07-22,SKU0047,0.0,0.0,10,143.0
2024-07-29,SKU0047,262.0,262.0,10,143.0
2024-08-05,SKU0047,189.0,0.0,10,143.0
2024-08-12,SKU0047,116.0,263.0,10,143.0
2024-08-19,SKU0047,52.0,0.0,10,143.0
2024-08-26,SKU0047,2.0,0.0,10,143.0
2024-09-02,SKU0047,0.0,0.0,10,143.0
2024-09-09,SKU0047,232.0,232.0,10,143.0
2024-09-16,SKU0047,179.0,0.0,10,143.0
2024-09-23,SKU0047,126.0,174.0,10,143.0
2024-09-30,SKU0047,365.0,284.0,10,143.0
2024-10-07,SKU0047,317.0,0.0,10,143.0
2024-10-14,SKU0047,273.0,0.0,10,143.0
2024-10-21,SKU0047,224.0,0.0,10,143.0
2024-10-28,SKU0047,149.0,0.0,10,143.0
2024-11-04,SKU0047,344.0,264.0,10,143.0
2024-11-11,SKU0047,278.0,0.0,10,143.0
2024-11-18,SKU0047,209.0,0.0,10,143.0
2024-11-25,SKU0047,144.0,0.0,10,143.0
2024-12-02,SKU0047,72.0,185.0,10,143.0
2024-12-09,SKU0047,0.0,209.0,10,143.0
2024-12-16,SKU0047,0.0,0.0,10,143.0
2024-12-23,SKU0047,0.0,0.0,10,143.0
2024-12-30,SKU0047,266.0,266.0,10,143.0
2025-01-06,SKU0047,205.0,0.0,10,143.0
2025-01-13,SKU0047,396.0,261.0,10,143.0
2025-01-20,SKU0047,300.0,0.0,10,143.0
2025-01-27,SKU0047,206.0,0.0,10,143.0
2025-02-03,SKU0047,118.0,0.0,10,143.0
2025-02-10,SKU0047,0.0,0.0,10,143.0
2025-02-17,SKU0047,0.0,0.0,10,143.0
2025-02-24,SKU0047,0.0,256.0,10,143.0
2025-03-03,SKU0047,0.0,279.0,10,143.0
2025-03-10,SKU0047,0.0,0.0,10,143.0
2025-03-17,SKU0047,0.0,0.0,10,143.0
2025-03-24,SKU0047,0.0,180.0,10,143.0
2025-03-31,SKU0047,269.0,269.0,10,143.0
2025-04-07,SKU0047,166.0,0.0,10,143.0
2025-04-14,SKU0047,62.0,0.0,10,143.0
2025-04-21,SKU0047,0.0,0.0,10,143.0
2025-04-28,SKU0047,0.0,0.0,10,143.0
2025-05-05,SKU0047,0.0,0.0,10,143.0
2025-05-12,SKU0047,0.0,279.0,10,143.0
2025-05-19,SKU0047,0.0,0.0,10,143.0
2025-05-26,SKU0047,0.0,274.0,10,143.0
2025-06-02,SKU0047,0.0,,10,143.0
2025-06-09,SKU0047,0.0,232.0,10,143.0
2025-06-16,SKU0047,179.0,179.0,10,143.0
2025-06-23,SKU0047,88.0,238.0,10,143.0
2025-06-30,SKU0047,0.0,0.0,10,143.0
2025-07-07,SKU0047,0.0,275.0,10,143.0
2025-07-14,SKU0047,0.0,0.0,10,143.0
2025-07-21,SKU0047,0.0,200.0,10,143.0
2025-07-28,SKU0047,0.0,285.0,10,143.0
2025-08-04,SKU0047,236.0,236.0,10,143.0
2025-08-11,SKU0047,183.0,0.0,10,143.0
2025-08-18,SKU0047,132.0,265.0,10,143.0
2025-08-25,SKU0047,268.0,195.0,10,143.0
2025-09-01,SKU0047,220.0,0.0,10,143.0
2025-09-08,SKU0047,168.0,0.0,10,143.0
2025-09-15,SKU0047,362.0,237.0,10,143.0
2025-09-22,SKU0047,318.0,0.0,10,143.0
2025-09-29,SKU0047,277.0,0.0,10,143.0
2025-10-06,SKU0047,238.0,0.0,10,143.0
2025-10-13,SKU0047,199.0,0.0,10,143.0
2025-10-20,SKU0047,157.0,0.0,10,143.0
2025-10-27,SKU0047,104.0,192.0,10,143.0
2025-11-03,SKU0047,294.0,241.0,10,143.0
2025-11-10,SKU0047,244.0,0.0,10,143.0
2025-11-17,SKU0047,185.0,0.0,10,143.0
2025-11-24,SKU0047,131.0,213.0,10,143.0
2025-12-01,SKU0047,251.0,177.0,10,143.0
2025-12-08,SKU0047,175.0,0.0,10,143.0
2025-12-15,SKU0047,108.0,0.0,10,143.0
2025-12-22,SKU0047,252.0,218.0,10,143.0
2024-02-26,SKU0048,593.0,0.0,7,376.0
2024-03-04,SKU0048,281.0,0.0,7,376.0
2024-03-11,SKU0048,0.0,0.0,7,376.0
2024-03-18,SKU0048,0.0,587.0,7,376.0
2024-03-25,SKU0048,0.0,709.0,7,376.0
2024-04-01,SKU0048,0.0,668.0,7,376.0
2024-04-08,SKU0048,0.0,0.0,7,376.0
2024-04-15,SKU0048,0.0,589.0,7,376.0
2024-04-22,SKU0048,0.0,0.0,7,376.0
2024-04-29,SKU0048,0.0,557.0,7,376.0
2024-05-06,SKU0048,0.0,679.0,7,376.0
2024-05-13,SKU0048,0.0,651.0,7,376.0
2024-05-20,SKU0048,0.0,471.0,7,376.0
2024-05-27,SKU0048,0.0,0.0,7,376.0
2024-06-03,SKU0048,0.0,494.0,7,376.0
2024-06-10,SKU0048,0.0,0.0,7,376.0
2024-06-17,SKU0048,0.0,0.0,7,376.0
2024-06-24,SKU0048,0.0,0.0,7,376.0
2024-07-01,SKU0048,0.0,714.0,7,376.0
2024-07-08,SKU0048,0.0,518.0,7,376.0
2024-07-15,SKU0048,0.0,638.0,7,376.0
2024-07-22,SKU0048,0.0,0.0,7,376.0
2024-07-29,SKU0048,0.0,480.0,7,376.0
2024-08-05,SKU0048,0.0,0.0,7,376.0
2024-08-12,SKU0048,0.0,0.0,7,376.0
2024-08-19,SKU0048,0.0,524.0,7,376.0
2024-08-26,SKU0048,0.0,0.0,7,376.0
2024-09-02,SKU0048,0.0,0.0,7,376.0
2024-09-09,SKU0048,0.0,614.0,7,376.0
2024-09-16,SKU0048,640.0,640.0,7,376.0
2024-09-23,SKU0048,471.0,0.0,7,376.0
2024-09-30,SKU0048,785.0,454.0,7,376.0
2024-10-07,SKU0048,625.0,0.0,7,376.0
2024-10-14,SKU0048,446.0,0.0,7,376.0
2024-10-21,SKU0048,287.0,0.0,7,376.0
2024-10-28,SKU0048,75.0,588.0,7,376.0
2024-11-04,SKU0048,0.0,512.0,7,376.0
2024-11-11,SKU0048,0.0,0.0,7,376.0
2024-11-18,SKU0048,720.0,720.0,7,376.0
2024-11-25,SKU0048,501.0,0.0,7,376.0
2024-12-02,SKU0048,269.0,0.0,7,376.0
2024-12-09,SKU0048,44.0,0.0,7,376.0
2024-12-16,SKU0048,0.0,0.0,7,376.0
2024-12-23,SKU0048,0.0,0.0,7,376.0
2024-12-30,SKU0048,743.0,743.0,7,376.0
2025-01-06,SKU0048,452.0,0.0,7,376.0
2025-01-13,SKU0048,150.0,0.0,7,376.0
2025-01-20,SKU0048,0.0,0.0,7,376.0
2025-01-27,SKU0048,0.0,,7,376.0
2025-02-03,SKU0048,511.0,511.0,7,376.0
2025-02-10,SKU0048,140.0,613.0,7,376.0
2025-02-17,SKU0048,617.0,617.0,7,376.0
2025-02-24,SKU0048,250.0,695.0,7,376.0
2025-03-03,SKU0048,699.0,699.0,7,376.0
2025-03-10,SKU0048,351.0,643.0,7,376.0
2025-03-17,SKU0048,34.0,452.0,7,376.0
2025-03-24,SKU0048,636.0,636.0,7,376.0
2025-03-31,SKU0048,919.0,694.0,7,376.0
2025-04-07,SKU0048,499.0,0.0,7,376.0
2025-04-14,SKU0048,162.0,609.0,7,376.0
2025-04-21,SKU0048,0.0,0.0,7,376.0
2025-04-28,SKU0048,0.0,610.0,7,376.0
2025-05-05,SKU0048,500.0,500.0,7,376.0
2025-05-12,SKU0048,78.0,488.0,7,376.0
2025-05-19,SKU0048,486.0,486.0,7,376.0
2025-05-26,SKU0048,158.0,0.0,7,376.0
2025-06-02,SKU0048,688.0,688.0,7,376.0
2025-06-09,SKU0048,272.0,0.0,7,376.0
2025-06-16,SKU0048,0.0,453.0,7,376.0
2025-06-23,SKU0048,0.0,0.0,7,376.0
2025-06-30,SKU0048,0.0,534.0,7,376.0
2025-07-07,SKU0048,0.0,0.0,7,376.0
2025-07-14,SKU0048,0.0,0.0,7,376.0
2025-07-21,SKU0048,0.0,,7,376.0
2025-07-28,SKU0048,0.0,711.0,7,376.0
2025-08-04,SKU0048,0.0,644.0,7,376.0
2025-08-11,SKU0048,0.0,0.0,7,376.0
2025-08-18,SKU0048,0.0,726.0,7,376.0
2025-08-25,SKU0048,0.0,0.0,7,376.0
2025-09-01,SKU0048,0.0,659.0,7,376.0
2025-09-08,SKU0048,0.0,673.0,7,376.0
2025-09-15,SKU0048,0.0,0.0,7,376.0
2025-09-22,SKU0048,501.0,501.0,7,376.0
2025-09-29,SKU0048,331.0,671.0,7,376.0
2025-10-06,SKU0048,124.0,743.0,7,376.0
2025-10-13,SKU0048,504.0,,7,376.0
2025-10-20,SKU0048,323.0,485.0,7,376.0
2025-10-27,SKU0048,83.0,0.0,7,376.0
2025-11-03,SKU0048,0.0,0.0,7,376.0
2025-11-10,SKU0048,544.0,544.0,7,376.0
2025-11-17,SKU0048,908.0,625.0,7,376.0
2025-11-24,SKU0048,637.0,0.0,7,376.0
2025-12-01,SKU0048,328.0,656.0,7,376.0
2025-12-08,SKU0048,0.0,711.0,7,376.0
2025-12-15,SKU0048,0.0,0.0,7,376.0
2025-12-22,SKU0048,0.0,0.0,7,376.0
2025-03-31,SKU0049,305.0,0.0,10,356.0
2025-04-07,SKU0049,101.0,525.0,10,356.0
2025-04-14,SKU0049,0.0,447.0,10,356.0
2025-04-21,SKU0049,0.0,0.0,10,356.0
2025-04-28,SKU0049,0.0,0.0,10,356.0
2025-05-05,SKU0049,0.0,435.0,10,356.0
2025-05-12,SKU0049,0.0,0.0,10,356.0
2025-05-19,SKU0049,0.0,673.0,10,356.0
2025-05-26,SKU0049,0.0,581.0,10,356.0
2025-06-02,SKU0049,0.0,694.0,10,356.0
2025-06-09,SKU0049,0.0,466.0,10,356.0
2025-06-16,SKU0049,0.0,0.0,10,356.0
2025-06-23,SKU0049,0.0,700.0,10,356.0
2025-06-30,SKU0049,0.0,0.0,10,356.0
2025-07-07,SKU0049,0.0,694.0,10,356.0
2025-07-14,SKU0049,0.0,0.0,10,356.0
2025-07-21,SKU0049,0.0,0.0,10,356.0
2025-07-28,SKU0049,0.0,0.0,10,356.0
2025-08-04,SKU0049,0.0,0.0,10,356.0
2025-08-11,SKU0049,649.0,649.0,10,356.0
2025-08-18,SKU0049,505.0,0.0,10,356.0
2025-08-25,SKU0049,366.0,0.0,10,356.0
2025-09-01,SKU0049,746.0,529.0,10,356.0
2025-09-08,SKU0049,615.0,0.0,10,356.0
2025-09-15,SKU0049,482.0,0.0,10,356.0
2025-09-22,SKU0049,357.0,0.0,10,356.0
2025-09-29,SKU0049,896.0,680.0,10,356.0
2025-10-06,SKU0049,781.0,0.0,10,356.0
2025-10-13,SKU0049,650.0,0.0,10,356.0
2025-10-20,SKU0049,497.0,0.0,10,356.0
2025-10-27,SKU0049,1039.0,702.0,10,356.0
2025-11-03,SKU0049,875.0,0.0,10,356.0
2025-11-10,SKU0049,712.0,0.0,10,356.0
2025-11-17,SKU0049,527.0,0.0,10,356.0
2025-11-24,SKU0049,384.0,0.0,10,356.0
2025-12-01,SKU0049,215.0,512.0,10,356.0
2025-12-08,SKU0049,70.0,607.0,10,356.0
2025-12-15,SKU0049,0.0,0.0,10,356.0
2025-12-22,SKU0049,0.0,,10,356.0
2024-03-11,SKU0050,102.0,1103.0,10,872.0
2024-03-18,SKU0050,0.0,1102.0,10,872.0
2024-03-25,SKU0050,0.0,0.0,10,872.0
2024-04-01,SKU0050,0.0,0.0,10,872.0
2024-04-08,SKU0050,0.0,0.0,10,872.0
2024-04-15,SKU0050,0.0,0.0,10,872.0
2024-04-22,SKU0050,0.0,1443.0,10,872.0
2024-04-29,SKU0050,0.0,1146.0,10,872.0
2024-05-06,SKU0050,0.0,1298.0,10,872.0
2024-05-13,SKU0050,0.0,0.0,10,872.0
2024-05-20,SKU0050,0.0,0.0,10,872.0
2024-05-27,SKU0050,0.0,1098.0,10,872.0
2024-06-03,SKU0050,0.0,1082.0,10,872.0
2024-06-10,SKU0050,0.0,0.0,10,872.0
2024-06-17,SKU0050,0.0,1684.0,10,872.0
2024-06-24,SKU0050,0.0,1617.0,10,872.0
2024-07-01,SKU0050,0.0,0.0,10,872.0
2024-07-08,SKU0050,0.0,0.0,10,872.0
2024-07-15,SKU0050,0.0,1226.0,10,872.0
2024-07-22,SKU0050,0.0,1494.0,10,872.0
2024-07-29,SKU0050,1430.0,1430.0,10,872.0
2024-08-05,SKU0050,1027.0,0.0,10,872.0
2024-08-12,SKU0050,718.0,1096.0,10,872.0
2024-08-19,SKU0050,1741.0,1329.0,10,872.0
2024-08-26,SKU0050,1374.0,0.0,10,872.0
2024-09-02,SKU0050,1099.0,0.0,10,872.0
2024-09-09,SKU0050,764.0,1643.0,10,872.0
2024-09-16,SKU0050,492.0,0.0,10,872.0
2024-09-23,SKU0050,191.0,1267.0,10,872.0
2024-09-30,SKU0050,0.0,1059.0,10,872.0
2024-10-07,SKU0050,0.0,0.0,10,872.0
2024-10-14,SKU0050,0.0,0.0,10,872.0
2024-10-21,SKU0050,0.0,0.0,10,872.0
2024-10-28,SKU0050,0.0,1576.0,10,872.0
2024-11-04,SKU0050,0.0,1689.0,10,872.0
2024-11-11,SKU0050,0.0,0.0,10,872.0
2024-11-18,SKU0050,0.0,0.0,10,872.0
2024-11-25,SKU0050,0.0,0.0,10,872.0
2024-12-02,SKU0050,0.0,1692.0,10,872.0
2024-12-09,SKU0050,0.0,1584.0,10,872.0
2024-12-16,SKU0050,0.0,1633.0,10,872.0
2024-12-23,SKU0050,0.0,1239.0,10,872.0
2024-12-30,SKU0050,1183.0,1183.0,10,872.0
2025-01-06,SKU0050,2494.0,1704.0,10,872.0
2025-01-13,SKU0050,2040.0,0.0,10,872.0
2025-01-20,SKU0050,1411.0,0.0,10,872.0
2025-01-27,SKU0050,781.0,0.0,10,872.0
2025-02-03,SKU0050,92.0,0.0,10,872.0
2025-02-10,SKU0050,0.0,0.0,10,872.0
2025-02-17,SKU0050,0.0,0.0,10,872.0
2025-02-24,SKU0050,0.0,1545.0,10,872.0
2025-03-03,SKU0050,0.0,1717.0,10,872.0
2025-03-10,SKU0050,0.0,0.0,10,872.0
2025-03-17,SKU0050,0.0,1662.0,10,872.0
2025-03-24,SKU0050,0.0,0.0,10,872.0
2025-03-31,SKU0050,0.0,0.0,10,872.0
2025-04-07,SKU0050,0.0,1335.0,10,872.0
2025-04-14,SKU0050,0.0,1478.0,10,872.0
2025-04-21,SKU0050,0.0,0.0,10,872.0
2025-04-28,SKU0050,0.0,0.0,10,872.0
2025-05-05,SKU0050,0.0,0.0,10,872.0
2025-05-12,SKU0050,0.0,0.0,10,872.0
2025-05-19,SKU0050,0.0,1109.0,10,872.0
2025-05-26,SKU0050,1320.0,1320.0,10,872.0
2025-06-02,SKU0050,660.0,0.0,10,872.0
2025-06-09,SKU0050,0.0,0.0,10,872.0
2025-06-16,SKU0050,0.0,1174.0,10,872.0
2025-06-23,SKU0050,0.0,0.0,10,872.0
2025-06-30,SKU0050,1463.0,1463.0,10,872.0
2025-07-07,SKU0050,965.0,0.0,10,872.0
2025-07-14,SKU0050,2100.0,1582.0,10,872.0
2025-07-21,SKU0050,1730.0,0.0,10,872.0
2025-07-28,SKU0050,1293.0,0.0,10,872.0
2025-08-04,SKU0050,933.0,0.0,10,872.0
2025-08-11,SKU0050,600.0,1183.0,10,872.0
2025-08-18,SKU0050,279.0,0.0,10,872.0
2025-08-25,SKU0050,0.0,1633.0,10,872.0
2025-09-01,SKU0050,0.0,0.0,10,872.0
2025-09-08,SKU0050,1109.0,1109.0,10,872.0
2025-09-15,SKU0050,841.0,1552.0,10,872.0
2025-09-22,SKU0050,554.0,1386.0,10,872.0
2025-09-29,SKU0050,227.0,0.0,10,872.0
2025-10-06,SKU0050,0.0,1360.0,10,872.0
2025-10-13,SKU0050,0.0,0.0,10,872.0
2025-10-20,SKU0050,0.0,0.0,10,872.0
2025-10-27,SKU0050,0.0,0.0,10,872.0
2025-11-03,SKU0050,0.0,,10,872.0
2025-11-10,SKU0050,0.0,1328.0,10,872.0
2025-11-17,SKU0050,0.0,0.0,10,872.0
2025-11-24,SKU0050,0.0,1347.0,10,872.0
2025-12-01,SKU0050,1560.0,1560.0,10,872.0
2025-12-08,SKU0050,1010.0,0.0,10,872.0
2025-12-15,SKU0050,469.0,1401.0,10,872.0
2025-12-22,SKU0050,0.0,1101.0,10,872.0
2024-11-18,SKU0051,157.0,0.0,14,134.0
2024-11-25,SKU0051,122.0,0.0,14,134.0
2024-12-02,SKU0051,339.0,258.0,14,134.0
2024-12-09,SKU0051,297.0,0.0,14,134.0
2024-12-16,SKU0051,251.0,0.0,14,134.0
2024-12-23,SKU0051,211.0,0.0,14,134.0
2024-12-30,SKU0051,167.0,0.0,14,134.0
2025-01-06,SKU0051,123.0,267.0,14,134.0
2025-01-13,SKU0051,289.0,211.0,14,134.0
2025-01-20,SKU0051,232.0,0.0,14,134.0
2025-01-27,SKU0051,167.0,0.0,14,134.0
2025-02-03,SKU0051,97.0,211.0,14,134.0
2025-02-10,SKU0051,19.0,0.0,14,134.0
2025-02-17,SKU0051,0.0,0.0,14,134.0
2025-02-24,SKU0051,0.0,265.0,14,134.0
2025-03-03,SKU0051,262.0,262.0,14,134.0
2025-03-10,SKU0051,203.0,0.0,14,134.0
2025-03-17,SKU0051,139.0,0.0,14,134.0
2025-03-24,SKU0051,260.0,192.0,14,134.0
2025-03-31,SKU0051,202.0,0.0,14,134.0
2025-04-07,SKU0051,146.0,0.0,14,134.0
2025-04-14,SKU0051,77.0,0.0,14,134.0
2025-04-21,SKU0051,18.0,0.0,14,134.0
2025-04-28,SKU0051,0.0,201.0,14,134.0
2025-05-05,SKU0051,0.0,0.0,14,134.0
2025-05-12,SKU0051,0.0,0.0,14,134.0
2025-05-19,SKU0051,0.0,234.0,14,134.0
2025-05-26,SKU0051,0.0,0.0,14,134.0
2025-06-02,SKU0051,0.0,0.0,14,134.0
2025-06-09,SKU0051,226.0,226.0,14,134.0
2025-06-16,SKU0051,142.0,0.0,14,134.0
2025-06-23,SKU0051,72.0,209.0,14,134.0
2025-06-30,SKU0051,187.0,180.0,14,134.0
2025-07-07,SKU0051,132.0,0.0,14,134.0
2025-07-14,SKU0051,81.0,197.0,14,134.0
2025-07-21,SKU0051,36.0,163.0,14,134.0
2025-07-28,SKU0051,0.0,212.0,14,134.0
2025-08-04,SKU0051,0.0,0.0,14,134.0
2025-08-11,SKU0051,232.0,,14,134.0
2025-08-18,SKU0051,197.0,0.0,14,134.0
2025-08-25,SKU0051,162.0,0.0,14,134.0
2025-09-01,SKU0051,393.0,262.0,14,134.0
2025-09-08,SKU0051,365.0,0.0,14,134.0
2025-09-15,SKU0051,337.0,0.0,14,134.0
2025-09-22,SKU0051,307.0,,14,134.0
2025-09-29,SKU0051,281.0,0.0,14,134.0
2025-10-06,SKU0051,247.0,0.0,14,134.0
2025-10-13,SKU0051,211.0,0.0,14,134.0
2025-10-20,SKU0051,170.0,0.0,14,134.0
2025-10-27,SKU0051,125.0,0.0,14,134.0
2025-11-03,SKU0051,79.0,208.0,14,134.0
2025-11-10,SKU0051,33.0,0.0,14,134.0
2025-11-17,SKU0051,0.0,168.0,14,134.0
2025-11-24,SKU0051,0.0,0.0,14,134.0
2025-12-01,SKU0051,0.0,0.0,14,134.0
2025-12-08,SKU0051,0.0,0.0,14,134.0
2025-12-15,SKU0051,0.0,0.0,14,134.0
2025-12-22,SKU0051,0.0,257.0,14,134.0
2024-07-08,SKU0052,307.0,785.0,14,453.0
2024-07-15,SKU0052,152.0,0.0,14,453.0
2024-07-22,SKU0052,0.0,706.0,14,453.0
2024-07-29,SKU0052,0.0,0.0,14,453.0
2024-08-05,SKU0052,612.0,612.0,14,453.0
2024-08-12,SKU0052,474.0,0.0,14,453.0
2024-08-19,SKU0052,333.0,0.0,14,453.0
2024-08-26,SKU0052,218.0,879.0,14,453.0
2024-09-02,SKU0052,87.0,839.0,14,453.0
2024-09-09,SKU0052,0.0,823.0,14,453.0
2024-09-16,SKU0052,800.0,800.0,14,453.0
2024-09-23,SKU0052,697.0,,14,453.0
2024-09-30,SKU0052,584.0,0.0,14,453.0
2024-10-07,SKU0052,467.0,0.0,14,453.0
2024-10-14,SKU0052,1117.0,740.0,14,453.0
2024-10-21,SKU0052,992.0,0.0,14,453.0
2024-10-28,SKU0052,863.0,0.0,14,453.0
2024-11-04,SKU0052,715.0,0.0,14,453.0
2024-11-11,SKU0052,583.0,0.0,14,453.0
2024-11-18,SKU0052,431.0,798.0,14,453.0
2024-11-25,SKU0052,294.0,0.0,14,453.0
2024-12-02,SKU0052,937.0,809.0,14,453.0
2024-12-09,SKU0052,740.0,0.0,14,453.0
2024-12-16,SKU0052,579.0,0.0,14,453.0
2024-12-23,SKU0052,421.0,0.0,14,453.0
2024-12-30,SKU0052,236.0,0.0,14,453.0
2025-01-06,SKU0052,88.0,,14,453.0
2025-01-13,SKU0052,0.0,741.0,14,453.0
2025-01-20,SKU0052,705.0,705.0,14,453.0
2025-01-27,SKU0052,453.0,0.0,14,453.0
2025-02-03,SKU0052,227.0,0.0,14,453.0
2025-02-10,SKU0052,0.0,817.0,14,453.0
2025-02-17,SKU0052,0.0,0.0,14,453.0
2025-02-24,SKU0052,0.0,878.0,14,453.0
2025-03-03,SKU0052,0.0,826.0,14,453.0
2025-03-10,SKU0052,0.0,797.0,14,453.0
2025-03-17,SKU0052,787.0,787.0,14,453.0
2025-03-24,SKU0052,581.0,0.0,14,453.0
2025-03-31,SKU0052,368.0,0.0,14,453.0
2025-04-07,SKU0052,854.0,698.0,14,453.0
2025-04-14,SKU0052,660.0,0.0,14,453.0
2025-04-21,SKU0052,414.0,0.0,14,453.0
2025-04-28,SKU0052,194.0,804.0,14,453.0
2025-05-05,SKU0052,712.0,712.0,14,453.0
2025-05-12,SKU0052,509.0,0.0,14,453.0
2025-05-19,SKU0052,252.0,664.0,14,453.0
2025-05-26,SKU0052,2.0,581.0,14,453.0
2025-06-02,SKU0052,0.0,0.0,14,453.0
2025-06-09,SKU0052,0.0,801.0,14,453.0
2025-06-16,SKU0052,0.0,0.0,14,453.0
2025-06-23,SKU0052,0.0,771.0,14,453.0
2025-06-30,SKU0052,677.0,677.0,14,453.0
2025-07-07,SKU0052,494.0,0.0,14,453.0
2025-07-14,SKU0052,312.0,0.0,14,453.0
2025-07-21,SKU0052,160.0,574.0,14,453.0
2025-07-28,SKU0052,0.0,0.0,14,453.0
2025-08-04,SKU0052,0.0,0.0,14,453.0
2025-08-11,SKU0052,0.0,0.0,14,453.0
2025-08-18,SKU0052,0.0,606.0,14,453.0
2025-08-25,SKU0052,0.0,591.0,14,453.0
2025-09-01,SKU0052,0.0,0.0,14,453.0
2025-09-08,SKU0052,0.0,0.0,14,453.0
2025-09-15,SKU0052,0.0,904.0,14,453.0
2025-09-22,SKU0052,0.0,887.0,14,453.0
2025-09-29,SKU0052,0.0,0.0,14,453.0
2025-10-06,SKU0052,871.0,,14,453.0
2025-10-13,SKU0052,766.0,0.0,14,453.0
2025-10-20,SKU0052,649.0,0.0,14,453.0
2025-10-27,SKU0052,514.0,0.0,14,453.0
2025-11-03,SKU0052,368.0,0.0,14,453.0
2025-11-10,SKU0052,207.0,845.0,14,453.0
2025-11-17,SKU0052,20.0,905.0,14,453.0
2025-11-24,SKU0052,0.0,546.0,14,453.0
2025-12-01,SKU0052,0.0,875.0,14,453.0
2025-12-08,SKU0052,774.0,774.0,14,453.0
2025-12-15,SKU0052,589.0,0.0,14,453.0
2025-12-22,SKU0052,382.0,0.0,14,453.0
2025-04-21,SKU0053,186.0,3215.0,21,1673.0
2025-04-28,SKU0053,0.0,0.0,21,1673.0
2025-05-05,SKU0053,0.0,0.0,21,1673.0
2025-05-12,SKU0053,0.0,0.0,21,1673.0
2025-05-19,SKU0053,0.0,2579.0,21,1673.0
2025-05-26,SKU0053,0.0,0.0,21,1673.0
2025-06-02,SKU0053,0.0,2406.0,21,1673.0
2025-06-09,SKU0053,3206.0,3206.0,21,1673.0
2025-06-16,SKU0053,2589.0,0.0,21,1673.0
2025-06-23,SKU0053,1950.0,0.0,21,1673.0
2025-06-30,SKU0053,1420.0,2710.0,21,1673.0
2025-07-07,SKU0053,998.0,0.0,21,1673.0
2025-07-14,SKU0053,489.0,2537.0,21,1673.0
2025-07-21,SKU0053,86.0,0.0,21,1673.0
2025-07-28,SKU0053,0.0,3292.0,21,1673.0
2025-08-04,SKU0053,0.0,0.0,21,1673.0
2025-08-11,SKU0053,0.0,2947.0,21,1673.0
2025-08-18,SKU0053,0.0,0.0,21,1673.0
2025-08-25,SKU0053,0.0,2241.0,21,1673.0
2025-09-01,SKU0053,0.0,2527.0,21,1673.0
2025-09-08,SKU0053,0.0,2177.0,21,1673.0
2025-09-15,SKU0053,0.0,2171.0,21,1673.0
2025-09-22,SKU0053,0.0,2978.0,21,1673.0
2025-09-29,SKU0053,0.0,0.0,21,1673.0
2025-10-06,SKU0053,0.0,0.0,21,1673.0
2025-10-13,SKU0053,0.0,3183.0,21,1673.0
2025-10-20,SKU0053,0.0,2088.0,21,1673.0
2025-10-27,SKU0053,0.0,2687.0,21,1673.0
2025-11-03,SKU0053,0.0,0.0,21,1673.0
2025-11-10,SKU0053,2041.0,2041.0,21,1673.0
2025-11-17,SKU0053,1595.0,2953.0,21,1673.0
2025-11-24,SKU0053,1289.0,2296.0,21,1673.0
2025-12-01,SKU0053,833.0,3021.0,21,1673.0
2025-12-08,SKU0053,2838.0,2423.0,21,1673.0
2025-12-15,SKU0053,2388.0,0.0,21,1673.0
2025-12-22,SKU0053,1994.0,0.0,21,1673.0
2024-11-25,SKU0054,580.0,0.0,7,299.0
2024-12-02,SKU0054,308.0,0.0,7,299.0
2024-12-09,SKU0054,498.0,376.0,7,299.0
2024-12-16,SKU0054,303.0,0.0,7,299.0
2024-12-23,SKU0054,110.0,580.0,7,299.0
2024-12-30,SKU0054,0.0,0.0,7,299.0
2025-01-06,SKU0054,0.0,507.0,7,299.0
2025-01-13,SKU0054,551.0,,7,299.0
2025-01-20,SKU0054,347.0,0.0,7,299.0
2025-01-27,SKU0054,112.0,0.0,7,299.0
2025-02-03,SKU0054,586.0,586.0,7,299.0
2025-02-10,SKU0054,273.0,0.0,7,299.0
2025-02-17,SKU0054,623.0,591.0,7,299.0
2025-02-24,SKU0054,390.0,0.0,7,299.0
2025-03-03,SKU0054,554.0,427.0,7,299.0
2025-03-10,SKU0054,276.0,0.0,7,299.0
2025-03-17,SKU0054,25.0,497.0,7,299.0
2025-03-24,SKU0054,0.0,431.0,7,299.0
2025-03-31,SKU0054,0.0,0.0,7,299.0
2025-04-07,SKU0054,373.0,373.0,7,299.0
2025-04-14,SKU0054,112.0,0.0,7,299.0
2025-04-21,SKU0054,0.0,0.0,7,299.0
2025-04-28,SKU0054,0.0,0.0,7,299.0
2025-05-05,SKU0054,0.0,542.0,7,299.0
2025-05-12,SKU0054,0.0,0.0,7,299.0
2025-05-19,SKU0054,0.0,0.0,7,299.0
2025-05-26,SKU0054,0.0,0.0,7,299.0
2025-06-02,SKU0054,477.0,477.0,7,299.0
2025-06-09,SKU0054,724.0,540.0,7,299.0
2025-06-16,SKU0054,410.0,0.0,7,299.0
2025-06-23,SKU0054,108.0,516.0,7,299.0
2025-06-30,SKU0054,500.0,500.0,7,299.0
2025-07-07,SKU0054,720.0,449.0,7,299.0
2025-07-14,SKU0054,453.0,0.0,7,299.0
2025-07-21,SKU0054,189.0,396.0,7,299.0
2025-07-28,SKU0054,556.0,556.0,7,299.0
2025-08-04,SKU0054,370.0,0.0,7,299.0
2025-08-11,SKU0054,192.0,583.0,7,299.0
2025-08-18,SKU0054,8.0,0.0,7,299.0
2025-08-25,SKU0054,0.0,567.0,7,299.0
2025-09-01,SKU0054,0.0,0.0,7,299.0
2025-09-08,SKU0054,409.0,409.0,7,299.0
2025-09-15,SKU0054,245.0,0.0,7,299.0
2025-09-22,SKU0054,107.0,467.0,7,299.0
2025-09-29,SKU0054,0.0,451.0,7,299.0
2025-10-06,SKU0054,529.0,529.0,7,299.0
2025-10-13,SKU0054,392.0,0.0,7,299.0
2025-10-20,SKU0054,221.0,559.0,7,299.0
2025-10-27,SKU0054,31.0,0.0,7,299.0
2025-11-03,SKU0054,0.0,395.0,7,299.0
2025-11-10,SKU0054,0.0,477.0,7,299.0
2025-11-17,SKU0054,0.0,0.0,7,299.0
2025-11-24,SKU0054,0.0,0.0,7,299.0
2025-12-01,SKU0054,0.0,0.0,7,299.0
2025-12-08,SKU0054,0.0,0.0,7,299.0
2025-12-15,SKU0054,0.0,0.0,7,299.0
2025-12-22,SKU0054,0.0,521.0,7,299.0
2024-04-15,SKU0055,335.0,0.0,7,260.0
2024-04-22,SKU0055,429.0,,7,260.0
2024-04-29,SKU0055,180.0,455.0,7,260.0
2024-05-06,SKU0055,0.0,0.0,7,260.0
2024-05-13,SKU0055,0.0,0.0,7,260.0
2024-05-20,SKU0055,0.0,0.0,7,260.0
2024-05-27,SKU0055,0.0,0.0,7,260.0
2024-06-03,SKU0055,0.0,518.0,7,260.0
2024-06-10,SKU0055,0.0,0.0,7,260.0
2024-06-17,SKU0055,0.0,386.0,7,260.0
2024-06-24,SKU0055,318.0,318.0,7,260.0
2024-07-01,SKU0055,111.0,485.0,7,260.0
2024-07-08,SKU0055,0.0,0.0,7,260.0
2024-07-15,SKU0055,0.0,0.0,7,260.0
2024-07-22,SKU0055,0.0,0.0,7,260.0
2024-07-29,SKU0055,378.0,378.0,7,260.0
2024-08-05,SKU0055,247.0,459.0,7,260.0
2024-08-12,SKU0055,482.0,397.0,7,260.0
2024-08-19,SKU0055,360.0,0.0,7,260.0
2024-08-26,SKU0055,226.0,340.0,7,260.0
2024-09-02,SKU0055,99.0,0.0,7,260.0
2024-09-09,SKU0055,0.0,502.0,7,260.0
2024-09-16,SKU0055,0.0,0.0,7,260.0
2024-09-23,SKU0055,459.0,459.0,7,260.0
2024-09-30,SKU0055,350.0,0.0,7,260.0
2024-10-07,SKU0055,210.0,426.0,7,260.0
2024-10-14,SKU0055,463.0,377.0,7,260.0
2024-10-21,SKU0055,336.0,0.0,7,260.0
2024-10-28,SKU0055,141.0,0.0,7,260.0
2024-11-04,SKU0055,0.0,0.0,7,260.0
2024-11-11,SKU0055,328.0,328.0,7,260.0
2024-11-18,SKU0055,121.0,366.0,7,260.0
2024-11-25,SKU0055,0.0,405.0,7,260.0
2024-12-02,SKU0055,0.0,459.0,7,260.0
2024-12-09,SKU0055,0.0,0.0,7,260.0
2024-12-16,SKU0055,0.0,0.0,7,260.0
2024-12-23,SKU0055,0.0,0.0,7,260.0
2024-12-30,SKU0055,0.0,407.0,7,260.0
2025-01-06,SKU0055,0.0,0.0,7,260.0
2025-01-13,SKU0055,0.0,0.0,7,260.0
2025-01-20,SKU0055,0.0,351.0,7,260.0
2025-01-27,SKU0055,0.0,484.0,7,260.0
2025-02-03,SKU0055,396.0,396.0,7,260.0
2025-02-10,SKU0055,398.0,337.0,7,260.0
2025-02-17,SKU0055,159.0,0.0,7,260.0
2025-02-24,SKU0055,0.0,0.0,7,260.0
2025-03-03,SKU0055,0.0,0.0,7,260.0
2025-03-10,SKU0055,401.0,401.0,7,260.0
2025-03-17,SKU0055,464.0,334.0,7,260.0
2025-03-24,SKU0055,180.0,0.0,7,260.0
2025-03-31,SKU0055,0.0,402.0,7,260.0
2025-04-07,SKU0055,317.0,317.0,7,260.0
2025-04-14,SKU0055,47.0,0.0,7,260.0
2025-04-21,SKU0055,0.0,493.0,7,260.0
2025-04-28,SKU0055,0.0,0.0,7,260.0
2025-05-05,SKU0055,0.0,432.0,7,260.0
2025-05-12,SKU0055,0.0,0.0,7,260.0
2025-05-19,SKU0055,0.0,0.0,7,260.0
2025-05-26,SKU0055,0.0,0.0,7,260.0
2025-06-02,SKU0055,0.0,475.0,7,260.0
2025-06-09,SKU0055,403.0,403.0,7,260.0
2025-06-16,SKU0055,110.0,0.0,7,260.0
2025-06-23,SKU0055,460.0,460.0,7,260.0
2025-06-30,SKU0055,225.0,0.0,7,260.0
2025-07-07,SKU0055,4.0,0.0,7,260.0
2025-07-14,SKU0055,0.0,0.0,7,260.0
2025-07-21,SKU0055,0.0,0.0,7,260.0
2025-07-28,SKU0055,0.0,344.0,7,260.0
2025-08-04,SKU0055,331.0,331.0,7,260.0
2025-08-11,SKU0055,187.0,475.0,7,260.0
2025-08-18,SKU0055,24.0,504.0,7,260.0
2025-08-25,SKU0055,0.0,442.0,7,260.0
2025-09-01,SKU0055,399.0,399.0,7,260.0
2025-09-08,SKU0055,259.0,0.0,7,260.0
2025-09-15,SKU0055,128.0,455.0,7,260.0
2025-09-22,SKU0055,0.0,0.0,7,260.0
2025-09-29,SKU0055,0.0,358.0,7,260.0
2025-10-06,SKU0055,0.0,421.0,7,260.0
2025-10-13,SKU0055,0.0,0.0,7,260.0
2025-10-20,SKU0055,0.0,0.0,7,260.0
2025-10-27,SKU0055,0.0,0.0,7,260.0
2025-11-03,SKU0055,0.0,0.0,7,260.0
2025-11-10,SKU0055,0.0,0.0,7,260.0
2025-11-17,SKU0055,348.0,348.0,7,260.0
2025-11-24,SKU0055,203.0,515.0,7,260.0
2025-12-01,SKU0055,0.0,0.0,7,260.0
2025-12-08,SKU0055,0.0,340.0,7,260.0
2025-12-15,SKU0055,0.0,0.0,7,260.0
2025-12-22,SKU0055,0.0,443.0,7,260.0
2024-12-30,SKU0056,274.0,0.0,14,489.0
2025-01-06,SKU0056,103.0,0.0,14,489.0
2025-01-13,SKU0056,638.0,638.0,14,489.0
2025-01-20,SKU0056,366.0,693.0,14,489.0
2025-01-27,SKU0056,93.0,0.0,14,489.0
2025-02-03,SKU0056,0.0,935.0,14,489.0
2025-02-10,SKU0056,0.0,949.0,14,489.0
2025-02-17,SKU0056,0.0,0.0,14,489.0
2025-02-24,SKU0056,0.0,723.0,14,489.0
2025-03-03,SKU0056,0.0,911.0,14,489.0
2025-03-10,SKU0056,0.0,678.0,14,489.0
2025-03-17,SKU0056,0.0,910.0,14,489.0
2025-03-24,SKU0056,896.0,896.0,14,489.0
2025-03-31,SKU0056,670.0,0.0,14,489.0
2025-04-07,SKU0056,1255.0,792.0,14,489.0
2025-04-14,SKU0056,1069.0,0.0,14,489.0
2025-04-21,SKU0056,873.0,0.0,14,489.0
2025-04-28,SKU0056,659.0,0.0,14,489.0
2025-05-05,SKU0056,462.0,0.0,14,489.0
2025-05-12,SKU0056,262.0,0.0,14,489.0
2025-05-19,SKU0056,61.0,0.0,14,489.0
2025-05-26,SKU0056,0.0,0.0,14,489.0
2025-06-02,SKU0056,0.0,823.0,14,489.0
2025-06-09,SKU0056,0.0,0.0,14,489.0
2025-06-16,SKU0056,0.0,0.0,14,489.0
2025-06-23,SKU0056,955.0,955.0,14,489.0
2025-06-30,SKU0056,711.0,0.0,14,489.0
2025-07-07,SKU0056,527.0,0.0,14,489.0
2025-07-14,SKU0056,957.0,615.0,14,489.0
2025-07-21,SKU0056,780.0,0.0,14,489.0
2025-07-28,SKU0056,630.0,0.0,14,489.0
2025-08-04,SKU0056,1419.0,949.0,14,489.0
2025-08-11,SKU0056,1244.0,0.0,14,489.0
2025-08-18,SKU0056,1084.0,0.0,14,489.0
2025-08-25,SKU0056,940.0,0.0,14,489.0
2025-09-01,SKU0056,799.0,0.0,14,489.0
2025-09-08,SKU0056,676.0,0.0,14,489.0
2025-09-15,SKU0056,540.0,0.0,14,489.0
2025-09-22,SKU0056,419.0,679.0,14,489.0
2025-09-29,SKU0056,1127.0,832.0,14,489.0
2025-10-06,SKU0056,1023.0,0.0,14,489.0
2025-10-13,SKU0056,895.0,0.0,14,489.0
2025-10-20,SKU0056,789.0,0.0,14,489.0
2025-10-27,SKU0056,646.0,0.0,14,489.0
2025-11-03,SKU0056,496.0,0.0,14,489.0
2025-11-10,SKU0056,337.0,0.0,14,489.0
2025-11-17,SKU0056,149.0,0.0,14,489.0
2025-11-24,SKU0056,971.0,968.0,14,489.0
2025-12-01,SKU0056,808.0,0.0,14,489.0
2025-12-08,SKU0056,648.0,0.0,14,489.0
2025-12-15,SKU0056,481.0,774.0,14,489.0
2025-12-22,SKU0056,298.0,0.0,14,489.0
2024-10-28,SKU0057,96.0,358.0,14,235.0
2024-11-04,SKU0057,0.0,453.0,14,235.0
2024-11-11,SKU0057,0.0,320.0,14,235.0
2024-11-18,SKU0057,339.0,339.0,14,235.0
2024-11-25,SKU0057,275.0,0.0,14,235.0
2024-12-02,SKU0057,190.0,455.0,14,235.0
2024-12-09,SKU0057,108.0,0.0,14,235.0
2024-12-16,SKU0057,22.0,291.0,14,235.0
2024-12-23,SKU0057,0.0,0.0,14,235.0
2024-12-30,SKU0057,0.0,0.0,14,235.0
2025-01-06,SKU0057,0.0,0.0,14,235.0
2025-01-13,SKU0057,0.0,451.0,14,235.0
2025-01-20,SKU0057,0.0,0.0,14,235.0
2025-01-27,SKU0057,0.0,287.0,14,235.0
2025-02-03,SKU0057,0.0,0.0,14,235.0
2025-02-10,SKU0057,0.0,404.0,14,235.0
2025-02-17,SKU0057,0.0,0.0,14,235.0
2025-02-24,SKU0057,0.0,0.0,14,235.0
2025-03-03,SKU0057,0.0,343.0,14,235.0
2025-03-10,SKU0057,0.0,0.0,14,235.0
2025-03-17,SKU0057,396.0,396.0,14,235.0
2025-03-24,SKU0057,282.0,0.0,14,235.0
2025-03-31,SKU0057,614.0,429.0,14,235.0
2025-04-07,SKU0057,530.0,0.0,14,235.0
2025-04-14,SKU0057,423.0,0.0,14,235.0
2025-04-21,SKU0057,329.0,0.0,14,235.0
2025-04-28,SKU0057,200.0,467.0,14,235.0
2025-05-05,SKU0057,417.0,334.0,14,235.0
2025-05-12,SKU0057,310.0,0.0,14,235.0
2025-05-19,SKU0057,197.0,0.0,14,235.0
2025-05-26,SKU0057,92.0,0.0,14,235.0
2025-06-02,SKU0057,376.0,374.0,14,235.0
2025-06-09,SKU0057,235.0,0.0,14,235.0
2025-06-16,SKU0057,537.0,421.0,14,235.0
2025-06-23,SKU0057,419.0,0.0,14,235.0
2025-06-30,SKU0057,308.0,0.0,14,235.0
2025-07-07,SKU0057,228.0,0.0,14,235.0
2025-07-14,SKU0057,455.0,321.0,14,235.0
2025-07-21,SKU0057,363.0,0.0,14,235.0
2025-07-28,SKU0057,290.0,0.0,14,235.0
2025-08-04,SKU0057,224.0,303.0,14,235.0
2025-08-11,SKU0057,160.0,287.0,14,235.0
2025-08-18,SKU0057,83.0,293.0,14,235.0
2025-08-25,SKU0057,14.0,380.0,14,235.0
2025-09-01,SKU0057,0.0,461.0,14,235.0
2025-09-08,SKU0057,0.0,294.0,14,235.0
2025-09-15,SKU0057,0.0,0.0,14,235.0
2025-09-22,SKU0057,0.0,0.0,14,235.0
2025-09-29,SKU0057,0.0,0.0,14,235.0
2025-10-06,SKU0057,0.0,394.0,14,235.0
2025-10-13,SKU0057,0.0,,14,235.0
2025-10-20,SKU0057,0.0,0.0,14,235.0
2025-10-27,SKU0057,322.0,322.0,14,235.0
2025-11-03,SKU0057,244.0,0.0,14,235.0
2025-11-10,SKU0057,154.0,384.0,14,235.0
2025-11-17,SKU0057,60.0,0.0,14,235.0
2025-11-24,SKU0057,0.0,321.0,14,235.0
2025-12-01,SKU0057,466.0,466.0,14,235.0
2025-12-08,SKU0057,381.0,0.0,14,235.0
2025-12-15,SKU0057,301.0,0.0,14,235.0
2025-12-22,SKU0057,216.0,314.0,14,235.0
2024-02-19,SKU0058,1023.0,1002.0,10,717.0
2024-02-26,SKU0058,599.0,957.0,10,717.0
2024-03-04,SKU0058,144.0,0.0,10,717.0
2024-03-11,SKU0058,0.0,1120.0,10,717.0
2024-03-18,SKU0058,1312.0,1312.0,10,717.0
2024-03-25,SKU0058,824.0,0.0,10,717.0
2024-04-01,SKU0058,304.0,1094.0,10,717.0
2024-04-08,SKU0058,0.0,0.0,10,717.0
2024-04-15,SKU0058,0.0,1313.0,10,717.0
2024-04-22,SKU0058,0.0,1358.0,10,717.0
2024-04-29,SKU0058,0.0,1157.0,10,717.0
2024-05-06,SKU0058,0.0,1328.0,10,717.0
2024-05-13,SKU0058,0.0,1097.0,10,717.0
2024-05-20,SKU0058,0.0,1204.0,10,717.0
2024-05-27,SKU0058,0.0,950.0,10,717.0
2024-06-03,SKU0058,0.0,0.0,10,717.0
2024-06-10,SKU0058,0.0,1119.0,10,717.0
2024-06-17,SKU0058,0.0,896.0,10,717.0
2024-06-24,SKU0058,0.0,1119.0,10,717.0
2024-07-01,SKU0058,0.0,0.0,10,717.0
2024-07-08,SKU0058,0.0,0.0,10,717.0
2024-07-15,SKU0058,0.0,0.0,10,717.0
2024-07-22,SKU0058,0.0,1424.0,10,717.0
2024-07-29,SKU0058,0.0,0.0,10,717.0
2024-08-05,SKU0058,0.0,919.0,10,717.0
2024-08-12,SKU0058,0.0,0.0,10,717.0
2024-08-19,SKU0058,0.0,957.0,10,717.0
2024-08-26,SKU0058,0.0,0.0,10,717.0
2024-09-02,SKU0058,0.0,0.0,10,717.0
2024-09-09,SKU0058,0.0,0.0,10,717.0
2024-09-16,SKU0058,0.0,0.0,10,717.0
2024-09-23,SKU0058,0.0,1024.0,10,717.0
2024-09-30,SKU0058,0.0,0.0,10,717.0
2024-10-07,SKU0058,0.0,0.0,10,717.0
2024-10-14,SKU0058,1083.0,1083.0,10,717.0
2024-10-21,SKU0058,797.0,0.0,10,717.0
2024-10-28,SKU0058,483.0,,10,717.0
2024-11-04,SKU0058,1161.0,1024.0,10,717.0
2024-11-11,SKU0058,814.0,0.0,10,717.0
2024-11-18,SKU0058,476.0,0.0,10,717.0
2024-11-25,SKU0058,1324.0,1110.0,10,717.0
2024-12-02,SKU0058,1026.0,0.0,10,717.0
2024-12-09,SKU0058,675.0,0.0,10,717.0
2024-12-16,SKU0058,276.0,1269.0,10,717.0
2024-12-23,SKU0058,0.0,0.0,10,717.0
2024-12-30,SKU0058,0.0,0.0,10,717.0
2025-01-06,SKU0058,0.0,1008.0,10,717.0
2025-01-13,SKU0058,0.0,,10,717.0
2025-01-20,SKU0058,1411.0,1411.0,10,717.0
2025-01-27,SKU0058,926.0,0.0,10,717.0
2025-02-03,SKU0058,1790.0,1277.0,10,717.0
2025-02-10,SKU0058,1312.0,0.0,10,717.0
2025-02-17,SKU0058,926.0,0.0,10,717.0
2025-02-24,SKU0058,1527.0,1046.0,10,717.0
2025-03-03,SKU0058,1059.0,0.0,10,717.0
2025-03-10,SKU0058,560.0,966.0,10,717.0
2025-03-17,SKU0058,103.0,1005.0,10,717.0
2025-03-24,SKU0058,0.0,1026.0,10,717.0
2025-03-31,SKU0058,0.0,1297.0,10,717.0
2025-04-07,SKU0058,0.0,1280.0,10,717.0
2025-04-14,SKU0058,0.0,0.0,10,717.0
2025-04-21,SKU0058,0.0,1041.0,10,717.0
2025-04-28,SKU0058,0.0,1064.0,10,717.0
2025-05-05,SKU0058,1276.0,1276.0,10,717.0
2025-05-12,SKU0058,794.0,0.0,10,717.0
2025-05-19,SKU0058,329.0,0.0,10,717.0
2025-05-26,SKU0058,1154.0,1154.0,10,717.0
2025-06-02,SKU0058,1862.0,1170.0,10,717.0
2025-06-09,SKU0058,1399.0,0.0,10,717.0
2025-06-16,SKU0058,850.0,0.0,10,717.0
2025-06-23,SKU0058,377.0,0.0,10,717.0
2025-06-30,SKU0058,0.0,0.0,10,717.0
2025-07-07,SKU0058,0.0,0.0,10,717.0
2025-07-14,SKU0058,0.0,899.0,10,717.0
2025-07-21,SKU0058,0.0,0.0,10,717.0
2025-07-28,SKU0058,0.0,1140.0,10,717.0
2025-08-04,SKU0058,0.0,0.0,10,717.0
2025-08-11,SKU0058,954.0,954.0,10,717.0
2025-08-18,SKU0058,655.0,0.0,10,717.0
2025-08-25,SKU0058,1433.0,1074.0,10,717.0
2025-09-01,SKU0058,1165.0,0.0,10,717.0
2025-09-08,SKU0058,860.0,0.0,10,717.0
2025-09-15,SKU0058,582.0,0.0,10,717.0
2025-09-22,SKU0058,1235.0,906.0,10,717.0
2025-09-29,SKU0058,960.0,0.0,10,717.0
2025-10-06,SKU0058,708.0,1192.0,10,717.0
2025-10-13,SKU0058,421.0,0.0,10,717.0
2025-10-20,SKU0058,134.0,0.0,10,717.0
2025-10-27,SKU0058,1411.0,1411.0,10,717.0
2025-11-03,SKU0058,1094.0,0.0,10,717.0
2025-11-10,SKU0058,768.0,0.0,10,717.0
2025-11-17,SKU0058,430.0,893.0,10,717.0
2025-11-24,SKU0058,53.0,0.0,10,717.0
2025-12-01,SKU0058,1326.0,1326.0,10,717.0
2025-12-08,SKU0058,955.0,0.0,10,717.0
2025-12-15,SKU0058,1879.0,1315.0,10,717.0
2025-12-22,SKU0058,1423.0,0.0,10,717.0
2024-09-23,SKU0059,737.0,0.0,21,2090.0
2024-09-30,SKU0059,2943.0,2551.0,21,2090.0
2024-10-07,SKU0059,2627.0,0.0,21,2090.0
2024-10-14,SKU0059,2281.0,0.0,21,2090.0
2024-10-21,SKU0059,1947.0,3268.0,21,2090.0
2024-10-28,SKU0059,4059.0,2573.0,21,2090.0
2024-11-04,SKU0059,3575.0,0.0,21,2090.0
2024-11-11,SKU0059,3174.0,0.0,21,2090.0
2024-11-18,SKU0059,2701.0,0.0,21,2090.0
2024-11-25,SKU0059,2226.0,0.0,21,2090.0
2024-12-02,SKU0059,5403.0,3669.0,21,2090.0
2024-12-09,SKU0059,4862.0,0.0,21,2090.0
2024-12-16,SKU0059,4405.0,0.0,21,2090.0
2024-12-23,SKU0059,3912.0,0.0,21,2090.0
2024-12-30,SKU0059,3481.0,0.0,21,2090.0
2025-01-06,SKU0059,2991.0,0.0,21,2090.0
2025-01-13,SKU0059,2536.0,0.0,21,2090.0
2025-01-20,SKU0059,1846.0,2905.0,21,2090.0
2025-01-27,SKU0059,1234.0,3528.0,21,2090.0
2025-02-03,SKU0059,568.0,0.0,21,2090.0
2025-02-10,SKU0059,3884.0,3884.0,21,2090.0
2025-02-17,SKU0059,3126.0,0.0,21,2090.0
2025-02-24,SKU0059,2481.0,0.0,21,2090.0
2025-03-03,SKU0059,1833.0,3095.0,21,2090.0
2025-03-10,SKU0059,1230.0,3770.0,21,2090.0
2025-03-17,SKU0059,529.0,0.0,21,2090.0
2025-03-24,SKU0059,0.0,3235.0,21,2090.0
2025-03-31,SKU0059,0.0,2688.0,21,2090.0
2025-04-07,SKU0059,0.0,2782.0,21,2090.0
2025-04-14,SKU0059,0.0,3716.0,21,2090.0
2025-04-21,SKU0059,3168.0,3168.0,21,2090.0
2025-04-28,SKU0059,2405.0,0.0,21,2090.0
2025-05-05,SKU0059,1639.0,0.0,21,2090.0
2025-05-12,SKU0059,919.0,2915.0,21,2090.0
2025-05-19,SKU0059,202.0,3717.0,21,2090.0
2025-05-26,SKU0059,0.0,3276.0,21,2090.0
2025-06-02,SKU0059,0.0,3983.0,21,2090.0
2025-06-09,SKU0059,0.0,2650.0,21,2090.0
2025-06-16,SKU0059,0.0,3963.0,21,2090.0
2025-06-23,SKU0059,0.0,4078.0,21,2090.0
2025-06-30,SKU0059,0.0,0.0,21,2090.0
2025-07-07,SKU0059,0.0,,21,2090.0
2025-07-14,SKU0059,0.0,0.0,21,2090.0
2025-07-21,SKU0059,0.0,3696.0,21,2090.0
2025-07-28,SKU0059,0.0,3062.0,21,2090.0
2025-08-04,SKU0059,0.0,3728.0,21,2090.0
2025-08-11,SKU0059,0.0,2829.0,21,2090.0
2025-08-18,SKU0059,3014.0,3014.0,21,2090.0
2025-08-25,SKU0059,2642.0,0.0,21,2090.0
2025-09-01,SKU0059,2278.0,0.0,21,2090.0
2025-09-08,SKU0059,1846.0,3701.0,21,2090.0
2025-09-15,SKU0059,1440.0,0.0,21,2090.0
2025-09-22,SKU0059,1074.0,3474.0,21,2090.0
2025-09-29,SKU0059,742.0,0.0,21,2090.0
2025-10-06,SKU0059,323.0,3234.0,21,2090.0
2025-10-13,SKU0059,0.0,3690.0,21,2090.0
2025-10-20,SKU0059,0.0,3771.0,21,2090.0
2025-10-27,SKU0059,3844.0,3844.0,21,2090.0
2025-11-03,SKU0059,3420.0,0.0,21,2090.0
2025-11-10,SKU0059,2950.0,0.0,21,2090.0
2025-11-17,SKU0059,2528.0,0.0,21,2090.0
2025-11-24,SKU0059,2103.0,0.0,21,2090.0
2025-12-01,SKU0059,1586.0,0.0,21,2090.0
2025-12-08,SKU0059,1089.0,3602.0,21,2090.0
2025-12-15,SKU0059,4576.0,4084.0,21,2090.0
2025-12-22,SKU0059,3993.0,0.0,21,2090.0
2024-03-04,SKU0060,433.0,1601.0,21,878.0
2024-03-11,SKU0060,153.0,1615.0,21,878.0
2024-03-18,SKU0060,0.0,1321.0,21,878.0
2024-03-25,SKU0060,0.0,1427.0,21,878.0
2024-04-01,SKU0060,0.0,0.0,21,878.0
2024-04-08,SKU0060,0.0,0.0,21,878.0
2024-04-15,SKU0060,0.0,0.0,21,878.0
2024-04-22,SKU0060,0.0,1116.0,21,878.0
2024-04-29,SKU0060,0.0,1463.0,21,878.0
2024-05-06,SKU0060,0.0,1744.0,21,878.0
2024-05-13,SKU0060,0.0,0.0,21,878.0
2024-05-20,SKU0060,0.0,0.0,21,878.0
2024-05-27,SKU0060,0.0,0.0,21,878.0
2024-06-03,SKU0060,0.0,0.0,21,878.0
2024-06-10,SKU0060,0.0,0.0,21,878.0
2024-06-17,SKU0060,1642.0,1642.0,21,878.0
2024-06-24,SKU0060,1366.0,0.0,21,878.0
2024-07-01,SKU0060,1059.0,0.0,21,878.0
2024-07-08,SKU0060,833.0,1422.0,21,878.0
2024-07-15,SKU0060,631.0,1578.0,21,878.0
2024-07-22,SKU0060,455.0,1203.0,21,878.0
2024-07-29,SKU0060,287.0,1686.0,21,878.0
2024-08-05,SKU0060,141.0,0.0,21,878.0
2024-08-12,SKU0060,0.0,,21,878.0
2024-08-19,SKU0060,0.0,1098.0,21,878.0
2024-08-26,SKU0060,0.0,1662.0,21,878.0
2024-09-02,SKU0060,0.0,1669.0,21,878.0
2024-09-09,SKU0060,0.0,0.0,21,878.0
2024-09-16,SKU0060,0.0,1581.0,21,878.0
2024-09-23,SKU0060,1577.0,1577.0,21,878.0
2024-09-30,SKU0060,1442.0,0.0,21,878.0
2024-10-07,SKU0060,1299.0,0.0,21,878.0
2024-10-14,SKU0060,1154.0,0.0,21,878.0
2024-10-21,SKU0060,1040.0,0.0,21,878.0
2024-10-28,SKU0060,2400.0,1547.0,21,878.0
2024-11-04,SKU0060,2241.0,0.0,21,878.0
2024-11-11,SKU0060,2054.0,0.0,21,878.0
2024-11-18,SKU0060,1861.0,0.0,21,878.0
2024-11-25,SKU0060,1695.0,0.0,21,878.0
2024-12-02,SKU0060,1512.0,0.0,21,878.0
2024-12-09,SKU0060,1294.0,0.0,21,878.0
2024-12-16,SKU0060,1110.0,0.0,21,878.0
2024-12-23,SKU0060,907.0,0.0,21,878.0
2024-12-30,SKU0060,737.0,1162.0,21,878.0
2025-01-06,SKU0060,510.0,1703.0,21,878.0
2025-01-13,SKU0060,317.0,0.0,21,878.0
2025-01-20,SKU0060,52.0,1597.0,21,878.0
2025-01-27,SKU0060,0.0,1105.0,21,878.0
2025-02-03,SKU0060,1436.0,1436.0,21,878.0
2025-02-10,SKU0060,1173.0,0.0,21,878.0
2025-02-17,SKU0060,929.0,,21,878.0
2025-02-24,SKU0060,641.0,0.0,21,878.0
2025-03-03,SKU0060,381.0,0.0,21,878.0
2025-03-10,SKU0060,1608.0,1526.0,21,878.0
2025-03-17,SKU0060,1289.0,0.0,21,878.0
2025-03-24,SKU0060,1023.0,0.0,21,878.0
2025-03-31,SKU0060,753.0,,21,878.0
2025-04-07,SKU0060,448.0,1518.0,21,878.0
2025-04-14,SKU0060,1508.0,1331.0,21,878.0
2025-04-21,SKU0060,1194.0,0.0,21,878.0
2025-04-28,SKU0060,886.0,0.0,21,878.0
2025-05-05,SKU0060,637.0,0.0,21,878.0
2025-05-12,SKU0060,356.0,1202.0,21,878.0
2025-05-19,SKU0060,54.0,0.0,21,878.0
2025-05-26,SKU0060,0.0,0.0,21,878.0
2025-06-02,SKU0060,0.0,1426.0,21,878.0
2025-06-09,SKU0060,1063.0,1063.0,21,878.0
2025-06-16,SKU0060,735.0,0.0,21,878.0
2025-06-23,SKU0060,401.0,0.0,21,878.0
2025-06-30,SKU0060,102.0,0.0,21,878.0
2025-07-07,SKU0060,0.0,1719.0,21,878.0
2025-07-14,SKU0060,1374.0,1374.0,21,878.0
2025-07-21,SKU0060,1159.0,0.0,21,878.0
2025-07-28,SKU0060,950.0,0.0,21,878.0
2025-08-04,SKU0060,2390.0,1643.0,21,878.0
2025-08-11,SKU0060,2186.0,0.0,21,878.0
2025-08-18,SKU0060,2012.0,0.0,21,878.0
2025-08-25,SKU0060,1838.0,0.0,21,878.0
2025-09-01,SKU0060,1652.0,0.0,21,878.0
2025-09-08,SKU0060,1488.0,0.0,21,878.0
2025-09-15,SKU0060,1325.0,0.0,21,878.0
2025-09-22,SKU0060,1151.0,,21,878.0
2025-09-29,SKU0060,999.0,0.0,21,878.0
2025-10-06,SKU0060,840.0,1235.0,21,878.0
2025-10-13,SKU0060,683.0,1648.0,21,878.0
2025-10-20,SKU0060,511.0,0.0,21,878.0
2025-10-27,SKU0060,307.0,0.0,21,878.0
2025-11-03,SKU0060,112.0,0.0,21,878.0
2025-11-10,SKU0060,1573.0,1573.0,21,878.0
2025-11-17,SKU0060,1334.0,0.0,21,878.0
2025-11-24,SKU0060,1166.0,0.0,21,878.0
2025-12-01,SKU0060,948.0,0.0,21,878.0
2025-12-08,SKU0060,1929.0,1164.0,21,878.0
2025-12-15,SKU0060,1728.0,0.0,21,878.0
2025-12-22,SKU0060,1547.0,0.0,21,878.0
